"Specie\Loci","1-Thelocactus bicolor chloroplast matK gene and partial tRNA-Lys intron isolate CHB54","2-Echinocereus coccineus voucher Sanchez 64 (MEXU) ribosomal protein L16 (rpl16) gene partial cds; chloroplast","3-Echinocereus laui voucher Sanchez 33 (MEXU) tRNA-Leu (trnL) gene and trnL-trnF intergenic spacer partial sequence; chloroplast","4-UNVERIFIED: Cephalocereus apicicephalium voucher SA_1257 PsbA and psbA-trnH intergenic spacer partial sequence; chloroplast","22-ITS","5-Echinopsis lageniformis voucher B.O.Schlumpberger x39 (M) trnS(GCU)-trnG(UUC) intergenic spacer partial sequence; chloroplast","6-Brasiliopuntia brasiliensis voucher DBG:0559 atpB-rbcL intergenic spacer partial sequence; chloroplast","7-Echinocactus platyacanthus phytochrome C (PHYC) gene partial cds","8-UNVERIFIED: Cephalocereus senilis voucher SA_1417-a trnQ-rps16 intergenic spacer region partial sequence; chloroplast","9-Eriosyce umadeave rpl32-trnL intergenic spacer partial sequence; chloroplast","10-Opuntia wilcoxii tRNA-Leu (trnL) gene partial sequence; trnL-trnF intergenic spacer complete sequence; and tRNA-Phe (trnF) gene partial sequence; chloroplast","11-Turbinicarpus viereckii phosphoenolpyruvate carboxylase and phosphoenolpyruvate carboxylase-like genes partial sequence","12-Echinocereus metornii voucher Sanchez 83 (MEXU) ribulose-15-bisphosphate carboxylase/oxygenase large subunit (rbcL) gene partial cds; chloroplast","13-Pilosocereus bohlei strain S35M11 petL-psbE intergenic spacer region partial sequence; chloroplast","14-Schlumbergera truncata chloroplast ribulose-15-bisphosphate carboxylase/oxygenase large subunit (rbcL) gene partial cds","15-Opuntia repens voucher 3837 maturase K (matK) gene partial cds; chloroplast","16-Cereus saddianus isolate S103D1DT photosystem II protein D2 (psbD) gene partial cds; and psbD-trnT intergenic spacer partial sequence; chloroplast","17-Gymnocalycium paraguayense trnK-rps16 intergenic spacer and rps16 gene partial sequence; plastid","18-Disocactus crenatus isolate 12b Ycf1 (ycf1) gene partial cds; chloroplast","19-Opuntia schumannii voucher DBG:0362 PsbJ (psbJ) gene partial cds; and psbJ-petA intergenic spacer partial sequence; chloroplast","20-Tunilla corrugata voucher 0006 ndhF-rpl32 intergenic spacer partial sequence; chloroplast","21-Echinopsis schickendantzii voucher A.R. Franck 2312 (USF) atpB-rbcL intergenic spacer partial sequence; plastid",
"154401-Leuenbergeria guamacho",AY015275.1,AY851596.1,"-",AY851570.1,"-","-","-",AY875291.1,"-","-","-","-","-","-",AY875242.1,"-","-","-","-","-","-","-",
"154402-Pereskia stenantha",AY015276.1,AY851606.1,"-",AY851580.1,"-","-","-",AY875295.1,"-","-","-","-","-","-",AY875244.1,"-","-","-","-","-","-","-",
"154403-Leuenbergeria zinniiflora",AY015277.1,AY851597.1,"-",AY851571.1,"-","-","-",AY875290.1,"-","-","-","-","-","-",AY875237.1,"-","-","-","-","-","-","-",
"154407-Opuntia quimilo",AY015279.1,"-","-","-",JF786988.1,"-",JF787267.1,"-","-","-",JF712804.1,JN387248.1,"-","-","-","-","-","-","-",JF787569.1,JF787421.1,"-",
"154408-Pereskiopsis diguetii",AY015280.1,"-","-","-",HQ872535.1,"-",LN871113.1,HQ621113.1,"-","-","-","-","-","-",HQ621339.1,"-","-",HQ621579.1,"-","-","-","-",
"146122-Maihuenia patagonica",AY015281.1,HM041447.1,HM041293.1,AY875342.1,L78031.1,"-","-",AY875303.1,"-","-","-","-","-","-",AY875245.1,"-","-","-","-","-","-","-",
"106974-Maihuenia poeppigii",AY015282.1,AY851609.1,"-",AY851583.1,L78091.1,"-","-",AY875309.1,"-","-","-","-","-","-",HQ621336.1,"-","-",HQ621575.1,"-","-","-","-",
"154411-Blossfeldia liliputana",AY015284.1,HM041389.1,HM041234.1,LN867891.1,AY064349.1,"-","-",AY875301.1,"-","-","-",HM041543.1,"-","-",AY875232.1,"-","-",HQ621573.1,LN868092.1,"-","-","-",
"154413-Frailea gracillima",AY015285.1,"-","-","-","-","-","-","-","-","-","-","-","-","-","-","-","-","-","-","-","-","-",
"154414-Frailea phaeodisca",AY015286.1,"-","-","-","-","-","-","-","-","-","-","-","-","-","-","-","-","-","-","-","-","-",
"130113-Echinocactus platyacanthus",AY015287.1,HM041413.1,HM041259.1,AY875327.1,"-","-",MH129819.1,AY875294.1,"-","-","-",HM041641.1,"-","-",AY875215.1,"-","-","-","-","-","-","-",
"130144-Mammillaria haageana",AY015289.1,AY545268.1,"-",AY545385.1,"-","-","-","-","-","-","-","-","-","-","-","-","-","-","-","-","-","-",
"130101-Aztekium ritteri",AY015290.1,AF267923.1,"-",MH129844.1,"-","-",MH129811.1,HQ621080.1,"-","-","-","-","-","-","-","-","-","-","-","-","-","-",
"130105-Calymmanthium substerile",AY015291.1,DQ099995.1,DQ099926.1,AY851588.1,HQ727804.1,"-","-",AY875314.1,FN677924.1,LN868012.1,"-","-","-","-",FR853389.1,"-","-","-",LN868106.1,"-","-","-",
"154417-Copiapoa solaris",AY015292.1,"-",MF166995.1,MF167068.1,"-","-","-",MF167208.1,"-",MF166921.1,"-","-","-","-","-","-","-","-",LN868108.1,"-","-","-",
"153838-Armatocereus godingianus",AY015296.1,"-","-","-","-","-","-","-","-","-",AY015346.1,"-","-","-","-","-","-","-","-","-","-","-",
"153871-Leptocereus leonii",AY015297.1,"-","-","-","-","-","-","-","-","-",AY015347.1,"-","-","-","-","-","-","-","-","-","-","-",
"153844-Castellanosia caineana",AY015298.1,"-","-","-","-","-","-","-","-","-",AY015348.1,"-","-","-","-","-","-","-","-","-","-","-",
"153879-Neoraimondia arequipensis",AY015299.1,"-","-","-","-","-","-","-","-","-",AY015349.1,"-","-","-","-","-","-","-","-","-","-","-",
"153840-Austrocactus bertinii",AY015300.1,"-","-","-","-","-","-","-","-","-",AY015350.1,"-","-","-","-","-","-","-","-","-","-","-",
"153863-Eulychnia iquiquensis",AY015301.1,"-","-",LN867904.1,"-","-","-","-","-",MG263814.1,AY015351.1,"-","-","-","-","-","-","-",LN868105.1,"-","-","-",
"153849-Corryocactus brevistylus",AY015302.1,KM487303.1,JF975686.1,"-","-","-","-","-","-",JF975703.1,AY015352.1,"-","-","-","-","-","-","-","-","-","-","-",
"153890-Pfeiffera ianthothele",AY015304.1,FR716775.1,LT745463.1,FR716785.1,HQ727806.1,"-","-","-","-",HQ727883.1,"-","-","-","-","-","-","-","-","-","-","-","-",
"154420-Pfeiffera miyagawae",AY015305.1,FN673637.1,"-",FN995429.1,"-","-","-","-","-","-","-","-","-","-","-","-","-","-","-","-","-","-",
"153854-Echinocereus pentalophus",AY015307.1,KF783558.1,KF783628.1,KF783509.1,"-","-","-","-",KF783699.1,"-","-","-",KF783403.1,"-","-","-","-","-","-","-","-","-",
"153861-Escontria chiotilla",AY015308.1,KF783610.1,KF783680.1,KY624693.1,"-","-","-","-",KY624763.1,KY624726.1,"-","-",KF783459.1,KY624796.1,"-","-","-","-",KY624831.1,"-","-","-",
"153875-Lophocereus schottii",AY015309.1,AY181613.1,AY181620.2,MH107796.1,AY181581.1,"-","-","-","-","-",AY048819.1,"-","-","-","-","-","-","-","-","-","-","-",
"153877-Micranthocereus albicephalus",AY015314.1,"-","-","-","-","-","-","-","-","-",AY015361.1,"-","-","-","-","-","-","-","-","-","-","-",
"153842-Browningia hertlingiana",AY015315.1,FN673555.1,JQ779688.1,FN995427.1,"-",JQ779526.1,"-","-",FN677806.1,"-","-","-","-","-",FR853281.1,"-","-",AM502521.1,"-","-","-",AM502347.1,
"154424-Browningia chlorocarpa",AY015316.1,KM487313.1,"-","-","-","-","-","-","-","-","-","-","-","-","-","-","-","-","-","-","-","-",
"153865-Gymnocalycium denudatum",AY015317.1,"-",FR667087.1,"-","-","-","-","-","-","-","-","-","-",FR848294.1,"-","-","-","-","-","-","-","-",
"153848-Coleocephalocereus fluminensis",AY015318.1,KM487311.1,"-","-",AY064347.1,"-","-","-","-","-",AY015364.1,"-","-","-","-","-","-",AM502534.1,"-","-","-",AM502533.1,
"153901-Uebelmannia pectinifera",AY015319.1,HM041532.1,HM041375.1,"-","-","-","-","-","-","-","-","-","-","-","-","-","-","-","-","-","-","-",
"153897-Stetsonia coryne",AY015320.1,HM041518.1,HM041361.1,"-",AY064345.1,JQ779508.1,"-","-","-","-","-","-","-","-",MG430085.1,"-","-",AM502585.1,"-","-","-",AM502584.1,
"153894-Samaipaticereus corroanus",AY015321.1,JN166906.1,JQ779660.1,"-","-",JQ779498.1,"-","-","-","-","-","-","-","-",MG430079.1,"-","-",AM502583.1,"-","-","-",JN166886.1,
"183649-Echinopsis chiloensis",AY015322.1,JQ779789.1,AY566653.1,"-",AY064346.1,JQ779489.1,"-","-","-","-","-","-","-","-","-","-","-","-","-","-","-","-",
"153873-Echinopsis pentlandii",AY015323.1,JQ779704.1,JQ779550.1,"-","-",JQ779388.1,"-","-","-","-","-","-","-","-","-","-","-",AM502443.1,"-","-","-",AM502441.1,
"153869-Harrisia pomanensis",AY015324.1,JQ779791.1,JQ779653.1,"-","-",JQ779491.1,"-","-","-","-","-","-","-","-","-","-","-","-","-","-","-","-",
"153892-Rauhocereus riosaniensis",AY015326.1,JQ779761.1,JQ779617.1,"-","-",JQ779455.1,"-","-","-","-","-","-","-","-","-","-","-",AM502512.1,"-","-","-",AM502511.1,
"154426-Matucana intertexta",AY015327.1,JQ779764.1,JQ779620.1,"-","-",JQ779458.1,"-","-","-","-","-","-","-","-","-","-","-","-","-","-","-","-",
"153883-Oreocereus celsianus",AY015328.1,HM041483.1,FR667145.1,"-","-",JQ779464.1,"-","-","-","-","-","-","-",FR848317.1,"-","-","-",AM502577.1,"-","-","-",AM502576.1,
"153867-Haageocereus pseudomelanostele",AY015329.1,JQ889308.1,JQ779618.1,"-","-",JQ779456.1,"-","-","-","-","-","-","-","-","-","-","-","-","-","-","-",JQ889305.1,
"130162-Parodia haselbergii",AY015330.1,KM487308.1,"-","-",AY064355.1,"-","-","-","-","-",AY015375.1,"-","-","-","-","-","-","-","-","-","-","-",
"153886-Parodia magnifica",AY015332.1,HM041490.1,HM041334.1,"-",AY064359.1,"-",AM502507.1,"-","-","-","-","-","-","-","-","-","-",AM502508.1,"-","-","-","-",
"153885-Parodia maassii",AY015333.1,"-","-",MF167132.1,AY064369.1,"-","-",HQ621111.1,"-","-","-","-","-","-","-","-","-","-","-","-","-","-",
"153887-Parodia microsperma",AY015334.1,"-","-","-",AY064376.1,"-","-","-","-","-","-","-","-","-","-","-","-","-","-","-","-",AM502509.1,
"153888-Parodia ottonis",AY015335.1,"-","-",LN867894.1,AY064361.1,"-","-","-","-","-","-","-","-","-","-","-","-","-","-","-","-","-",
"153856-Eriosyce aurata",AY015336.1,"-",MF166999.1,MF167072.1,"-","-","-",MF167212.1,"-",MF166925.1,"-","-","-","-",KY047657.1,"-","-","-","-","-","-","-",
"153857-Eriosyce islayensis",AY015337.1,"-",MF167017.1,MF167089.1,AY064351.1,"-","-","-","-",MF166942.1,"-","-","-","-","-","-","-","-","-","-","-","-",
"153859-Eriosyce subgibbosa",AY015338.1,"-",MF167048.1,MF167118.1,AY064354.1,"-","-",MF167255.1,"-",MF166973.1,"-","-","-","-","-","-","-","-","-","-","-","-",
"153858-Eriosyce napina",AY015339.1,"-",MF167028.1,MF167099.1,AY064353.1,"-","-",MF167236.1,"-",MF166953.1,"-","-","-","-","-","-","-",AM502547.1,"-","-","-","-",
"153881-Neowerdermannia vorwerkii",AY015340.1,JQ779823.1,JQ779690.1,"-",AY064350.1,"-","-","-","-","-","-","-","-","-","-","-","-",AM502449.1,"-","-","-",AM502447.1,
"154428-Hatiora salicornioides",AY015341.1,FN673564.1,HM041288.1,FN669030.1,HQ727783.1,"-","-","-",FN677853.1,HQ727862.1,"-",HM041636.1,"-","-",FR853289.1,"-","-","-","-","-","-","-",
"154430-Rhipsalis floccosa",AY015342.1,"-","-","-",HQ727788.1,"-","-","-","-",HQ727867.1,"-","-","-","-","-","-","-","-","-","-","-","-",
"3595-Schlumbergera truncata",AY015343.1,FN673571.1,"-",HQ727757.1,HQ727797.1,"-","-","-",FN677821.1,HQ727876.1,AJ583238.1,"-","-","-",M83543.1,"-","-","-","-","-","-","-",
"154432-Lepismium cruciforme",AY015344.1,FN673565.1,"-","-",HQ727787.1,"-","-","-",FN677815.1,HQ727866.1,AJ583237.1,"-","-","-",FR853290.1,"-","-","-","-","-","-","-",
"307722-Pereskia nemorosa",AY875350.1,AY851601.1,"-",AY851575.1,"-","-","-",AY875296.1,"-","-","-","-","-","-",AY875241.1,"-","-","-","-","-","-","-",
"307727-Pereskia bahiensis",AY875351.1,AY851605.1,"-",AY851579.1,HQ727803.1,"-","-","-",HQ727842.1,HQ727881.1,"-","-","-","-","-","-","-","-","-","-","-","-",
"307715-Pereskia diaz romeroana",AY875353.1,AY851592.1,"-",AY851566.1,"-","-","-","-","-","-","-","-","-","-","-","-","-","-","-","-","-","-",
"307718-Leuenbergeria aureiflora",AY875354.1,AY851595.1,"-",AY851569.1,"-","-","-",AY875297.1,"-","-","-","-","-","-",AY875231.1,"-","-","-","-","-","-","-",
"3597-Pereskia aculeata",AY875355.1,HM041494.1,HM041338.1,AY851563.1,L78035.1,"-",LN871112.1,EU926713.1,"-","-","-","-","-","-",M97888.1,"-","-","-",LN868091.1,"-","-","-",
"307716-Pereskia weberiana",AY875357.1,AY851593.1,"-",AY851567.1,"-","-","-",AY875313.1,"-","-","-","-","-","-",AY875223.1,"-","-","-","-","-","-","-",
"307717-Leuenbergeria lychnidiflora",AY875358.1,KU598024.1,KU598077.1,KU597972.1,"-","-","-",AY875286.1,KU598130.1,"-","-","-","-","-",AY875238.1,"-","-","-",KU598188.1,"-","-","-",
"307721-Leuenbergeria bleo",AY875359.1,AY851600.1,"-",AY851574.1,"-","-","-",AY875289.1,"-","-","-","-","-","-",AY875227.1,"-","-","-","-","-","-","-",
"308219-Leuenbergeria marcanoi",AY875360.1,"-","-",AY875337.1,"-","-","-",AY875288.1,"-","-","-","-","-","-",AY875221.1,"-","-","-","-","-","-","-",
"307719-Leuenbergeria portulacifolia",AY875361.1,AY851598.1,"-",AY851572.1,"-","-","-",AY875315.1,"-","-","-","-","-","-",AY875226.1,"-","-","-","-","-","-","-",
"307723-Pereskia sacharosa",AY875363.1,AY851602.1,"-",MH069965.1,"-","-","-",AY875299.1,"-","-","-","-","-","-",AY875222.1,"-","-",HQ621581.1,"-","-","-","-",
"572155-Cumulopuntia subterranea",EU834746.1,"-","-","-","-","-","-","-","-","-","-","-","-","-","-","-","-","-","-","-","-","-",
"400683-Rhipsalis paradoxa",FN669658.1,HE651077.1,AM397177.1,FN669043.1,HQ727782.1,"-","-","-","-",HQ727861.1,"-","-","-","-",HE651029.1,"-","-","-","-","-","-","-",
"722843-Rhipsalis pachyptera",FN669660.1,FN673562.1,"-",JF700641.1,HQ727772.1,"-","-","-","-",HQ727851.1,"-","-","-","-",FR853313.1,"-","-","-","-","-","-","-",
"722846-Rhipsalis pilocarpa",FN669661.1,FN673563.1,"-",LN867902.1,HQ727785.1,"-","-","-","-",HQ727864.1,"-","-","-","-",FR853288.1,"-","-","-",LN868103.1,"-","-","-",
"722849-Rhipsalis russellii",FN669670.1,FN673574.1,"-",FN669104.1,JF700739.1,"-","-","-","-",JF700692.1,"-","-","-","-",FR853298.1,"-","-","-","-","-","-","-",
"722807-Rhipsalis cereoides",FN669671.1,FN673575.1,"-",FN669054.1,HQ727780.1,"-","-","-","-",HQ727859.1,"-","-","-","-",FR853299.1,"-","-","-","-","-","-","-",
"732118-Rhipsalis cuneata",FN669672.1,FN673576.1,"-",JF700611.1,JF700708.1,"-","-","-","-",JF700660.1,"-","-","-","-",FR853300.1,"-","-","-","-","-","-","-",
"722820-Rhipsalis elliptica",FN669673.1,FN673577.1,"-",JF700622.1,JF700718.1,"-","-","-","-",HQ727849.1,"-","-","-","-",FR853301.1,"-","-","-","-","-","-","-",
"722816-Rhipsalis crispata",FN669677.1,FN673581.1,"-",JF700609.1,HQ727771.1,"-","-","-","-",HQ727850.1,"-","-","-","-",FR853305.1,"-","-","-","-","-","-","-",
"722826-Rhipsalis goebeliana",FN669681.1,FN673585.1,"-",FN669092.1,JF700719.1,"-","-","-","-",JF700671.1,"-","-","-","-",FR853309.1,"-","-","-","-","-","-","-",
"722831-Rhipsalis micrantha",FN669682.1,FN673584.1,"-",JF700625.1,JF700725.1,"-","-","-","-",HQ727855.1,"-","-","-","-",FR853308.1,"-","-","-","-","-","-","-",
"722856-Schlumbergera russelliana",FN669686.1,FN673591.1,"-",FN669021.1,HQ727774.1,"-","-","-",FN677850.1,HQ727853.1,"-","-","-","-",FR853315.1,"-","-","-","-","-","-","-",
"722857-Schlumbergera kautskyi",FN669687.1,FN673592.1,"-",FN669022.1,"-","-","-","-",FN677842.1,"-","-","-","-","-",FR853316.1,"-","-","-","-","-","-","-",
"722860-Schlumbergera opuntioides",FN669688.1,FN673593.1,"-",FN669019.1,HQ727801.1,"-","-","-","-",HQ727880.1,"-","-","-","-",FR853317.1,"-","-","-","-","-","-","-",
"326071-Schlumbergera gaertneri",FN669691.1,FN673596.1,"-",FN669036.1,HQ727807.1,"-","-","-",HQ727846.1,HQ727884.1,"-","-","-","-",FR853320.1,"-","-","-","-","-","-","-",
"722784-Hatiora herminiae",FN669692.1,FN673597.1,"-",FN669034.1,HQ727800.1,"-","-","-",HQ727839.1,HQ727879.1,"-","-","-","-",FR853321.1,"-","-","-","-","-","-","-",
"722859-Schlumbergera orssichiana",FN669696.1,FN673601.1,"-",FN669023.1,HQ727773.1,"-","-","-",FN677840.1,HQ727852.1,"-","-","-","-",FR853314.1,"-","-","-","-","-","-","-",
"722797-Schlumbergera rosea",FN669697.1,FN673602.1,"-",FN669037.1,HQ727808.1,"-","-","-",FN677852.1,HQ727885.1,"-","-","-","-",FR853326.1,"-","-","-","-","-","-","-",
"722808-Rhipsalis cereuscula",FN669700.1,FN673605.1,"-",FN669064.1,HQ727805.1,"-","-","-","-",HQ727882.1,"-","-","-","-",FR853329.1,"-","-","-","-","-","-","-",
"722847-Rhipsalis pulchra",FN669701.1,FN673607.1,"-",FN669060.1,HQ727775.1,"-","-","-","-",HQ727854.1,"-","-","-","-",FR853331.1,"-","-","-","-","-","-","-",
"722805-Rhipsalis burchellii",FN669702.1,FN673608.1,"-",FN669066.1,"-","-","-","-","-","-","-","-","-","-",FR853332.1,"-","-","-","-","-","-","-",
"722806-Rhipsalis campos portoana",FN669703.1,FN673609.1,"-",JF700652.1,JF700747.1,"-","-","-","-",JF700700.1,"-","-","-","-",FR853333.1,"-","-","-","-","-","-","-",
"722855-Rhipsalis trigona",FN669709.1,FN673615.1,"-",FN669044.1,HQ727778.1,"-","-","-","-",HQ727857.1,"-","-","-","-",FR853339.1,"-","-","-","-","-","-","-",
"722845-Rhipsalis pentaptera",FN669716.1,FN673620.1,"-",JF700648.1,JF700743.1,"-","-","-","-",JF700696.1,"-","-","-","-",FR853344.1,"-","-","-","-","-","-","-",
"722791-Lepismium lumbricoides",FN669721.1,FN673625.1,"-","-",HQ727798.1,"-","-","-",FN677874.1,HQ727877.1,"-","-","-","-",FR853349.1,"-","-","-","-","-","-","-",
"722796-Lymanbensonia micrantha",FN669722.1,FN673628.1,"-",FN669039.1,"-","-","-","-",FN677876.1,"-","-","-","-","-","-","-","-","-","-","-","-","-",
"722795-Lepismium warmingianum",FN669723.1,FN673629.1,"-","-",HQ727799.1,"-","-","-","-","-","-","-","-","-",FR853352.1,"-","-","-","-","-","-","-",
"722786-Lepismium houlletianum",FN669727.1,FN673632.1,"-","-",HQ727796.1,"-","-","-","-",HQ727875.1,"-","-","-","-",FR853356.1,"-","-","-","-","-","-","-",
"722789-Lymanbensonia incachacana",FN669728.1,FN673634.1,"-",FN669038.1,"-","-","-","-",FN677881.1,"-","-","-","-","-","-","-","-","-","-","-","-","-",
"722790-Lepismium lorentzianum",FN669729.1,FN673635.1,"-","-","-","-","-","-",FN677883.1,"-","-","-","-","-",FR853354.1,"-","-","-","-","-","-","-",
"154421-Pfeiffera monacantha",FN669733.1,FN673638.1,"-",FN995430.1,"-","-","-","-","-","-","-","-","-","-","-","-","-","-","-","-","-","-",
"722839-Rhipsalis occidentalis",FN669735.1,FN673580.1,"-",FN669090.1,"-","-","-","-","-","-","-","-","-","-",FR853304.1,"-","-","-","-","-","-","-",
"169218-Rhipsalis teres",FN669737.1,FN673643.1,"-",JF700651.1,HQ727794.1,"-","-","-","-",JF700699.1,"-","-","-","-",FR853362.1,AY042645.1,"-","-","-","-","-","-",
"722830-Rhipsalis mesembryanthemoides",FN669740.1,FN673646.1,"-",FN669076.1,HQ727779.1,"-","-","-","-",HQ727858.1,"-","-","-","-",FR853364.1,"-","-","-","-","-","-","-",
"722778-Echinopsis aurea",FN669743.1,FN673649.1,JQ779634.1,FN669005.1,"-","-","-","-","-","-","-","-","-","-",FR853367.1,"-","-","-","-","-","-",JN166878.1,
"722827-Rhipsalis grandiflora",FN669745.1,FN673559.1,"-",JF700650.1,JF700745.1,"-","-","-","-",JF700698.1,"-","-","-","-",FR853284.1,"-","-","-","-","-","-","-",
"722821-Rhipsalis ewaldiana",FN669746.1,FN673652.1,"-",JF700649.1,JF700744.1,"-","-","-","-",JF700697.1,"-","-","-","-",FR853370.1,"-","-","-","-","-","-","-",
"722828-Rhipsalis hoelleri",FN669747.1,FN673653.1,"-",FN669106.1,"-","-","-","-","-","-","-","-","-","-",FR853371.1,"-","-","-","-","-","-","-",
"722835-Rhipsalis neves armondii",FN669749.1,FN673655.1,"-",MF348685.1,HQ727777.1,"-","-","-","-",HQ727856.1,"-","-","-","-",FR853373.1,"-","-","-","-","-","-","-",
"722848-Rhipsalis puniceodiscus",FN669750.1,FN673656.1,"-",FN669109.1,HQ727789.1,"-","-","-","-",HQ727868.1,"-","-","-","-",FR853374.1,"-","-","-","-","-","-","-",
"722841-Rhipsalis pacheco leonis",FN669752.1,FN673658.1,"-",FN669110.1,"-","-","-","-","-","-","-","-","-","-",FR853376.1,"-","-","-","-","-","-","-",
"722840-Rhipsalis olivifera",FN669754.1,FN673660.1,"-",JF700639.1,JF700734.1,"-","-","-","-",HQ727860.1,"-","-","-","-",FR853377.1,"-","-","-","-","-","-","-",
"722798-Rhipsalis agudoensis",FN669755.1,FN673661.1,"-",FN669083.1,JF700703.1,"-","-","-","-",JF700655.1,"-","-","-","-",FR853378.1,"-","-","-","-","-","-","-",
"722780-Hatiora cylindrica",FN669758.1,FN673664.1,"-",FN669031.1,HQ727792.1,"-","-","-",FN677911.1,HQ727871.1,"-","-","-","-",FR853381.1,"-","-","-","-","-","-","-",
"722858-Schlumbergera microsphaerica",FN669761.1,FN673667.1,"-",FN669020.1,"-","-","-","-",FN677914.1,"-","-","-","-","-",FR853383.1,"-","-","-","-","-","-","-",
"267723-Eulychnia breviflora",FN669772.1,KF783619.1,MG263824.1,MG263764.1,"-","-","-","-",MG263774.1,MG263812.1,"-","-",KF783860.1,"-","-","-","-","-",LN868104.1,"-","-","-",
"722777-Copiapoa coquimbana",FN995677.1,FN673557.1,HM041247.1,LN867989.1,"-","-","-","-",FN677918.1,LN868082.1,"-",HM041556.1,"-","-","-","-","-","-",LN868191.1,"-","-","-",
"722799-Rhipsalis baccifera",FN995679.1,HM041506.1,HM041350.1,FN669079.1,HQ727784.1,KX387797.1,"-","-","-",HQ727863.1,"-",HM041619.1,KU748065.1,KX387738.1,FR853379.1,"-",KX387704.1,"-","-","-","-","-",
"278500-Escobaria chihuahuensis",FN997000.1,AY545233.1,"-",AY545341.1,"-","-","-","-","-","-","-","-","-","-","-","-","-","-","-","-","-","-",
"867029-Echinocereus russanthus",FN997001.1,"-","-","-","-","-","-","-","-","-","-","-","-","-","-","-","-","-","-","-","-","-",
"278571-Mammillaria pondii",HM041664.1,HM041399.1,HM041244.1,"-","-","-","-","-","-","-","-",HM041553.1,"-","-","-","-","-","-","-","-","-","-",
"278517-Mammillaria cerralboa",FN997003.1,AY545254.1,"-",AY545364.1,"-","-","-","-","-","-","-","-","-","-","-","-","-","-","-","-","-","-",
"867518-Stenocactus obvallatus",FN997251.1,"-","-","-","-","-","-","-","-","-","-","-","-","-","-","-","-","-","-","-","-","-",
"867454-Mammillaria tayloriorum",FN997005.1,"-","-","-","-","-","-","-","-","-","-","-","-","-","-","-","-","-","-","-","-","-",
"866944-Coryphantha clavata",FN997006.1,"-","-","-","-","-","-","-","-","-","-","-","-","-","-","-","-","-","-","-","-","-",
"867445-Mammillaria sartorii",FN997007.1,"-","-","-","-","-","-","-","-","-","-","-","-","-","-","-","-","-","-","-","-","-",
"169217-Opuntia microdasys",FN997008.1,HM041480.1,HM041325.1,"-",JF786966.1,"-",JF787246.1,"-","-","-","-",JN387243.1,"-","-","-","-","-","-","-",JF787551.1,JF787402.1,"-",
"130160-Ortegocactus macdougallii",HM041748.1,HM041484.1,HM041329.1,AY545459.1,"-","-","-","-","-","-","-",HM041601.1,"-","-","-","-","-","-","-","-","-","-",
"867019-Echinocereus ortegae",FN997010.1,"-","-","-","-","-","-","-","-","-","-","-","-","-","-","-","-","-","-","-","-","-",
"223066-Pachycereus militaris",FN997011.1,AY181609.1,AY181628.2,"-",AY181577.1,"-","-","-","-","-","-","-","-","-","-","-","-","-","-","-","-","-",
"867036-Echinocereus viereckii",FN997012.1,KF783601.1,KF783671.1,KF783528.1,"-","-","-","-",KF783743.1,"-","-","-",KF783447.1,"-","-","-","-","-","-","-","-","-",
"866958-Coryphantha neglecta",FN997014.1,"-","-","-","-","-","-","-","-","-","-","-","-","-","-","-","-","-","-","-","-","-",
"866959-Coryphantha nickelsiae",FN997015.1,"-","-","-","-","-","-","-","-","-","-","-","-","-","-","-","-","-","-","-","-","-",
"866955-Coryphantha longicornis",FN997016.1,"-","-","-","-","-","-","-","-","-","-","-","-","-","-","-","-","-","-","-","-","-",
"336154-Stenocereus beneckei",FN997017.1,HM041513.1,DQ099973.1,"-","-","-","-","-","-","-","-","-","-","-","-","-","-","-","-","-","-","-",
"867452-Mammillaria standleyi",FN997192.1,"-","-","-","-","-","-","-","-","-","-","-","-","-","-","-","-","-","-","-","-","-",
"867060-Ferocactus schwarzii",FN997019.1,"-","-","-","-","-","-","-","-","-","-","-","-","-","-","-","-","-","-","-","-","-",
"867008-Echinocereus freudenbergeri",FN997020.1,"-","-","-","-","-","-","-","-","-","-","-","-","-","-","-","-","-","-","-","-","-",
"866997-Echinocereus adustus",FN997021.1,KF783604.1,KF783674.1,KF783481.1,"-","-","-","-",KF783746.1,"-","-","-",KF783450.1,"-","-","-","-","-","-","-","-","-",
"867035-Echinocereus subinermis",FN997022.1,KF783600.1,KF783670.1,KF783526.1,"-","-","-","-",KF783741.1,"-","-","-",KF783445.1,"-","-","-","-","-","-","-","-","-",
"867025-Echinocereus pulchellus",FN997023.1,KF783588.1,KF783658.1,KF783513.1,"-","-","-","-",KF783729.1,"-","-","-",KF783433.1,"-","-","-","-","-","-","-","-","-",
"867447-Mammillaria scrippsiana",FN997024.1,"-","-","-","-","-","-","-","-","-","-","-","-","-","-","-","-","-","-","-","-","-",
"867421-Mammillaria hahniana",FN997025.1,"-","-","-","-","-","-","-","-","-","-","-","-","-","-","-","-","-","-","-","-","-",
"867439-Mammillaria perbella",FN997026.1,"-","-","-","-","-","-","-","-","-","-","-","-","-","-","-","-","-","-","-","-","-",
"336161-Stenocereus pruinosus",FN997027.1,HM041516.1,HM041359.1,KF783554.1,"-","-","-","-",KF783765.1,"-","-",HM041617.1,KF783469.1,"-","-","-","-","-","-","-","-","-",
"130172-Ferocactus crispatus",FN997028.1,AF267980.1,"-","-","-","-","-","-","-","-","-","-",MH028843.1,"-","-",MH037657.1,"-","-","-","-","-","-",
"867030-Echinocereus scheeri",FN997029.1,KF783594.1,KF783664.1,KF783519.1,"-","-","-","-",KF783735.1,"-","-","-",KF783439.1,"-","-","-","-","-","-","-","-","-",
"867431-Mammillaria meyranii",FN997030.1,"-","-","-","-","-","-","-","-","-","-","-","-","-","-","-","-","-","-","-","-","-",
"867017-Echinocereus nicholii",FN997031.1,KF783581.1,KF783650.1,"-","-","-","-","-",KF783721.1,"-","-","-",KF783425.1,"-","-","-","-","-","-","-","-","-",
"867459-Mammillaria wagneriana",FN997033.1,"-","-","-","-","-","-","-","-","-","-","-","-","-","-","-","-","-","-","-","-","-",
"336159-Stenocereus montanus",FN997035.1,KF783617.1,DQ099978.1,KF783553.1,"-","-","-","-",KF783764.1,"-","-","-",KF783468.1,"-","-","-","-","-","-","-","-","-",
"867041-Escobaria laredoi",FN997036.1,"-","-","-","-","-","-","-","-","-","-","-","-","-","-","-","-","-","-","-","-","-",
"866991-Cylindropuntia versicolor",FN997037.1,"-","-","-",HQ872502.1,"-",LN871096.1,"-","-","-","-","-","-","-","-","-","-","-","-","-","-","-",
"867002-Echinocereus cinerascens",FN997038.1,KF783565.1,KF783636.1,KF783488.1,"-","-","-","-",KF783707.1,"-","-",HM041564.1,KF783411.1,"-","-","-","-","-","-","-","-","-",
"130184-Turbinicarpus schmiedickeanus",FN997039.1,HM041530.1,HM041373.1,"-","-","-","-","-","-","-","-",HM041613.1,"-","-","-","-","-","-","-","-","-","-",
"130100-Aztekium hintonii",FN997040.1,AF267922.1,"-",MH129843.1,"-","-",MH129810.1,"-","-","-","-","-","-","-","-","-","-","-","-","-","-","-",
"867549-Turbinicarpus valdezianus",FN997041.1,"-","-","-","-","-","-","-","-","-","-","-","-","-","-","-","-","-","-","-","-","-",
"130182-Turbinicarpus gielsdorfianus",FN997042.1,HM041528.1,HM041371.1,"-","-","-","-","-","-","-","-",HM041611.1,"-","-","-","-","-","-","-","-","-","-",
"867058-Ferocactus pottsii",FN997043.1,"-","-","-","-","-","-","-","-","-","-","-","-","-","-","-","-","-","-","-","-","-",
"866941-Grusonia pulchella",FN997044.1,"-","-","-","-","-",LN871107.1,"-","-","-","-","-","-","-","-","-","-","-","-","-","-","-",
"867018-Echinocereus nivosus",FN997045.1,KF783608.1,KF783678.1,KF783537.1,"-","-","-","-",KF783752.1,"-","-","-",KF783457.1,"-","-",KF783854.1,"-","-","-","-","-","-",
"130090-Acharagma roseanum",FN997046.1,HM041380.1,HM041225.1,"-","-","-","-","-","-","-","-","-","-","-","-","-","-","-","-","-","-","-",
"867059-Ferocactus santa maria",FN997047.1,"-","-","-","-","-","-","-","-","-","-","-","-","-","-","-","-","-","-","-","-","-",
"867415-Mammillaria discolor",FN997546.1,"-","-","-","-","-","-","-","-","-","-","-","-","-","-",FN997548.1,"-","-","-","-","-","-",
"867435-Mammillaria napina",FN997049.1,"-","-","-","-","-","-","-","-","-","-","-","-","-","-","-","-","-","-","-","-","-",
"867481-Opuntia deamii",FN997050.1,"-","-","-",HQ872504.1,"-","-","-","-","-","-","-","-","-","-","-","-","-","-","-","-","-",
"867484-Opuntia elatior",FN997051.1,"-","-","-",HQ872505.1,"-","-","-","-","-","-","-","-","-","-","-","-","-","-","-","-","-",
"146107-Pereskiopsis porteri",FN997052.1,AY851607.1,"-",AY851581.1,L78037.1,"-",LN871114.1,AY875306.1,"-","-","-","-","-","-",AY875243.1,"-","-","-","-","-","-","-",
"278521-Mammillaria duoformis",FN997320.1,AY545257.1,"-",AY545371.1,"-","-","-","-","-","-","-","-","-","-","-","-","-","-","-","-","-","-",
"867483-Opuntia depressa",FN997055.1,"-","-","-",JF787085.1,"-",JF787206.1,"-","-","-",JF712741.1,"-","-","-","-",JF786769.1,"-","-","-",JF787519.1,JF787364.1,"-",
"867044-Ferocactus alamosanus",FN997056.1,"-","-","-","-","-","-","-","-","-","-","-","-","-","-","-","-","-","-","-","-","-",
"867476-Tunilla erectoclada",FN997058.1,"-","-","-","-","-","-","-","-","-","-","-","-","-","-","-","-","-","-","-","-","-",
"867520-Ferocactus phyllacanthus",FN997062.1,"-","-","-","-","-","-","-","-","-","-","-","-","-","-","-","-","-","-","-","-","-",
"867542-Turbinicarpus lophophoroides",FN997063.1,"-","-","-","-","-","-","-","-","-","-","-","-","-","-","-","-","-","-","-","-","-",
"867420-Mammillaria guillauminiana",FN997064.1,"-","-","-","-","-","-","-","-","-","-","-","-","-","-","-","-","-","-","-","-","-",
"278536-Mammillaria humboldtii",FN997065.1,AY545273.1,"-",AY545390.1,"-","-","-","-","-","-","-","-","-","-","-","-","-","-","-","-","-","-",
"278579-Mammillaria sinistrohamata",FN997066.1,AY545319.1,"-",AY545441.1,"-","-","-","-","-","-","-","-","-","-","-","-","-","-","-","-","-","-",
"308214-Brasiliopuntia brasiliensis",FN997068.1,"-","-",AY875343.1,JF786876.1,"-",JF787155.1,AY875304.1,"-","-",JF712685.1,JN387207.1,"-","-",AY875234.1,"-","-","-","-",JF787469.1,JF787309.1,"-",
"866931-Austrocylindropuntia cylindrica",FN997069.1,"-","-","-","-","-","-","-","-","-","-","-","-","-","-","-","-","-","-","-","-","-",
"867398-Cumulopuntia boliviana",FN997070.1,"-","-","-","-","-","-","-","-","-","-","-","-","-","-","-","-","-","-","-","-","-",
"867487-Opuntia excelsa",HM041737.1,HM041473.1,HM041318.1,"-",HQ872513.1,"-",JF787220.1,"-","-","-","-",JN387233.1,"-","-","-","-","-","-","-",JF787530.1,JF787378.1,"-",
"867477-Opuntia atrispina",FN997073.1,"-","-","-",JF786908.1,"-",JF787183.1,"-","-","-",JF712716.1,JN387222.1,"-","-","-","-","-","-","-","-","-","-",
"308218-Tephrocactus articulatus",HE610945.1,HM041523.1,HM041366.1,AY875347.1,HQ872518.1,"-","-",AY875318.1,"-","-","-","-","-","-",AY875248.1,"-","-","-","-","-","-","-",
"867486-Opuntia engelmannii",FN997509.1,"-","-","-",HQ872523.1,"-","-","-","-","-","-","-",JN796944.1,"-","-","-","-","-","-","-","-","-",
"866929-Astrophytum caput medusae",FN997077.1,"-","-",MH129847.1,"-","-",MH129813.1,"-","-","-","-","-",KC776998.1,"-","-","-","-","-","-","-","-","-",
"336113-Cephalocereus apicicephalium",FN997078.1,DQ099996.1,DQ099927.1,KY624684.1,"-","-","-","-",KY624756.1,KY624717.1,"-","-","-",KY624787.1,"-","-","-","-",KY624825.1,"-","-","-",
"278538-Mammillaria insularis",FN997079.1,AY545275.1,"-",AY545392.1,"-","-","-","-","-","-","-","-","-","-","-","-","-","-","-","-","-","-",
"278546-Mammillaria mainiae",FN997080.1,AY545285.1,"-",AY545403.1,"-","-","-","-","-","-","-","-","-","-","-","-","-","-","-","-","-","-",
"867429-Mammillaria matudae",FN997081.1,"-","-","-","-","-","-","-","-","-","-","-","-","-","-","-","-","-","-","-","-","-",
"246740-Mammillaria melanocentra",FN997082.1,"-","-","-",AJ890355.2,"-","-","-","-","-",AJ583227.1,"-","-","-","-","-","-","-","-","-","-","-",
"278595-Mammillaria zephyranthoides",FN997203.1,AY545333.1,"-",AY545457.1,"-","-","-","-","-","-","-","-","-","-","-","-","-","-","-","-","-","-",
"867517-Stenocactus multicostatus",FN997084.1,"-","-","-","-","-","-","-","-","-","-","-","-","-","-","-","-","-","-","-","-","-",
"336123-Echinocereus triglochidiatus",FN997312.1,"-","-",KF783527.1,"-","-","-","-",KF783742.1,"-","-","-",KF783446.1,"-","-","-","-","-","-","-","-","-",
"866956-Coryphantha macromeris",FN997086.1,"-","-","-","-","-","-","-","-","-","-","-","-","-","-","-","-","-","-","-","-","-",
"278574-Mammillaria prolifera",FN997087.1,AY545313.1,"-",AY545434.1,"-","-","-","-","-","-","-","-","-","-","-","-","-","-","-","-","-","-",
"866960-Coryphantha octacantha",FN997542.1,"-","-","-","-","-","-","-","-","-","-","-","-","-","-","-","-","-","-","-","-","-",
"867540-Turbinicarpus beguinii",FN997176.1,"-","-","-","-","-","-","-","-","-","-","-",KC777010.1,"-","-","-","-","-","-","-","-","-",
"867538-Thelocactus tulensis",HM041788.1,HM041525.1,HM041368.1,"-","-","-","-","-","-","-","-","-","-","-","-","-","-","-","-","-","-","-",
"866974-Coryphantha wohlschlageri",FN997092.1,"-","-","-","-","-","-","-","-","-","-","-","-","-","-","-","-","-","-","-","-","-",
"867412-Mammillaria compressa",FN997438.1,"-","-","-","-","-","-","-","-","-","-","-","-","-","-","-","-","-","-","-","-","-",
"130095-Ariocarpus retusus",FN997094.1,AF267919.1,"-","-","-","-","-","-","-","-","-","-","-","-","-","-","-","-","-","-","-","-",
"867550-Turbinicarpus viereckii",FN997095.1,HM041531.1,HM041374.1,"-","-","-","-","-","-","-","-",HM041614.1,"-","-","-","-","-","-","-","-","-","-",
"130179-Ferocactus hastifer",FN997096.1,HM041524.1,HM041367.1,"-","-","-","-","-","-","-","-",HM041610.1,"-","-","-","-","-","-","-","-","-","-",
"866953-Coryphantha glanduligera",FN997098.1,"-","-","-","-","-","-","-","-","-","-","-","-","-","-","-","-","-","-","-","-","-",
"867471-Pilosocereus leucocephalus",FN997099.1,"-","-","-","-",KX301193.1,"-",KX301231.1,"-","-","-","-","-",KX387725.1,"-","-",KX301069.1,"-","-","-","-","-",
"867406-Mammillaria baumii",FN997100.1,"-","-","-","-","-","-","-","-","-","-","-","-","-","-","-","-","-","-","-","-","-",
"130094-Ariocarpus agavoides",FN997101.1,HQ324588.1,HM041226.1,HQ324556.1,"-","-","-","-","-","-","-",HM041536.1,KC777009.1,"-","-","-",HQ324572.1,"-","-","-","-","-",
"866939-Grusonia moelleri",FN997102.1,"-","-","-",HQ872576.1,"-",LN871104.1,"-","-","-","-","-","-","-","-","-","-","-","-","-","-","-",
"867479-Opuntia chaffeyi",FN997103.1,"-","-","-",HQ872521.1,"-",JF787199.1,"-","-","-",JF712733.1,"-","-","-","-",JF786761.1,"-","-","-",JF787513.1,JF787356.1,"-",
"130112-Echinocactus horizonthalonius",HM041678.1,HM041412.1,HM041258.1,MH129854.1,"-","-","-","-","-","-","-",HM041642.1,"-","-","-","-","-","-","-","-","-","-",
"867532-Thelocactus bicolor",FN997189.1,"-","-","-","-","-","-","-","-","-","-","-","-","-","-","-","-","-","-","-","-","-",
"130138-Lophophora williamsii",HM041711.1,HM041446.1,HM041292.1,"-","-","-","-","-","-","-","-",HM041576.1,KC777011.1,"-","-","-","-","-","-","-","-","-",
"130156-Neolloydia conoidea",HM041727.1,HM041462.1,HM041308.1,AY545458.1,"-","-","-","-","-","-","-",HM041634.1,"-","-","-","-","-","-","-","-","-","-",
"866963-Coryphantha pseudoechinus",FN997108.1,"-","-","-","-","-","-","-","-","-","-","-","-","-","-","-","-","-","-","-","-","-",
"866973-Coryphantha werdermannii",FN997109.1,"-","-","-","-","-","-","-","-","-","-","-","-","-","-","-","-","-","-","-","-","-",
"867514-Selenicereus vagans",LT745725.1,LT745613.1,LT745498.1,"-",JX289800.1,"-","-","-",JX111663.1,JX111594.1,"-","-","-","-","-","-",JX111628.1,"-","-","-","-","-",
"336110-Acanthocereus tetragonus",HM041645.1,DQ099990.1,DQ099922.1,KU597969.1,"-","-","-","-",KU598127.1,KY624736.1,"-",HM041534.1,"-",KY624806.1,"-","-","-","-",KU598178.1,"-","-","-",
"867052-Ferocactus herrerae",FN997116.1,"-","-","-","-","-","-","-","-","-","-","-","-","-","-","-","-","-","-","-","-","-",
"336153-Stenocereus alamosensis",FN997117.1,KF783615.1,DQ099972.1,KF783552.1,"-","-","-","-",KF783762.1,"-","-","-",KF783466.1,"-","-",KF783841.1,"-","-","-","-","-","-",
"867472-Pilosocereus purpusii",FN997119.1,"-","-","-","-",KX301189.1,"-",KX301227.1,"-","-","-","-","-",KX301108.1,"-","-",KX301065.1,"-","-","-","-","-",
"867466-Opuntia auberi",FN997120.1,"-","-","-",HQ872524.1,"-",JF787165.1,"-","-","-",JF712699.1,JN387211.1,"-","-","-",JF786726.1,"-","-","-",JF787481.1,"-","-",
"130147-Mammillaria karwinskiana",FN997121.1,AF267949.1,"-",AY545394.1,"-","-","-","-","-","-","-","-","-","-","-","-","-","-","-","-","-","-",
"867401-Hylocereus triangularis",LT745694.1,LT745578.1,LT745461.1,"-",JX289604.1,"-","-",JX627710.1,JX111649.1,JX111581.1,"-","-","-","-","-","-",JX111614.1,"-","-","-","-","-",
"701514-Cylindropuntia imbricata",FN997514.1,HM041475.1,HM041320.1,"-",HQ872593.1,"-",LN871079.1,"-","-","-","-","-","-","-","-","-","-","-","-","-","-","-",
"867543-Turbinicarpus mandragora",FN997125.1,"-","-","-","-","-","-","-","-","-","-","-","-","-","-","-","-","-","-","-","-","-",
"866954-Coryphantha jalpanensis",FN997126.1,"-","-","-","-","-","-","-","-","-","-","-","-","-","-","-","-","-","-","-","-","-",
"867403-Mammillaria albicoma",FN997137.1,"-","-","-","-","-","-","-","-","-","-","-","-","-","-","-","-","-","-","-","-","-",
"278568-Mammillaria picta",HM041717.1,HM041452.1,HM041298.1,AY545427.1,"-","-","-","-","-","-","-",HM041581.1,"-","-","-","-","-","-","-","-","-","-",
"867423-Mammillaria heyderi",FN997131.1,"-","-","-","-","-","-","-","-","-","-","-","-","-","-","-","-","-","-","-","-","-",
"866952-Coryphantha georgii",FN997132.1,"-","-","-","-","-","-","-","-","-","-","-","-","-","-","-","-","-","-","-","-","-",
"867057-Ferocactus pilosus",FN997133.1,"-","-",MH129872.1,"-","-",MH129840.1,"-","-","-","-","-","-","-","-","-","-","-","-","-","-","-",
"130166-Pelecyphora aselliformis",FN997134.1,AY545336.1,"-",AY545460.1,"-","-","-","-","-","-","-","-","-","-","-","-","-","-","-","-","-","-",
"867048-Ferocactus emoryi",HQ620874.1,"-","-","-","-","-","-","-","-","-","-","-","-","-","-","-","-","-","-","-","-","-",
"867050-Ferocactus gracilis",FN997136.1,"-","-","-","-","-","-","-","-","-","-","-","-","-","-","-","-","-","-","-","-","-",
"867416-Mammillaria eriacantha",FN997138.1,"-","-","-","-","-","-","-","-","-","-","-","-","-","-","-","-","-","-","-","-","-",
"867511-Polaskia chende",FN997140.1,"-","-","-","-","-","-","-","-","-","-","-","-","-","-","-","-","-","-","-","-","-",
"246739-Mammillaria mazatlanensis",FN997141.1,AY545287.1,"-",AY545407.1,AJ829740.2,"-","-","-","-","-",AJ583226.1,"-","-","-","-","-","-","-","-","-","-","-",
"278504-Mammillaria albilanata",FN997142.1,AY545239.1,"-",AY545347.1,"-","-","-","-","-","-","-","-","-","-","-","-","-","-","-","-","-","-",
"278520-Mammillaria dixanthocentron",FN997143.1,AY545256.1,"-",AY545370.1,"-","-","-","-","-","-","-","-","-","-","-","-","-","-","-","-","-","-",
"336118-Echinocereus parkeri",FN997144.1,KF783584.1,KF783653.1,KF783507.1,"-","-","-","-",KF783724.1,"-","-","-",KF783428.1,"-","-","-","-","-","-","-","-","-",
"867034-Echinocereus stramineus",FN997145.1,KF783599.1,KF783669.1,KF783525.1,"-","-","-","-",KF783740.1,"-","-","-",KF783444.1,"-","-","-","-","-","-","-","-","-",
"760567-Opuntia stenopetala",FN997146.1,"-","-","-",JF787008.1,"-",JF787287.1,"-","-","-",JF712825.1,JN387259.1,"-","-","-","-","-","-","-","-",JF787442.1,"-",
"130111-Echinocactus grusonii",FN997150.1,HM041411.1,HM041257.1,MH129865.1,"-","-",MH129833.1,"-","-","-","-",HM041640.1,"-","-","-","-","-","-","-","-","-","-",
"866970-Coryphantha salinensis",FN997151.1,"-","-","-","-","-","-","-","-","-","-","-","-","-","-","-","-","-","-","-","-","-",
"867054-Ferocactus lindsayi",FN997152.1,"-","-","-","-","-",MH129839.1,"-","-","-","-","-","-","-","-","-","-","-","-","-","-","-",
"867404-Mammillaria albiflora",FN997153.1,"-","-","-","-","-","-","-","-","-","-","-","-","-","-","-","-","-","-","-","-","-",
"278534-Mammillaria herrerae",FN997154.1,AY545271.1,"-",AY545388.1,"-","-","-","-","-","-","-","-","-","-","-","-","-","-","-","-","-","-",
"867405-Mammillaria aureilanata",FN997155.1,"-","-","-","-","-","-","-","-","-","-","-","-","-","-","-","-","-","-","-","-","-",
"278516-Mammillaria carmenae",FN997156.1,AY545252.1,"-",AY545362.1,"-","-","-","-","-","-","-","-","-","-","-","-","-","-","-","-","-","-",
"867427-Mammillaria longiflora",FN997157.1,"-","-","-","-","-","-","-","-","-","-","-","-","-","-","-","-","-","-","-","-","-",
"278544-Mammillaria luethyi",FN997158.1,AY545282.1,"-",AY545400.1,"-","-","-","-","-","-","-","-","-","-","-","-","-","-","-","-","-","-",
"867441-Mammillaria pilispina",FN997159.1,"-","-","-","-","-","-","-","-","-","-","-","-","-","-","-","-","-","-","-","-","-",
"130152-Mammillaria senilis",FN997161.1,AY545318.1,"-",AY545440.1,AJ829733.2,"-","-","-","-","-",AJ583212.1,"-","-","-","-","-","-","-","-","-","-","-",
"866971-Coryphantha tripugionacantha",FN997162.1,"-","-","-","-","-","-","-","-","-","-","-","-","-","-","-","-","-","-","-","-","-",
"867456-Mammillaria theresae",FN997163.1,"-","-","-","-","-","-","-","-","-","-","-","-","-","-","-","-","-","-","-","-","-",
"867444-Mammillaria sanchez mejoradae",FN997164.1,"-","-","-","-","-","-","-","-","-","-","-","-","-","-","-","-","-","-","-","-","-",
"246742-Mammillaria pectinifera",FN997165.1,AY545300.1,"-",JX974823.1,AJ973637.2,"-","-","-","-","-",AJ583229.1,"-","-","-","-","-","-","-","-","-","-","-",
"867541-Turbinicarpus laui",FN997167.1,"-","-","-","-","-","-","-","-","-","-","-","-","-","-","-","-","-","-","-","-","-",
"130180-Thelocactus macdowellii",FN997168.1,AF267969.1,"-","-","-","-","-","-","-","-","-","-","-","-","-","-","-","-","-","-","-","-",
"867519-Stenocactus ochoterenianus",FN997169.1,"-","-","-","-","-","-","-","-","-","-","-","-","-","-","-","-","-","-","-","-","-",
"867545-Turbinicarpus saueri",FN997170.1,"-","-","-","-","-","-","-","-","-","-","-","-","-","-","-","-","-","-","-","-","-",
"867534-Thelocactus lausseri",FN997171.1,"-","-","-","-","-","-","-","-","-","-","-","-","-","-","-","-","-","-","-","-","-",
"866972-Coryphantha vogtherriana",FN997172.1,"-","-","-","-","-","-","-","-","-","-","-","-","-","-","-","-","-","-","-","-","-",
"130178-Thelocactus conothelos",FN997173.1,AF267968.1,"-","-","-","-","-","-","-","-","-","-","-","-","-","-","-","-","-","-","-","-",
"867548-Turbinicarpus swobodae",FN997174.1,"-","-","-","-","-","-","-","-","-","-","-","-","-","-","-","-","-","-","-","-","-",
"867547-Turbinicarpus subterraneus",FN997175.1,"-","-","-","-","-","-","-","-","-","-","-","-","-","-","-","-","-","-","-","-","-",
"867437-Mammillaria orcuttii",FN997177.1,"-","-","-","-","-","-","-","-","-","-","-","-","-","-","-","-","-","-","-","-","-",
"130115-Pelecyphora strobiliformis",FN997178.1,HQ324603.1,"-",HQ324571.1,"-","-","-","-","-","-","-","-","-","-","-","-",HQ324587.1,"-","-","-","-","-",
"867446-Mammillaria schiedeana",FN997179.1,"-","-","-","-","-","-","-","-","-","-","-","-","-","-","-","-","-","-","-","-","-",
"336158-Stenocereus kerberi",FN997180.1,DQ100047.1,DQ099977.1,"-","-","-","-","-","-","-","-","-","-","-","-","-","-","-","-","-","-","-",
"867011-Echinocereus knippelianus",FN997181.1,KF783577.1,KF783646.1,KF783498.1,"-","-","-","-",KF783717.1,"-","-","-",KF783421.1,"-","-","-","-","-","-","-","-","-",
"867457-Mammillaria uncinata",FN997182.1,"-","-","-","-","-","-","-","-","-","-","-","-","-","-","-","-","-","-","-","-","-",
"130146-Mammillaria jaliscana",FN997183.1,AY545276.1,"-",AY545393.1,"-","-","-","-","-","-","-","-","-","-","-","-","-","-","-","-","-","-",
"278578-Mammillaria schwarzii",FN997184.1,"-","-",AY545439.1,"-","-","-","-","-","-","-","-","-","-","-","-","-","-","-","-","-","-",
"278502-Coryphantha tuberculosa",FN997185.1,AY545235.1,"-",AY545343.1,"-","-","-","-","-","-","-","-","-","-","-","-","-","-","-","-","-","-",
"867012-Echinocereus laui",FN997186.1,KF783605.1,KF783675.1,KF783500.1,"-","-","-","-",KF783747.1,"-","-","-",KF783451.1,"-","-","-","-","-","-","-","-","-",
"867428-Mammillaria marksiana",FN997188.1,"-","-","-","-","-","-","-","-","-","-","-","-","-","-","-","-","-","-","-","-","-",
"278533-Mammillaria hernandezii",FN997190.1,AY545270.1,"-",AY545387.1,"-","-","-","-","-","-","-","-",MH028841.1,"-","-",MH037655.1,"-","-","-","-","-","-",
"866946-Coryphantha cornifera",FN997191.1,"-","-","-","-","-","-","-","-","-","-","-","-","-","-","-","-","-","-","-","-","-",
"130119-Escobaria zilziana",FN997193.1,AY545236.1,"-",AY545344.1,"-","-","-","-","-","-","-","-","-","-","-","-","-","-","-","-","-","-",
"867032-Echinocereus scopulorum",FN997194.1,KF783596.1,KF783666.1,KF783522.1,"-","-","-","-",KF783737.1,"-","-","-",KF783441.1,"-","-","-","-","-","-","-","-","-",
"130117-Epithelantha bokei",FN997195.1,AF267931.1,"-","-","-","-","-","-","-","-","-","-","-","-","-","-","-","-","-","-","-","-",
"867010-Echinocereus klapperi",FN997196.1,"-","-","-","-","-","-","-","-","-","-","-","-","-","-","-","-","-","-","-","-","-",
"130174-Ferocactus vaupelianus",FN997537.1,AF267978.1,"-","-","-","-","-","-","-","-","-","-","-","-","-","-","-","-","-","-","-","-",
"867014-Echinocereus mapimiensis",FN997198.1,KF783624.1,KF783694.1,KF783535.1,"-","-","-","-",KF783773.1,"-","-","-",KF783858.1,"-","-","-","-","-","-","-","-","-",
"867021-Echinocereus pamanesiorum",FN997199.1,KF783583.1,KF783652.1,KF783506.1,"-","-","-","-",KF783723.1,"-","-","-",KF783427.1,"-","-","-","-","-","-","-","-","-",
"867022-Echinocereus papillosus",FN997200.1,"-","-","-","-","-","-","-","-","-","-","-","-","-","-","-","-","-","-","-","-","-",
"867409-Mammillaria carretii",FN997201.1,"-","-","-","-","-","-","-","-","-","-","-","-","-","-","-","-","-","-","-","-","-",
"867410-Mammillaria coahuilensis",FN997202.1,"-","-","-","-","-","-","-","-","-","-","-","-","-","-","-","-","-","-","-","-","-",
"130140-Mammillaria beneckei",FN997206.1,AY545244.1,"-",AY545353.1,AJ829749.2,"-","-","-","-","-",AJ583216.1,"-","-","-","-","-","-","-","-","-","-","-",
"866947-Coryphantha delicata",FN997207.1,"-","-","-","-","-","-","-","-","-","-","-","-","-","-","-","-","-","-","-","-","-",
"866945-Coryphantha compacta",FN997427.1,"-","-","-","-","-","-","-","-","-","-","-","-","-","-","-","-","-","-","-","-","-",
"176270-Opuntia phaeacantha",FN997209.1,"-","-",KC196838.1,HQ872527.1,"-",JF787254.1,"-","-","-",JF712789.1,KC196831.1,"-","-","-","-","-","-","-",JF787557.1,JF787410.1,"-",
"278576-Mammillaria rhodantha",FN997210.1,AY545316.1,"-",AY545437.1,"-","-","-","-","-","-","-","-","-","-","-","-","-","-","-","-","-","-",
"867424-Mammillaria knippeliana",FN997211.1,"-","-","-","-","-","-","-","-","-","-","-","-","-","-","-","-","-","-","-","-","-",
"866992-Cylindropuntia wolfii",FN997212.1,"-","-","-",HQ872528.1,"-",LN871097.1,"-","-","-","-","-","-","-","-","-","-","-","-","-","-","-",
"867469-Pilosocereus alensis",FN997213.1,"-","-","-","-",KX301188.1,"-",KX301226.1,"-","-","-","-","-",KX301107.1,"-","-",KX301064.1,"-","-","-","-","-",
"867488-Opuntia fuliginosa",FN997214.1,"-","-","-",JF786946.1,"-",JF787224.1,"-","-","-",JF712759.1,"-","-","-","-",JF786787.1,"-","-","-",JF787534.1,JF787382.1,"-",
"223054-Cephalocereus senilis",FN997215.1,HM041393.1,AY181638.2,KY624687.1,AY181585.1,"-","-","-",KY624758.1,KY624720.1,"-",HM041547.1,"-",KY624790.1,"-","-","-","-",KY624826.1,"-","-","-",
"867460-Mammillaria winterae",FN997577.1,"-","-","-","-","-","-","-","-","-","-","-","-","-","-","-","-","-","-","-","-","-",
"154437-Pachycereus pringlei",FN997217.1,AY181589.1,AY181642.2,KF783549.1,JX289549.1,"-","-",JX627714.1,JX111635.1,KY624729.1,AY048822.1,KC196834.1,KF783463.1,KY624799.1,"-","-",JX111601.1,"-","-","-","-","-",
"867414-Mammillaria dioica",FN997218.1,"-","-","-","-","-","-","-","-","-","-","-","-","-","-","-","-","-","-","-","-","-",
"867024-Echinocereus polyacanthus",FN997219.1,KF783585.1,KF783655.1,KF783510.1,"-","-","-","-",KF783726.1,"-","-","-",KF783430.1,"-","-","-","-","-","-","-","-","-",
"867005-Echinocereus fasciculatus",FN997220.1,KF783571.1,KF783641.1,KF783493.1,"-","-","-","-",KF783712.1,"-","-","-",KF783416.1,"-","-","-","-","-","-","-","-","-",
"866978-Cylindropuntia arbuscula",FN997221.1,"-","-","-",HQ872530.1,"-",LN871071.1,"-","-","-","-","-","-","-","-","-","-","-","-","-","-","-",
"866990-Cylindropuntia thurberi",FN997222.1,"-","-","-",HQ872531.1,"-",LN871094.1,"-","-","-","-","-","-","-","-","-","-","-","-","-","-","-",
"278530-Mammillaria grahamii",FN997328.1,AY545265.1,"-",KC196844.1,"-","-","-","-","-","-","-",KC196829.1,"-","-","-","-","-","-","-","-","-","-",
"336384-Stenocereus treleasei",FN997224.1,DQ102362.1,DQ102361.1,"-","-","-","-","-","-","-","-","-","-","-","-","-","-","-","-","-","-","-",
"278585-Mammillaria thornberi",FN997226.1,AY545324.1,"-",KC196843.1,"-","-","-","-","-","-","-",KC196830.1,"-","-","-","-","-","-","-","-","-","-",
"867055-Ferocactus macrodiscus",FN997227.1,"-","-","-","-","-","-","-","-","-","-","-","-","-","-","-","-","-","-","-","-","-",
"867001-Echinocereus bristolii",FN997228.1,KF783563.1,KF783634.1,KF783486.1,"-","-","-","-",KF783705.1,"-","-","-",KF783409.1,"-","-",KF783784.1,"-","-","-","-","-","-",
"278508-Mammillaria barbata",FN997229.1,AY545243.1,"-",AY545352.1,"-","-","-","-","-","-","-","-","-","-","-","-","-","-","-","-","-","-",
"336117-Echinocereus leucanthus",FN997230.1,DQ100001.1,DQ099932.1,KF783501.1,"-","-","-","-",KF783748.1,"-","-","-",KF783452.1,"-","-","-","-","-","-","-","-","-",
"278594-Mammillaria zeilmanniana",FN997231.1,"-","-",AY545456.1,"-","-","-","-","-","-","-","-","-","-","-","-","-","-","-","-","-","-",
"278590-Mammillaria weingartiana",FN997232.1,AY545330.1,"-",AY545452.1,"-","-","-","-","-","-","-","-","-","-","-","-","-","-","-","-","-","-",
"278540-Mammillaria lasiacantha",FN997233.1,AY545279.1,"-",AY545396.1,"-","-","-","-","-","-","-","-","-","-","-","-","-","-","-","-","-","-",
"278511-Mammillaria bombycina",FN997234.1,AY545246.1,"-",AY545356.1,"-","-","-","-","-","-","-","-","-","-","-","-","-","-","-","-","-","-",
"278560-Mammillaria parkinsonii",FN997235.1,AY545298.1,"-",AY545419.1,"-","-","-","-","-","-","-","-","-","-","-","-","-","-","-","-","-","-",
"336127-Myrtillocactus geometrizans",FN997236.1,KF783612.1,DQ099943.1,KY624694.1,"-","-","-","-",KY624764.1,KY624728.1,"-","-",KF783461.1,KY624798.1,"-",KF783836.1,"-","-",KY624833.1,"-","-","-",
"130176-Strombocactus disciformis",HM041782.1,HM041519.1,HM041362.1,"-","-","-","-","-","-","-","-",HM041637.1,KC777012.1,"-","-","-","-","-","-","-","-","-",
"867430-Mammillaria melaleuca",FN997238.1,"-","-","-","-","-","-","-","-","-","-","-","-","-","-","-","-","-","-","-","-","-",
"278553-Mammillaria moelleriana",FN997239.1,AY545292.1,"-",AY545412.1,"-","-","-","-","-","-","-","-","-","-","-","-","-","-","-","-","-","-",
"278563-Mammillaria pennispinosa",FN997240.1,AY545302.1,"-",AY545423.1,"-","-","-","-","-","-","-","-","-","-","-","-","-","-","-","-","-","-",
"278532-Mammillaria guelzowiana",FN997241.1,AY545267.1,"-",AY545384.1,"-","-","-","-","-","-","-","-","-","-","-","-","-","-","-","-","-","-",
"867026-Echinocereus rayonesensis",FN997242.1,KF783590.1,KF783660.1,KF783515.1,"-","-","-","-","-","-","-","-",KF783435.1,"-","-","-","-","-","-","-","-","-",
"278552-Mammillaria microhelia",FN997243.1,AY545291.1,"-",AY545411.1,"-","-","-","-","-","-","-","-","-","-","-","-","-","-","-","-","-","-",
"867482-Opuntia decumbens",FN997244.1,"-","-","-",JF787134.1,"-",JF787205.1,"-","-","-",JF712740.1,"-","-","-","-",JF786768.1,"-",HQ621577.1,"-",JF787518.1,JF787363.1,"-",
"867470-Pilosocereus chrysacanthus",HM041759.1,HM041496.1,HM041340.1,"-","-",KX301190.1,"-",KX301228.1,"-","-","-","-","-",KX301109.1,"-","-",KX301066.1,"-","-","-","-","-",
"130125-Ferocactus latispinus",HM041697.1,HM041432.1,HM041278.1,MH129871.1,"-","-",MH129838.1,"-","-","-","-",HM041573.1,"-","-","-","-","-","-","-","-","-","-",
"555420-Mammillaria crucigera",FN997247.1,"-","-","-","-","-","-","-","-","-","-","-","-","-","-","-","-","-","-","-","-","-",
"928853-Ferocactus hamatacanthus",FN997248.1,"-","-","-","-","-",MH129836.1,"-","-","-","-","-","-","-","-","-","-","-","-","-","-","-",
"866964-Coryphantha pulleineana",FN997249.1,"-","-","-","-","-","-","-","-","-","-","-","-","-","-","-","-","-","-","-","-","-",
"278510-Mammillaria bocasana",FN997250.1,"-","-",AY545355.1,"-","-","-","-","-","-","-","-","-","-","-","-","-","-","-","-","-","-",
"866975-Cylindropuntia acanthocarpa",FN997252.1,"-","-","-",HQ872533.1,"-",LN871068.1,"-","-","-","-","-","-","-","-","-","-","-","-","-","-","-",
"867513-Selenicereus spinulosus",FN997254.1,LT745612.1,LT745496.1,"-",JX289574.1,"-","-",JX627723.1,JX111661.1,JX111592.1,"-","-","-","-","-","-",JX111627.1,"-","-","-","-","-",
"130135-Leuchtenbergia principis",FN997255.1,AF267941.1,HM041291.1,"-","-","-","-","-","-","-","-",HM041575.1,KC776992.1,"-","-","-","-","-","-","-","-","-",
"867515-Ferocactus coptonogonus",HM041774.1,HM041511.1,"-","-","-","-","-","-","-","-","-",HM041626.1,"-","-","-","-","-","-","-","-","-","-",
"867434-Mammillaria muehlenpfordtii",FN997261.1,"-","-","-","-","-","-","-","-","-","-","-","-","-","-","-","-","-","-","-","-","-",
"500323-Ariocarpus bravoanus",FN997262.1,HM041382.1,HM041227.1,"-","-","-","-","-","-","-","-",HM041537.1,"-","-","-","-","-","-","-","-","-","-",
"867535-Thelocactus rinconensis",FN997264.1,"-","-","-","-","-","-","-","-","-","-","-","-","-","-","-","-","-","-","-","-","-",
"867473-Pilosocereus royenii",FN997267.1,"-","-","-","-",KX301192.1,"-",KX301230.1,"-","-","-","-","-",KX301111.1,"-","-",KX301068.1,"-","-","-","-","-",
"278531-Mammillaria grusonii",FN997269.1,AY545266.1,"-",AY545383.1,"-","-","-","-","-","-","-","-","-","-","-","-","-","-","-","-","-","-",
"866962-Coryphantha poselgeriana",FN997270.1,"-","-","-","-","-","-","-","-","-","-","-","-","-","-","-","-","-","-","-","-","-",
"278498-Coryphantha durangensis",HM041671.1,HM041405.1,HM041251.1,AY545338.1,"-","-","-","-","-","-","-",HM041559.1,"-","-","-","-","-","-","-","-","-","-",
"130097-Astrophytum capricorne",HM041652.1,HM041386.1,KC776944.1,MH129846.1,"-","-",MH129816.1,"-","-","-","-",HM041540.1,KC777019.1,"-","-","-","-","-","-","-","-","-",
"130141-Mammillaria candida",FN997273.1,AY545250.1,KC776954.1,AY545360.1,AJ973641.2,"-","-","-","-","-",AJ583218.2,"-",KC777008.1,"-","-","-","-","-","-","-","-","-",
"130123-Ferocactus glaucescens",FN997274.1,AF267979.1,"-",MH129867.1,"-","-",MH129834.1,"-","-","-","-","-","-","-","-",FN997292.1,"-","-","-","-","-","-",
"1123916-Disocactus flagelliformis",LT745631.1,KU597980.1,DQ099930.1,KU597927.1,"-","-","-","-",KU598085.1,"-","-",HM041563.1,"-","-","-","-","-","-",KU598141.1,"-","-","-",
"867396-Cumarinia odorata",FN997277.1,"-","-","-","-","-","-","-","-","-","-","-","-","-","-","-","-","-","-","-","-","-",
"867453-Mammillaria surculosa",FN997278.1,"-","-","-","-","-","-","-","-","-","-","-","-","-","-","-","-","-","-","-","-","-",
"278528-Mammillaria geminispina",FN997280.1,AY545262.1,HM041296.1,AY545379.1,"-","-","-","-","-","-","-",HM041579.1,"-","-","-","-","-","-","-","-","-","-",
"867533-Thelocactus hexaedrophorus",FN997281.1,"-","-","-","-","-","-","-","-","-","-","-","-","-","-","-","-","-","-","-","-","-",
"867495-Opuntia megarhiza",FN997282.1,"-","-","-",JF786964.1,"-",JF787244.1,"-","-","-",JF712779.1,JN387242.1,"-","-","-",JF786807.1,"-","-","-",JF787549.1,JF787400.1,"-",
"866966-Coryphantha ramillosa",FN997283.1,"-","-","-","-","-","-","-","-","-","-","-","-","-","-","-","-","-","-","-","-","-",
"130092-Ferocactus uncinatus",HM041771.1,HM041508.1,HM041352.1,"-","-","-","-","-","-","-","-","-","-","-","-","-","-","-","-","-","-","-",
"867040-Coryphantha dasyacantha",FN997286.1,"-","-","-","-","-","-","-","-","-","-","-","-","-","-","-","-","-","-","-","-","-",
"130124-Ferocactus histrix",FN997545.1,AF267935.1,"-",MH129869.1,"-","-",MH129837.1,"-","-","-","-","-","-","-","-","-","-","-","-","-","-","-",
"336143-Peniocereus serpentinus",FN997288.1,DQ100028.1,DQ099959.1,MH107797.1,"-","-","-","-","-","-","-",HM041608.1,"-","-","-","-","-","-","-","-","-","-",
"336163-Stenocereus standleyi",FN997289.1,DQ100051.1,DQ099982.1,"-","-","-","-","-","-","-","-","-","-","-","-","-","-","-","-","-","-","-",
"866967-Coryphantha recurvata",FN997290.1,"-","-","-","-","-","-","-","-","-","-","-","-","-","-","-","-","-","-","-","-","-",
"866950-Coryphantha echinus",FN997291.1,"-","-","-","-","-","-","-","-","-","-","-","-","-","-","-","-","-","-","-","-","-",
"246738-Mammillaria elongata",FN997474.1,AY545258.1,"-",AY545373.1,AJ973640.2,"-","-","-","-","-",AJ583224.1,"-","-","-","-","-","-","-","-","-","-","-",
"867494-Opuntia macrocentra",FN997296.1,"-","-","-",JF786959.1,"-",JF787238.1,"-","-","-",JF712773.1,JN387240.1,"-","-","-",JF786801.1,"-","-","-",JF787544.1,JF787394.1,"-",
"866961-Coryphantha ottonis",FN997297.1,"-","-","-","-","-","-","-","-","-","-","-","-","-","-","-","-","-","-","-","-","-",
"867056-Ferocactus peninsulae",FN997299.1,"-","-","-","-","-","-","-","-","-","-","-","-","-","-","-","-","-","-","-","-","-",
"278575-Mammillaria rekoi",FN997325.1,AY545314.1,"-",AY545435.1,"-","-","-","-","-","-","-","-","-","-","-","-","-","-","-","-","-","-",
"867020-Echinocereus palmeri",FN997301.1,KF783582.1,KF783651.1,KF783505.1,"-","-","-","-","-","-","-","-",KF783426.1,"-","-","-","-","-","-","-","-","-",
"130133-Echinocactus texensis",FN997302.1,AF267940.1,MH138287.1,MH129856.1,"-","-",MH129823.1,"-","-","-","-","-","-","-","-","-","-","-","-","-","-","-",
"866949-Coryphantha echinoidea",FN997303.1,"-","-","-","-","-","-","-","-","-","-","-","-","-","-","-","-","-","-","-","-","-",
"867461-Mammillaria xaltianguensis",FN997304.1,"-","-","-","-","-","-","-","-","-","-","-","-","-","-","-","-","-","-","-","-","-",
"867442-Mammillaria roseoalba",FN997305.1,"-","-","-","-","-","-","-","-","-","-","-","-","-","-","-","-","-","-","-","-","-",
"867426-Mammillaria lenta",FN997307.1,"-","-","-","-","-","-","-","-","-","-","-","-","-","-","-","-","-","-","-","-","-",
"866977-Cylindropuntia anteojoensis",FN997308.1,"-","-","-",HQ872544.1,"-",LN871070.1,"-","-","-","-","-","-","-","-","-","-","-","-","-","-","-",
"866998-Echinocereus barthelowanus",FN997309.1,"-",KF783691.1,KF783532.1,"-","-","-","-",KF783770.1,"-","-","-",KF783473.1,"-","-","-","-","-","-","-","-","-",
"130145-Mammillaria halei",FN997310.1,AY545269.1,"-",AY545386.1,"-","-","-","-","-","-","-","-","-","-","-","-","-","-","-","-","-","-",
"867000-Echinocereus brandegeei",FN997311.1,KF783562.1,KF783633.1,KF783485.1,"-","-","-","-",KF783704.1,"-","-","-",KF783408.1,"-","-","-","-","-","-","-","-","-",
"867506-Opuntia tomentosa",FN997313.1,"-","-","-",JF787069.1,"-",JF787298.1,"-","-","-",JF712835.1,"-","-","-","-",JF786861.1,"-","-","-",JF787594.1,JF787451.1,"-",
"371859-Opuntia ficus indica",FN997314.1,"-","-",FJ026613.1,MK087940.1,"-",FJ026615.1,"-","-","-",KJ735935.1,"-",MK090296.1,"-","-",KJ735944.1,"-","-","-",JF787532.1,JF787380.1,"-",
"278506-Mammillaria armillata",FN997315.1,AY545240.1,"-",AY545349.1,"-","-","-","-","-","-","-","-","-","-","-","-","-","-","-","-","-","-",
"866976-Cylindropuntia alcahes",FN997448.1,"-","-","-",HQ872572.1,"-",LN871069.1,"-","-","-","-","-","-","-","-","-","-","-","-","-","-","-",
"867418-Mammillaria flavicentra",FN997317.1,"-","-","-","-","-","-","-","-","-","-","-","-","-","-","-","-","-","-","-","-","-",
"278581-Mammillaria spinosissima",FN997318.1,AY545321.1,"-",AY545443.1,"-","-","-","-","-","-","-","-","-","-","-","-","-","-","-","-","-","-",
"246729-Mammillaria backebergiana",FN997319.1,AY545242.1,"-",AY545351.1,AJ845118.2,"-","-","-","-","-",AJ583213.1,"-","-","-","-","-","-","-","-","-","-","-",
"130150-Mammillaria plumosa",FN997322.1,AY545307.1,"-",AY545428.1,AJ829731.2,"-","-","-","-","-",AJ583230.2,"-","-","-","-","-","-","-","-","-","-","-",
"867462-Mammillaria zublerae",FN997323.1,"-","-","-","-","-","-","-","-","-","-","-","-","-","-","-","-","-","-","-","-","-",
"130142-Mammillaria decipiens",FN997324.1,AF267946.1,"-",AY545369.1,"-","-","-","-","-","-","-","-","-","-","-","-","-","-","-","-","-","-",
"130129-Geohintonia mexicana",HM041699.1,HM041434.1,"-","-","-","-",MH129809.1,"-","-","-","-","-",KC787557.1,"-","-","-","-","-","-","-","-","-",
"866948-Coryphantha difficilis",FN997329.1,"-","-","-","-","-","-","-","-","-","-","-","-","-","-","-","-","-","-","-","-","-",
"278499-Coryphantha elephantidens",FN997355.1,AY545231.1,"-",AY545339.1,"-","-","-","-","-","-","-","-","-","-","-","-","-","-","-","-","-","-",
"278562-Mammillaria peninsularis",FN997331.1,AY545301.1,"-",AY545422.1,"-","-","-","-","-","-","-","-","-","-","-","-","-","-","-","-","-","-",
"130103-Bergerocactus emoryi",HM041654.1,DQ099994.1,DQ099925.1,KF783478.1,"-","-","-","-",KF783697.1,KY624730.1,"-",HM041542.1,KF783402.1,KY624800.1,"-","-","-","-",KY624834.1,"-","-","-",
"867015-Echinocereus maritimus",FN997333.1,KF783580.1,KF783649.1,KF783503.1,"-","-","-","-",KF783720.1,"-","-","-",KF783424.1,"-","-","-","-","-","-","-","-","-",
"867530-Stenocereus eruca",HM041777.1,HM041514.1,HM041357.1,KF783556.1,"-","-","-","-",KF783763.1,"-","-",HM041623.1,KF783467.1,"-","-","-","-","-","-","-","-","-",
"867061-Ferocactus townsendianus",FN997335.1,"-","-","-","-","-","-","-","-","-","-","-","-","-","-","-","-","-","-","-","-","-",
"278577-Mammillaria schumannii",FN997336.1,AY545317.1,"-",AY545438.1,"-","-","-","-","-","-","-","-","-","-","-","-","-","-","-","-","-","-",
"278537-Mammillaria hutchisoniana",FN997337.1,AY545274.1,"-",AY545391.1,"-","-","-","-","-","-","-","-","-","-","-","-","-","-","-","-","-","-",
"867408-Mammillaria brandegeei",FN997570.1,"-","-","-","-","-","-","-","-","-","-","-","-","-","-","-","-","-","-","-","-","-",
"867417-Mammillaria evermanniana",FN997339.1,"-","-","-","-","-","-","-","-","-","-","-","-","-","-","-","-","-","-","-","-","-",
"278512-Mammillaria boolii",FN997340.1,AY545247.1,"-",AY545357.1,"-","-","-","-","-","-","-","-","-","-","-","-","-","-","-","-","-","-",
"866984-Cylindropuntia lindsayi",FN997342.1,"-","-","-",HQ872553.1,"-",LN871082.1,"-","-","-","-","-","-","-","-","-","-","-","-","-","-","-",
"867009-Echinocereus grandis",FN997344.1,KF783576.1,KF783645.1,KF783497.1,"-","-","-","-","-","-","-","-",KF783420.1,"-","-","-","-","-","-","-","-","-",
"336135-Peniocereus johnstonii",FN997345.1,DQ100020.1,DQ099951.1,"-","-","-","-","-","-","-","-","-","-","-","-","-","-","-","-","-","-","-",
"278503-Mammillaria albicans",FN997346.1,AY545238.1,"-",AY545346.1,"-","-","-","-","-","-","-","-","-","-","-","-","-","-","-","-","-","-",
"866981-Cylindropuntia ganderi",FN997347.1,"-","-","-",HQ872555.1,"-",LN871078.1,"-","-","-","-","-","-","-","-","-","-","-","-","-","-","-",
"867046-Ferocactus diguetii",FN997348.1,"-","-","-","-","-","-","-","-","-","-","-","-","-","-","-","-","-","-","-","-","-",
"866965-Coryphantha pycnacantha",FN997494.1,HM041407.1,HM041253.1,"-","-","-","-","-","-","-","-","-","-","-","-","-","-","-","-","-","-","-",
"866994-Disocactus speciosus",FN997351.1,"-","-","-","-","-","-","-","-","-","-","-","-","-","-","-","-","-","-","-","-","-",
"867400-Hylocereus ocamponis",LT745687.1,KU598027.1,KU598080.1,KU597975.1,JX289594.1,"-","-",JX627709.1,KU598133.1,JX111576.1,"-","-","-","-","-","-",JX111612.1,"-",KU598183.1,"-","-","-",
"867498-Opuntia puberula",FN997354.1,"-","-","-",JF786981.1,"-",JF787261.1,"-","-","-",JF712797.1,"-","-","-","-",JF786825.1,"-","-","-","-",JF787415.1,"-",
"866968-Coryphantha retusa",FN997356.1,"-","-","-","-","-","-","-","-","-","-","-","-","-","-","-","-","-","-","-","-","-",
"362977-Astrophytum asterias",KC776966.1,"-",KC776943.1,MH129845.1,"-","-",MH129812.1,"-","-","-","-","-",KC776996.1,"-","-","-","-","-","-","-","-","-",
"223053-Cephalocereus columna trajani",FN997358.1,HM041392.1,HM041237.1,KY624685.1,AY181565.1,"-","-","-",KY624757.1,KY624718.1,"-",HM041546.1,KF437843.1,KY624788.1,"-","-","-","-","-","-","-","-",
"867433-Mammillaria morganiana",FN997359.1,"-","-","-","-","-","-","-","-","-","-","-","-","-","-","-","-","-","-","-","-","-",
"246732-Mammillaria carnea",FN997360.1,HM041449.1,HM041295.1,AY545363.1,AJ890357.2,"-","-","-","-","-","-",HM041578.1,"-","-","-","-","-","-","-","-","-","-",
"867502-Opuntia scheeri",FN997361.1,"-","-","-",JF787002.1,"-",JF787281.1,"-","-","-",JF712819.1,JN387257.1,"-","-","-",JF786847.1,"-","-","-","-",JF787436.1,"-",
"867448-Mammillaria sempervivi",FN997362.1,"-","-","-","-","-","-","-","-","-","-","-","-","-","-","-","-","-","-","-","-","-",
"701516-Opuntia stricta",FN997363.1,"-","-","-",JF787009.1,"-",JF787288.1,"-","-","-",JF712826.1,"-",KU877486.1,"-",KJ773705.1,JF786853.1,"-","-","-",JF787587.1,JF787443.1,"-",
"866999-Echinocereus berlandieri",FN997365.1,KF783561.1,KF783631.1,KF783483.1,"-","-","-","-",KF783702.1,"-","-","-",KF783406.1,"-","-","-","-","-","-","-","-","-",
"130098-Astrophytum myriostigma",FN997366.1,AF267921.1,KC776950.1,MH129848.1,"-","-",MH129814.1,"-","-","-","-","-",KC777007.1,"-","-","-","-","-","-","-","-","-",
"278522-Mammillaria duwei",FN997367.1,"-","-",AY545372.1,"-","-","-","-","-","-","-","-","-","-","-","-","-","-","-","-","-","-",
"246737-Mammillaria gigantea",FN997368.1,"-","-","-",AJ890353.2,"-","-","-","-","-",AJ583223.1,"-","-","-","-","-","-","-","-","-","-","-",
"278549-Mammillaria mathildae",FN997369.1,"-","-",AY545406.1,"-","-","-","-","-","-","-","-","-","-","-","-","-","-","-","-","-","-",
"867465-Myrtillocactus cochal",FN997371.1,KF783611.1,KF783681.1,KF783545.1,"-","-","-","-",KF783755.1,"-","-","-",KF783856.1,"-","-","-","-","-","-","-","-","-",
"278567-Mammillaria phitauiana",FN997373.1,AY545305.1,"-",AY545426.1,"-","-","-","-","-","-","-","-","-","-","-","-","-","-","-","-","-","-",
"278565-Mammillaria petrophila",FN997533.1,"-","-","-","-","-","-","-","-","-","-","-","-","-","-","-","-","-","-","-","-","-",
"278523-Mammillaria erythrosperma",FN997375.1,"-","-",AY545374.1,"-","-","-","-","-","-","-","-","-","-","-","-","-","-","-","-","-","-",
"867049-Ferocactus fordii",FN997376.1,KC196810.1,"-",KC196845.1,"-","-","-","-","-","-",KC196818.1,"-","-","-","-","-","-","-","-","-","-","-",
"866979-Cylindropuntia californica",FN997377.1,"-","-","-",HQ872599.1,"-","-","-","-","-","-","-","-","-","-","-","-","-","-","-","-","-",
"278524-Mammillaria fittkaui",FN997378.1,"-","-",AY545375.1,"-","-","-","-","-","-","-","-","-","-","-","-","-","-","-","-","-","-",
"278551-Mammillaria mercadensis",FN997380.1,AY545290.1,"-",AY545410.1,"-","-","-","-","-","-","-","-","-","-","-","-","-","-","-","-","-","-",
"867053-Ferocactus johnstonianus",FN997382.1,"-","-","-","-","-","-","-","-","-","-","-","-","-","-","-","-","-","-","-","-","-",
"278509-Mammillaria blossfeldiana",FN997383.1,AY545245.1,"-",AY545354.1,"-","-","-","-","-","-","-","-","-","-","-","-","-","-","-","-","-","-",
"867425-Mammillaria laui",FN997385.1,"-","-","-","-","-","-","-","-","-","-","-","-","-","-","-","-","-","-","-","-","-",
"867413-Mammillaria densispina",FN997386.1,"-","-","-","-","-","-","-","-","-","-","-","-","-","-","-","-","-","-","-","-","-",
"867440-Mammillaria petterssonii",FN997436.1,"-","-","-","-","-","-","-","-","-","-","-","-","-","-","-","-","-","-","-","-","-",
"866995-Echinocactus polycephalus",FN997389.1,"-","-","-","-","-","-","-","-","-","-","-","-","-","-","-","-","-","-","-","-","-",
"867438-Mammillaria painteri",FN997390.1,"-","-","-","-","-","-","-","-","-","-","-","-","-","-","-","-","-","-","-","-","-",
"866933-Grusonia bulbispina",FN997391.1,"-","-","-",HQ872562.1,"-","-","-","-","-","-","-","-","-","-","-","-","-","-","-","-","-",
"866940-Grusonia parishii",FN997392.1,"-","-","-",HQ872564.1,"-",LN871106.1,"-","-","-","-","-","-","-","-","-","-","-","-","-","-","-",
"866935-Grusonia grahamii",FN997393.1,"-","-","-",HQ872503.1,"-",LN871110.1,"-","-","-","-","-","-","-","-","-","-","-","-","-","-","-",
"867033-Echinocereus spinigemmatus",FN997394.1,KF783597.1,KF783667.1,KF783523.1,"-","-","-","-",KF783738.1,"-","-","-",KF783442.1,"-","-","-","-","-","-","-","-","-",
"867027-Echinocereus reichenbachii",FN997395.1,KF783591.1,KF783661.1,KF783516.1,"-","-","-","-",KF783732.1,"-","-","-",KF783436.1,"-","-","-","-","-","-","-","-","-",
"278583-Mammillaria supertexta",FN997397.1,AY545323.1,"-",AY545445.1,"-","-","-","-","-","-","-","-","-","-","-","-","-","-","-","-","-","-",
"709503-Cylindropuntia molesta",FN997398.1,"-","-","-",HQ872566.1,"-",LN871083.1,"-","-","-","-","-","-","-","-","-","-","-","-","-","-","-",
"866980-Cylindropuntia echinocarpa",FN997399.1,"-","-","-",HQ872567.1,"-","-","-","-","-","-","-","-","-","-","-","-","-","-","-","-","-",
"867028-Echinocereus rigidissimus",FN997400.1,KF783592.1,KF783662.1,KF783517.1,"-","-","-","-",KF783733.1,"-","-","-",KF783437.1,"-","-",KF783812.1,"-","-","-","-","-","-",
"213183-Polaskia chichipe",HM041760.1,DQ100035.1,DQ099966.1,KF783551.1,"-","-","-","-",KF783761.1,"-","-",HM041615.1,KF783465.1,"-","-","-","-","-","-","-","-","-",
"866993-Disocactus martianus",LT745634.1,KU597989.1,KU598038.1,KU597933.1,"-","-","-","-",KU598094.1,"-","-","-","-","-","-","-","-","-",KU598147.1,"-","-","-",
"867045-Ferocactus chrysacanthus",FN997403.1,"-","-","-","-","-","-","-","-","-","-","-","-","-","-","-","-","-","-","-","-","-",
"130149-Mammillaria magnifica",FN997404.1,AF267951.1,"-",AY545401.1,"-","-","-","-","-","-","-","-","-","-","-","-","-","-","-","-","-","-",
"867016-Echinocereus mombergerianus",FN997405.1,"-","-","-","-","-","-","-","-","-","-","-","-","-","-","-","-","-","-","-","-","-",
"867492-Opuntia lagunae",FN997406.1,"-","-","-",HQ872568.1,"-","-","-","-","-","-","-","-","-","-","-","-","-","-","-","-","-",
"867496-Opuntia oricola",FN997407.1,"-","-","-",JF786969.1,"-",JF787249.1,"-","-","-",JF712784.1,"-","-","-","-",JF786812.1,"-","-","-",JF787553.1,JF787405.1,"-",
"866942-Grusonia schottii",FN997408.1,"-","-","-","-","-",LN871108.1,"-","-","-","-","-","-","-","-","-","-","-","-","-","-","-",
"278558-Mammillaria neopalmeri",FN997409.1,AY545296.1,"-",AY545417.1,"-","-","-","-","-","-","-","-","-","-","-","-","-","-","-","-","-","-",
"278592-Mammillaria wrightii",FN997410.1,AY545331.1,"-",AY545454.1,"-","-","-","-","-","-","-","-","-","-","-","-","-","-","-","-","-","-",
"867489-Opuntia gosseliniana",FN997411.1,"-","-","-",JF786948.1,"-",JF787226.1,"-","-","-",JF712761.1,JN387234.1,"-","-","-","-","-","-","-","-",JF787384.1,"-",
"867031-Echinocereus sciurus",FN997413.1,KF783564.1,KF783635.1,KF783487.1,"-","-","-","-","-","-","-","-",KF783410.1,"-","-","-","-","-","-","-","-","-",
"867062-Ferocactus viridescens",FN997414.1,"-","-","-","-","-","-","-","-","-","-","-","-","-","-","-","-","-","-","-","-","-",
"278535-Mammillaria huitzilopochtli",FN997415.1,AY545272.1,"-",AY545389.1,"-","-","-","-","-","-","-","-","-","-","-","-","-","-","-","-","-","-",
"867455-Mammillaria tetrancistra",FN997418.1,KC196805.1,"-",KC196840.1,"-","-","-","-","-","-",JX977076.1,"-","-","-","-","-","-","-","-","-","-","-",
"867436-Mammillaria nunezii",FN997419.1,"-","-","-","-","-","-","-","-","-","-","-","-","-","-","-","-","-","-","-","-","-",
"866937-Grusonia kunzei",FN997420.1,"-","-","-","-","-",LN871102.1,"-","-","-","-","-","-","-","-","-","-","-","-","-","-","-",
"867508-Opuntia wilcoxii",FN997422.1,"-","-","-",JF787025.1,"-",JF787304.1,"-","-","-",JF712842.1,"-","-","-","-",JF786869.1,"-","-","-",JF787602.1,"-","-",
"336162-Stenocereus queretaroensis",FN997534.1,DQ100050.1,DQ099981.1,KC196841.1,"-","-","-","-","-","-","-","-","-","-","-","-","-","-","-","-","-","-",
"278554-Mammillaria multidigitata",FN997424.1,AY545293.1,"-",AY545413.1,"-","-","-","-","-","-","-","-","-","-","-","-","-","-","-","-","-","-",
"867037-Echinocereus websterianus",FN997425.1,KF783603.1,KF783673.1,KF783531.1,"-","-","-","-",KF783745.1,"-","-",KC196828.1,KF783449.1,"-","-","-","-","-","-","-","-","-",
"278570-Mammillaria polythele",FN997426.1,AY545309.1,"-",AY545430.1,"-","-","-","-","-","-","-","-","-","-","-","-","-","-","-","-","-","-",
"866951-Coryphantha erecta",FN997429.1,HM041406.1,HM041252.1,"-","-","-","-","-","-","-","-",HM041560.1,"-","-","-","-","-","-","-","-","-","-",
"867536-Ferocactus setispinus",FN997430.1,"-","-","-","-","-","-","-","-","-","-","-","-","-","-","-","-","-","-","-","-","-",
"278515-Mammillaria capensis",FN997432.1,AY545251.1,"-",AY545361.1,"-","-","-","-","-","-","-","-","-","-","-","-","-","-","-","-","-","-",
"278587-Mammillaria vetula",FN997433.1,"-","-","-","-","-","-","-","-","-","-","-","-","-","-","-","-","-","-","-","-","-",
"336122-Echinocereus schmollii",FN997435.1,DQ100005.1,DQ099936.1,KF783521.1,"-","-","-","-",KF783751.1,"-","-","-",KF783456.1,"-","-","-","-","-","-","-","-","-",
"867539-Turbinicarpus alonsoi",FN997442.1,"-","-","-","-","-","-","-","-","-","-","-","-","-","-","-","-","-","-","-","-","-",
"866943-Grusonia vilis",FN997445.1,"-","-","-","-","-",LN871109.1,"-","-","-","-","-","-","-","-","-","-","-","-","-","-","-",
"701511-Cylindropuntia cholla",FN997446.1,"-","-","-",HQ872570.1,"-",LN871074.1,"-","-","-","-","-","-","-","-","-","-","-","-","-","-","-",
"866936-Grusonia invicta",FN997447.1,"-","-","-",HQ872571.1,"-",LN871111.1,"-","-","-","-","-","-","-","-","-","-","-","-","-","-","-",
"307728-Opuntia polyacantha",FN997449.1,AY851611.1,"-",AY851585.1,MG236336.1,"-",JF787259.1,"-","-","-",JF712795.1,KC196832.1,KY584354.1,"-","-","-","-","-","-",JF787562.1,"-","-",
"106976-Grusonia bradtiana",HM041700.1,HM041435.1,HM041281.1,"-",HQ872575.1,"-",LN871099.1,"-","-","-","-",HM041638.1,"-","-","-","-","-","-","-","-","-","-",
"866934-Grusonia emoryi",FN997452.1,"-","-","-",HQ872577.1,"-",LN871101.1,"-","-","-","-","-","-","-","-","-","-","-","-","-","-","-",
"701512-Cylindropuntia fulgida",FN997453.1,"-","-","-",HQ872578.1,"-",LN871077.1,"-","-","-","-","-","-","-","-","-","-","-","-","-","-","-",
"866983-Cylindropuntia leptocaulis",HM041741.1,HM041477.1,HM041322.1,"-",HQ872579.1,"-",LN871081.1,"-","-","-","-","-","-","-","-","-","-","-","-","-","-","-",
"866988-Cylindropuntia spinosior",FN997455.1,"-","-","-",HQ872580.1,"-",LN871091.1,"-","-","-","-","-",JN796947.1,"-","-","-","-","-","-","-","-","-",
"130127-Ferocactus wislizeni",FN997459.1,AF267937.1,"-",MH129873.1,"-","-",MH129841.1,"-","-","-","-","-",JN796938.1,"-","-","-","-","-","-","-","-","-",
"106980-Grusonia marenae",FN997458.1,AF191665.1,"-","-",HQ872581.1,"-",LN871103.1,"-","-","-","-","-","-","-","-","-","-","-","-","-","-","-",
"336157-Stenocereus gummosus",HM041778.1,HM041515.1,DQ099976.1,"-","-","-","-",JX627724.1,"-",JX111562.1,"-",HM041624.1,"-","-","-","-",JX111600.1,"-","-","-","-","-",
"867490-Opuntia guilanchi",FN997465.1,"-","-","-","-","-","-","-","-","-","-","-","-","-","-","-","-","-","-","-","-","-",
"867529-Stenocereus dumortieri",HM041749.1,HM041485.1,"-","-","-","-","-","-","-","-","-",HM041602.1,"-","-","-","-","-","-","-","-","-","-",
"547104-Opuntia lasiacantha",HM041740.1,HM041476.1,HM041321.1,EU930408.1,EU837061.1,"-","-","-","-","-","-",HM041596.1,"-","-","-","-","-","-","-","-","-","-",
"867493-Opuntia leucotricha",FN997478.1,"-","-","-",JF786954.1,"-",JF787231.1,"-","-","-",JF712767.1,"-","-","-","-",JF786795.1,"-","-","-",JF787540.1,JF787389.1,"-",
"154435-Lophocereus marginatus",FN997480.1,HM041486.1,HM041330.1,"-",AY181587.1,"-","-","-","-","-",AY048821.1,HM041603.1,"-","-","-","-","-","-","-","-","-","-",
"130122-Ferocactus flavovirens",FN997482.1,AF267934.1,"-","-","-","-","-","-","-","-","-","-","-","-","-","-","-","-","-","-","-","-",
"278580-Mammillaria sphacelata",FN997483.1,AY545320.1,"-",AY545442.1,"-","-","-","-","-","-","-","-","-","-","-","-","-","-","-","-","-","-",
"867497-Opuntia pilifera",FN997485.1,"-","-","-",JF786975.1,"-",JF787255.1,"-","-","-",JF712790.1,"-","-","-","-",JF786818.1,"-","-","-",JF787558.1,JF787411.1,"-",
"154438-Pachycereus weberi",FN997489.1,AY181614.1,AY181631.2,"-",AY181582.1,"-","-","-","-","-",AY048820.1,"-",KJ568436.1,"-","-",KJ568428.1,"-","-","-","-","-","-",
"867507-Opuntia velutina",FN997490.1,"-","-","-",HQ872589.1,"-","-","-","-","-","-","-","-","-","-","-","-","-","-","-","-","-",
"130126-Ferocactus robustus",FN997491.1,AY545237.1,"-",AY545345.1,"-","-","-","-","-","-","-","-","-","-","-","-","-","-","-","-","-","-",
"278555-Mammillaria mystax",FN997492.1,AY545294.1,"-",AY545414.1,"-","-","-","-","-","-","-","-","-","-","-","-","-","-","-","-","-","-",
"336147-Peniocereus viperinus",FN997495.1,DQ100033.1,DQ099964.1,MH107802.1,"-","-","-","-","-","-","-","-","-","-","-","-","-","-","-","-","-","-",
"171971-Lemaireocereus hollianus",FN997496.1,KU598012.1,AY181623.2,KU597959.1,AY181570.1,"-","-","-",KU598117.1,KY624735.1,AY048826.1,KC196833.1,JN191499.1,KY624805.1,"-","-","-","-",KU598169.1,"-","-","-",
"867504-Opuntia tehuacana",FN997497.1,"-","-","-",HQ872590.1,"-","-","-","-","-","-","-","-","-","-","-","-","-","-","-","-","-",
"223074-Stenocereus stellatus",FN997498.1,AY181590.1,HM041360.1,KF783555.1,AY181588.1,"-","-","-",KF783766.1,KY624727.1,"-",HM041618.1,KJ568437.1,KY624797.1,"-","-","-","-",KY624832.1,"-","-","-",
"223056-Myrtillocactus schenckii",FN997501.1,AY181607.1,AY181633.2,KF783547.1,AY181574.1,"-","-","-",KF783757.1,"-","-","-",KF783857.1,"-","-","-","-","-","-","-","-","-",
"278569-Mammillaria polyedra",FN997502.1,AY545308.1,"-",AY545429.1,"-","-","-","-","-","-","-","-","-","-","-","-","-","-","-","-","-","-",
"171967-Pachycereus grandis",FN997503.1,AY181605.1,AY181646.2,MH107798.1,AY181572.1,"-","-","-","-","-",AY048824.1,"-","-","-","-","-","-","-","-","-","-","-",
"278573-Mammillaria pottsii",FN997505.1,AY545312.1,"-",AY545433.1,"-","-","-","-","-","-","-","-","-","-","-","-","-","-","-","-","-","-",
"867501-Opuntia rufida",FN997506.1,"-","-","-",JF786997.1,"-",JF787277.1,"-","-","-",JF712813.1,JN387251.1,"-","-","-","-","-","-","-","-",JF787430.1,"-",
"336116-Echinocereus enneacanthus",FN997508.1,HM041415.1,DQ099931.1,KF783492.1,"-","-","-","-",KF783711.1,"-","-",HM041565.1,KF783415.1,"-","-","-","-","-","-","-","-","-",
"336121-Echinocereus poselgeri",FN997511.1,DQ100004.1,DQ099935.1,KF783539.1,"-","-","-","-",KF783749.1,"-","-","-",KF783453.1,"-","-","-","-","-","-","-","-","-",
"867038-Epithelantha micromeris",FN997512.1,HM041425.1,HM041271.1,"-","-","-","-","-","-","-","-",HM041570.1,"-","-","-","-","-","-","-","-","-","-",
"866982-Cylindropuntia kleiniae",FN997513.1,"-","-","-","-","-",LN871080.1,"-","-","-","-","-","-","-","-","-","-","-","-","-","-","-",
"867013-Echinocereus longisetus",FN997515.1,KF783579.1,KF783648.1,KF783502.1,"-","-","-","-",KF783719.1,"-","-","-",KF783423.1,"-","-","-","-","-","-","-","-","-",
"336145-Peniocereus striatus",FN997520.1,DQ100031.1,DQ099962.1,MH107801.1,"-","-","-","-","-","-","-","-","-","-","-","-","-","-","-","-","-","-",
"867503-Opuntia tapona",FN997521.1,"-","-","-",JF787016.1,"-",JF787295.1,"-","-","-",JF712833.1,JN387263.1,"-","-","-",JF786860.1,"-","-","-",JF787593.1,JF787450.1,"-",
"867478-Opuntia bravoana",FN997523.1,"-","-","-",JF787045.1,"-",JF787194.1,"-","-","-",JF712727.1,"-","-","-","-",JF786755.1,"-","-","-",JF787506.1,JF787351.1,"-",
"171973-Stenocereus thurberi",FN997524.1,DQ100052.1,DQ099983.1,"-","-","-","-","-","-",KU059182.1,AY048827.1,"-","-","-","-","-","-","-","-","-","-","-",
"866985-Cylindropuntia munzii",FN997525.1,"-","-","-",HQ872597.1,"-",LN871084.1,"-","-","-","-","-","-","-","-","-","-","-","-","-","-","-",
"866989-Cylindropuntia tesajo",FN997526.1,"-","-","-",HQ872598.1,"-",LN871092.1,"-","-","-","-","-","-","-","-","-","-","-","-","-","-","-",
"867004-Echinocereus engelmannii",FN997528.1,KF783570.1,KF783639.1,KF783491.1,"-","-","-","-",KF783710.1,"-","-","-",KF783414.1,"-","-","-","-","-","-","-","-","-",
"866986-Cylindropuntia prolifera",FN997529.1,"-","-","-",HQ872600.1,"-",LN871086.1,"-","-","-","-","-","-","-","-","-","-","-","-","-","-","-",
"867480-Opuntia chlorotica",FN997530.1,"-","-","-",JF786924.1,"-",JF787201.1,"-","-","-",JF712735.1,JN387228.1,"-","-","-",JF786763.1,"-","-","-","-","-","-",
"866987-Cylindropuntia sanfelipensis",FN997531.1,"-","-","-","-","-",LN871089.1,"-","-","-","-","-","-","-","-","-","-","-","-","-","-","-",
"154433-Lophocereus gatesii",FN997532.1,AY181601.1,AY181637.2,"-",AY181568.1,"-","-","-","-","-","-","-","-","-","-","-","-","-","-","-","-","-",
"130137-Lophophora diffusa",FN997540.1,AF267942.1,AB362491.1,"-","-","-","-","-","-","-","-","-","-","-","-","-","-","-","-","-","-","-",
"130148-Mammillaria longimamma",FN997541.1,AY545281.1,"-",AY545399.1,AJ829744.2,"-","-","-","-","-",AJ583225.1,"-","-","-","-","-","-","-","-","-","-","-",
"701515-Cylindropuntia rosea",FN997543.1,"-","-","-",HQ872603.1,"-",LN871088.1,"-","-","-","-","-","-","-","-","-","-","-","-","-","-","-",
"867047-Ferocactus echidne",FN997544.1,HM041430.1,HM041276.1,MH129868.1,"-","-",MH129835.1,"-","-","-","-",HM041571.1,"-","-","-","-","-","-","-","-","-","-",
"336156-Stenocereus griseus",FN997547.1,DQ100044.1,DQ099975.1,"-",JX289547.1,"-","-","-",JX111633.1,"-",KC196822.1,KC196837.1,"-","-","-","-",JX111599.1,"-","-","-","-","-",
"866925-Ariocarpus kotschoubeyanus",FN997550.1,"-","-","-","-","-","-","-","-","-","-","-","-","-","-","-","-","-","-","-","-","-",
"867544-Turbinicarpus pseudopectinatus",FN997552.1,"-","-","-","-","-","-","-","-","-","-","-","-","-","-","-","-","-","-","-","-","-",
"866927-Ariocarpus trigonus",FN997556.1,HQ324600.1,"-",HQ324568.1,"-","-","-","-","-","-","-","-","-","-","-","-",HQ324584.1,"-","-","-","-","-",
"866924-Ariocarpus fissuratus",FN997557.1,HM041383.1,HM041228.1,"-","-","-","-","-","-","-","-",HM041538.1,"-","-","-","-","-","-","-","-","-","-",
"866926-Ariocarpus scaphirostris",FN997558.1,HQ324601.1,"-",HQ324569.1,"-","-","-","-","-","-","-","-","-","-","-","-",HQ324585.1,"-","-","-","-","-",
"867500-Opuntia pycnantha",FN997559.1,"-","-","-",HQ872604.1,"-",JF787266.1,"-","-","-",JF712803.1,JN387247.1,"-","-","-",JF786830.1,"-","-","-",JF787565.1,JF787420.1,"-",
"130143-Mammillaria glassii",FN997562.1,AY545263.1,"-",AY545380.1,"-","-","-","-","-","-","-","-","-","-","-","-","-","-","-","-","-","-",
"867043-Coryphantha vivipara",FN997563.1,KC196809.1,"-",KC196847.1,"-","-","-","-","-","-",KC196813.1,KC196825.1,MG246587.1,"-","-","-","-","-","-","-","-","-",
"867003-Echinocereus dasyacanthus",FN997564.1,KF783568.1,KF783638.1,KF783490.1,"-","-","-","-",KF783709.1,"-","-","-",KF783413.1,"-","-","-","-","-","-","-","-","-",
"866969-Coryphantha robustispina",FN997565.1,"-","-","-","-","-","-","-","-","-","-","-","-","-","-","-","-","-","-","-","-","-",
"867006-Echinocereus fendleri",FN997566.1,KF783572.1,KF783642.1,KF783494.1,"-","-","-","-",KF783713.1,"-","-","-",KF783417.1,"-","-","-","-","-","-","-","-","-",
"867419-Mammillaria guerreronis",FN997567.1,"-","-","-","-","-","-","-","-","-","-","-","-","-","-","-","-","-","-","-","-","-",
"867443-Mammillaria saboae",FN997571.1,"-","-","-","-","-","-","-","-","-","-","-","-","-","-","-","-","-","-","-","-","-",
"867422-Mammillaria halbingeri",FN997572.1,"-","-","-","-","-","-","-","-","-","-","-","-","-","-","-","-","-","-","-","-","-",
"278545-Mammillaria magnimamma",HM041716.1,AY545284.1,HM041297.1,AY545402.1,"-","-","-","-","-","-","-",HM041580.1,"-","-","-","-","-","-","-","-","-","-",
"867407-Mammillaria bocensis",FN997574.1,"-","-","-","-","-","-","-","-","-","-","-","-","-","-","-","-","-","-","-","-","-",
"867449-Mammillaria sonorensis",FN997579.1,"-","-","-","-","-","-","-","-","-","-","-","-","-","-","-","-","-","-","-","-","-",
"911489-Lymanbensonia brevispina",FR716759.1,FR716770.1,"-",FR716780.1,"-","-","-","-",FR716790.1,"-","-","-","-","-","-","-","-","-","-","-","-","-",
"911492-Pfeiffera asuntapatensis",FR716760.1,FR716771.1,"-",FR716781.1,"-","-","-","-","-","-","-","-","-","-","-","-","-","-","-","-","-","-",
"911493-Pfeiffera boliviana",FR716762.1,FR716773.1,"-",FR716783.1,"-","-","-","-","-","-","-","-","-","-","-","-","-","-","-","-","-","-",
"911494-Pfeiffera paranganiensis",FR716767.1,FR716777.1,"-",FR716787.1,"-","-","-","-","-","-","-","-","-","-","-","-","-","-","-","-","-","-",
"762198-Gymnocalycium robustum",FR821436.1,"-",FR667074.1,"-","-","-","-","-","-","-","-","-","-",FR848246.1,"-","-","-",HQ188335.1,"-","-","-","-",
"432493-Gymnocalycium bruchii",FR821441.1,"-",FR667079.1,"-","-","-","-","-","-","-","-","-","-",FR848251.1,"-","-","-",HQ188330.1,"-","-","-","-",
"762166-Gymnocalycium oenanthemum",FR821446.1,"-",FR667105.1,"-","-","-","-","-","-","-","-","-","-",FR848256.1,"-","-","-","-","-","-","-","-",
"432496-Gymnocalycium paraguayense",FR821448.1,"-",FR667086.1,"-","-","-","-","-","-","-","-","-","-",FR848258.1,"-","-","-",HQ188345.1,"-","-","-","-",
"762148-Gymnocalycium kieslingii",FR821450.1,"-","-","-","-","-","-","-","-","-","-","-","-",FR848260.1,"-","-","-","-","-","-","-","-",
"762157-Gymnocalycium mesopotamicum",FR821454.1,"-",FR667092.1,"-","-","-","-","-","-","-","-","-","-",FR848264.1,"-","-","-",HQ188343.1,"-","-","-","-",
"762133-Gymnocalycium erinaceum",FR821458.1,"-",FR667096.1,"-","-","-","-","-","-","-","-","-","-",FR848268.1,"-","-","-","-","-","-","-","-",
"484760-Gymnocalycium mihanovichii",FR821459.1,"-",FR667097.1,"-","-","-","-","-","-","-","-","-","-",FR848269.1,"-","-","-","-","-","-","-","-",
"762113-Gymnocalycium baldianum",FR821461.1,"-","-","-","-","-","-","-","-","-","-","-","-","-","-","-","-","-","-","-","-","-",
"762134-Gymnocalycium eurypleurum",FR821462.1,"-",FR667100.1,"-","-","-","-","-","-","-","-","-","-",FR848272.1,"-","-","-",HQ188337.1,"-","-","-","-",
"762181-Gymnocalycium ritterianum",FR821495.1,"-","-","-","-","-","-","-","-","-","-","-","-",FR848305.1,"-","-","-","-","-","-","-","-",
"762190-Gymnocalycium uebelmannianum",FR821466.1,"-",FR667104.1,"-","-","-","-","-","-","-","-","-","-",FR848276.1,"-","-","-","-","-","-","-","-",
"762187-Gymnocalycium striglianum",FR821468.1,"-",FR667106.1,"-","-","-","-","-","-","-","-","-","-",FR848278.1,"-","-","-","-","-","-","-","-",
"762126-Gymnocalycium chacoense",FR821474.1,"-",FR667112.1,"-","-","-","-","-","-","-","-","-","-",FR848284.1,"-","-","-",HQ188332.1,"-","-","-","-",
"762112-Gymnocalycium amerhauseri",FR821475.1,"-",FR667113.1,"-","-","-","-","-","-","-","-","-","-",FR848285.1,"-","-","-","-","-","-","-","-",
"762116-Gymnocalycium bayrianum",FR821478.1,"-",FR667116.1,"-","-","-","-","-","-","-","-","-","-",FR848288.1,"-","-","-","-","-","-","-","-",
"992888-Gymnocalycium calochlorum",FR821492.1,"-","-","-","-","-","-","-","-","-","-","-","-",FR848289.1,"-","-","-","-","-","-","-","-",
"992889-Gymnocalycium pugionacanthum",FR821486.1,"-","-","-","-","-","-","-","-","-","-","-","-",FR848296.1,"-","-","-","-","-","-","-","-",
"992890-Gymnocalycium stenopleurum",FR821488.1,"-","-","-","-","-","-","-","-","-","-","-","-",FR848298.1,"-","-","-","-","-","-","-","-",
"762158-Gymnocalycium monvillei",FR821499.1,"-","-","-","-","-","-","-","-","-","-","-","-",FR848309.1,"-","-","-","-","-","-","-","-",
"762118-Gymnocalycium capillense",FR821504.1,"-",FR667136.1,"-","-","-","-","-","-","-","-","-","-",FR848314.1,"-","-","-",HQ188350.1,"-","-","-","-",
"762120-Gymnocalycium castellanosii",FR821508.1,"-","-","-","-","-","-","-","-","-","-","-","-",FR848318.1,"-","-","-",HQ188331.1,"-","-","-","-",
"432489-Gymnocalycium andreae",FR821512.1,JQ779810.1,FR667150.1,"-","-",JQ779512.1,"-","-","-","-","-","-","-",FR848322.1,"-","-","-","-","-","-","-","-",
"722838-Rhipsalis oblonga",FR853113.1,FN673586.1,"-",JF700635.1,JF700732.1,"-","-","-","-",JF700684.1,"-","-","-","-",FR853303.1,"-","-","-","-","-","-","-",
"722829-Rhipsalis juengeri",FR853119.1,FN673606.1,"-",JF700653.1,JF700748.1,"-","-","-","-",JF700701.1,"-","-","-","-",FR853330.1,"-","-","-","-","-","-","-",
"1112733-Austrocylindropuntia floccosa",HE610906.1,"-","-","-","-","-","-",HE611441.1,"-","-","-","-","-","-","-","-","-","-","-","-","-","-",
"106981-Austrocylindropuntia pachypus",HE610907.1,AF191659.1,"-","-","-","-","-",HE611376.1,"-","-","-","-","-","-","-","-","-","-","-","-","-","-",
"106982-Austrocylindropuntia subulata",HE610908.1,AF191658.1,"-",AY851586.1,"-","-","-",AY875305.1,"-","-","-","-","-","-",AY875235.1,"-","-","-","-","-","-","-",
"154406-Austrocylindropuntia vestita",HE610909.1,"-","-","-",HQ872511.1,"-","-",HE611465.1,"-","-","-","-","-","-","-","-","-","-","-","-","-","-",
"1112751-Cumulopuntia chichensis",HE610913.1,"-","-","-","-","-","-",HE611368.1,"-","-","-","-","-","-","-","-","-","-","-","-","-","-",
"1112752-Cumulopuntia corotilla",HE610914.1,"-","-","-","-","-","-","-","-","-","-","-","-","-","-","-","-","-","-","-","-","-",
"1112753-Cumulopuntia ignota",HE610915.1,"-","-","-","-","-","-",HE611453.1,"-","-","-","-","-","-","-","-","-","-","-","-","-","-",
"1112771-Cumulopuntia iturbicola",HE610916.1,"-","-","-","-","-","-","-","-","-","-","-","-","-","-","-","-","-","-","-","-","-",
"1113530-Cumulopuntia leucophaea",HE610919.1,"-","-","-","-","-","-",HE611460.1,"-","-","-","-","-","-","-","-","-","-","-","-","-","-",
"1112754-Cumulopuntia rossiana",HE610920.1,"-","-","-","-","-","-","-","-","-","-","-","-","-","-","-","-","-","-","-","-","-",
"106979-Cumulopuntia sphaerica",HE610921.1,AF191661.1,"-","-","-","-","-",HE611454.1,"-","-","-","-","-","-","-","-","-","-","-","-","-","-",
"1112759-Maihueniopsis archiconoidea",HE610926.1,"-","-","-","-","-",LN555687.1,HE611398.1,"-","-","-","-","-","-","-","-","-","-","-","-","-","-",
"1112760-Maihueniopsis clavarioides",HE610927.1,"-","-","-","-","-","-",HE611404.1,"-","-","-","-","-","-","-","-","-","-","-","-","-","-",
"1112772-Maihueniopsis conoidea",HE610928.1,"-","-","-","-","-",LN555669.1,HE611422.1,"-","-","-","-","-","-","-","-","-","-","-","-","-","-",
"1112761-Maihueniopsis domeykoensis",HE610929.1,"-","-","-","-","-","-",HE611420.1,"-","-","-","-","-","-","-","-","-","-","-","-","-","-",
"1112773-Maihueniopsis glochidiata",HE610931.1,"-","-","-","-","-",LN555695.1,"-","-","-","-","-","-","-","-","-","-","-","-","-","-","-",
"867402-Maihueniopsis glomerata",HE610932.1,"-","-","-","-","-",LN555683.1,HQ621101.1,"-","-","-","-","-","-","-","-","-","-","-","-","-","-",
"1112774-Maihueniopsis hickenii",HE610934.1,"-","-","-","-","-",LN555685.1,HE611384.1,"-","-","-","-","-","-","-","-","-","-","-","-","-","-",
"1112762-Maihueniopsis minuta",HE610935.1,"-","-","-","-","-",LN555696.1,HE611361.1,"-","-","-","-","-","-","-","-","-","-","-","-","-","-",
"1112763-Maihueniopsis molfinoi",HE610936.1,"-","-","-","-","-",LN555678.1,HE611347.1,"-","-","-","-","-","-","-","-","-","-","-","-","-","-",
"1041205-Maihueniopsis ovata",HE610937.1,"-","-","-",JF786887.1,"-",LN555681.1,HE611408.1,"-","-",JF712696.1,JN387209.1,"-","-","-","-","-","-","-","-","-","-",
"1112775-Maihueniopsis platyacantha",LN555660.1,"-","-","-","-","-",LN555686.1,"-","-","-","-","-","-","-","-","-","-","-","-","-","-","-",
"1001121-Pterocactus gonjianii",HE610939.1,HM041498.1,HM041342.1,"-","-","-",LN555690.1,HE611477.1,"-","-","-","-","-","-","-","-","-","-","-","-","-","-",
"1112764-Pterocactus tuberosus",HE610940.1,"-","-","-","-","-",LN555688.1,HE611467.1,"-","-","-","-","-","-","-","-","-","-","-","-","-","-",
"1112779-Pterocactus valentinii",HE610941.1,"-","-","-","-","-",LN555689.1,HE611469.1,"-","-","-","-","-","-","-","-","-","-","-","-","-","-",
"1112782-Punotia lagopus",HE610942.1,"-","-","-","-","-","-",HE611482.1,"-","-","-","-","-","-","-","-","-","-","-","-","-","-",
"1001131-Tephrocactus alexanderi",HE610943.1,HM041522.1,HM041365.1,"-","-","-","-",HE611416.1,"-","-","-","-","-","-","-","-","-","-","-","-","-","-",
"1112765-Tephrocactus aoracanthus",HE610944.1,"-","-","-","-","-","-",HE611425.1,"-","-","-","-","-","-","-","-","-","-","-","-","-","-",
"1112780-Tephrocactus bonnieae",HE610946.1,"-","-","-","-","-","-",HE611371.1,"-","-","-","-","-","-","-","-","-","-","-","-","-","-",
"1112766-Tephrocactus molinensis",HE610947.1,"-","-","-","-","-","-",HE611377.1,"-","-","-","-","-","-","-","-","-","-","-","-","-","-",
"867531-Tephrocactus nigrispinus",HE610948.1,"-","-","-",HQ872510.1,"-","-",HE611336.1,"-","-","-","-","-","-","-","-","-","-","-","-","-","-",
"1112776-Tephrocactus recurvatus",HE610949.1,"-","-","-","-","-","-",HE611475.1,"-","-","-","-","-","-","-","-","-","-","-","-","-","-",
"1112777-Tephrocactus verschaffeltii",HE610950.1,"-","-","-","-","-","-",HE611356.1,"-","-","-","-","-","-","-","-","-","-","-","-","-","-",
"1112778-Tephrocactus weberi",HE610952.1,"-","-","-","-","-","-",HE611381.1,"-","-","-","-","-","-","-","-","-","-","-","-","-","-",
"1041271-Opuntia sulphurea",HE610953.1,"-","-","-",JF787015.1,"-",JF787294.1,"-","-","-",JF712832.1,"-","-","-","-","-","-","-","-",KJ914616.1,JF787449.1,"-",
"1001133-Tunilla corrugata",HE610954.1,HM041527.1,HM041370.1,"-",JF787030.1,"-",LN555693.1,"-","-","-","-",JN387269.1,"-","-","-","-","-","-","-","-",JF787461.1,"-",
"1112768-Tunilla soehrensii",HE610956.1,"-","-","-","-","-",LN555691.1,"-","-","-","-","-","-","-","-","-","-","-","-","-","-","-",
"1113532-Austrocylindropuntia shaferi",HE612881.1,"-","-","-","-","-","-",HE611394.1,"-","-","-","-","-","-","-","-","-","-","-","-","-","-",
"1001084-Echinopsis spiniflora",HM041644.1,HM041377.1,HM041222.1,"-","-",JQ779440.1,"-","-","-","-","-","-","-","-","-","-","-","-","-","-","-","-",
"1001085-Armatocereus procerus",HM041650.1,HM041384.1,HM041229.1,"-","-","-","-","-","-","-","-",HM041629.1,"-","-","-","-","-","-","-","-","-","-",
"866930-Astrophytum ornatum",HM041653.1,HM041387.1,KC776947.1,MH129849.1,"-","-",MH129815.1,"-","-","-","-",HM041541.1,KC777001.1,"-","-","-","-","-","-","-","-","-",
"432474-Browningia candelaris",HM041656.1,HM041390.1,HM041235.1,"-","-","-","-","-","-","-","-",HM041544.1,"-","-","-","-","-",AM502520.1,"-","-","-",AM502346.1,
"171969-Carnegiea gigantea",HM041657.1,AY181591.1,HM041236.1,KY624692.1,AY181566.1,"-",MH129808.1,"-",KY624762.1,KY624725.1,AY048825.1,HM041545.1,"-",KY624795.1,KT164772.1,"-","-","-",KY624830.1,"-","-","-",
"176263-Cereus aethiops",HM041659.1,HM041394.1,JQ779665.1,"-","-",JQ779503.1,"-","-","-","-","-","-","-","-","-","-","-","-","-","-","-","-",
"432475-Cereus hildmannianus",HM041660.1,KR998134.1,HM041240.1,KR998090.1,"-",KP017424.1,"-",KT164917.1,KY490756.1,"-","-","-","-",KY490857.1,"-",KY490731.1,KT164977.1,AM502523.1,"-","-","-","-",
"1001087-Cleistocactus parviflorus",HM041662.1,HM041397.1,HM041242.1,"-","-","-","-","-","-","-","-",HM041551.1,"-","-","-","-","-","-","-","-","-","-",
"130151-Mammillaria poselgeri",HM041665.1,HM041400.1,HM041245.1,AY545432.1,"-","-","-","-","-","-","-",HM041554.1,"-","-","-","-","-","-","-","-","-","-",
"1001090-Copiapoa cinerascens",HM041666.1,HM041401.1,HM041246.1,LN867946.1,"-","-","-","-","-",LN868048.1,"-",HM041555.1,"-","-","-","-","-","-",LN868148.1,"-","-","-",
"1001091-Copiapoa humilis",HM041668.1,HM041403.1,HM041248.1,"-","-","-","-","-","-","-","-",HM041557.1,"-","-","-","-","-","-","-","-","-","-",
"1001092-Corryocactus aureus",HM041669.1,HM041404.1,HM041249.1,"-","-","-","-","-","-","-","-",HM041631.1,"-","-","-","-","-","-","-","-","-","-",
"336120-Echinocereus pectinatus",HM041682.1,HM041416.1,DQ099934.1,KF783508.1,"-","-","-","-",KF783725.1,"-","-",HM041566.1,KF783429.1,"-","-","-","-","-","-","-","-","-",
"1001068-Sclerocactus intertextus",HM041683.1,HM041417.1,HM041263.1,"-","-","-","-","-","-","-","-",HM041567.1,"-","-","-","-","-","-","-","-","-","-",
"1001094-Sclerocactus unguispinus",HM041684.1,HM041418.1,HM041264.1,"-","-","-","-","-","-","-","-",HM041568.1,"-","-","-","-","-","-","-","-","-","-",
"267727-Echinopsis formosa",HM041685.1,JN166922.1,JQ779583.1,"-","-",JQ779420.1,"-","-","-","-","-","-","-","-","-","-","-","-","-","-","-",JN166884.1,
"1001096-Echinopsis leucantha",HM041686.1,HM041420.1,HM041266.1,"-","-",JQ779444.1,"-","-","-","-","-","-","-","-","-","-","-","-","-","-","-","-",
"1001097-Echinopsis pachanoi",HM041687.1,JN166917.1,JQ779612.1,"-","-",JQ779450.1,"-","-","-","-","-","-","-","-","-","-","-","-","-","-","-",JN166895.1,
"1001100-Eriosyce taltalensis",HM041692.1,HM041426.1,HM041272.1,MF167123.1,"-","-","-",MF167258.1,"-",MF166978.1,"-","-","-","-","-","-","-","-","-","-","-","-",
"432456-Espostoopsis dybowskii",JX683854.1,JQ779807.1,JQ779671.1,"-","-",JQ779509.1,"-","-","-","-","-","-","-","-","-","-","-",AM502559.1,"-","-","-",AM502557.1,
"867051-Ferocactus haematacanthus",HM041696.1,HM041431.1,HM041277.1,"-","-","-","-","-","-","-","-",HM041572.1,"-","-","-","-","-","-","-","-","-","-",
"1001102-Frailea pumila",HM041698.1,HM041433.1,HM041279.1,MG263760.1,"-","-","-","-","-",MF166992.1,"-","-","-","-","-","-","-","-","-","-","-","-",
"1001103-Haageocereus decumbens",HM041704.1,JQ889310.1,HM041285.1,"-","-","-","-","-","-","-","-","-","-","-","-","-","-","-","-","-","-",JQ889304.1,
"1001105-Harrisia martinii",HM041706.1,HM041441.1,HM041287.1,"-","-",JQ779493.1,"-","-","-","-","-","-","-","-","-","-","-","-","-","-","-","-",
"1001106-Maihueniopsis atacamensis",HM041713.1,HM041448.1,HM041294.1,"-","-","-","-","-","-","-","-",HM041577.1,"-","-","-","-","-","-","-","-","-","-",
"1001107-Matucana madisoniorum",HM041718.1,HM041453.1,HM041299.1,"-","-","-","-","-","-","-","-",HM041639.1,"-","-","-","-","-","-","-","-","-","-",
"1001108-Melocactus curvispinus",HM041719.1,HM041454.1,HM041300.1,"-","-","-","-","-","-","-","-","-","-","-","-","-","-","-","-","-","-","-",
"1001109-Melocactus intortus",HM041720.1,HM041455.1,HM041301.1,"-","-","-","-","-","-","-","-",HM041582.1,"-","-","-","-","-","-","-","-","-","-",
"1001070-Miqueliopuntia miquelii",HM041722.1,HM041457.1,HM041303.1,"-",JF786889.1,"-",JF787164.1,"-","-","-","-",JN387210.1,"-","-",KY047650.1,"-","-","-","-",JF787480.1,JF787322.1,"-",
"1001083-Monvillea spegazzinii",HM041723.1,HM041458.1,HM041304.1,"-","-",KP017436.1,"-","-","-","-","-","-","-","-","-","-","-","-","-","-","-","-",
"338184-Nopalea cochenillifera",HM041729.1,HM041464.1,"-","-",AM946689.1,"-",JF787166.1,HQ621109.1,"-","-",JF712701.1,HM041587.1,"-","-","-","-","-","-","-",JF787482.1,JF787324.1,"-",
"1001110-Opuntia dejecta",HM041730.1,HM041465.1,HM041310.1,"-",JF786893.1,"-",JF787168.1,"-","-","-","-",HM041588.1,"-","-","-","-","-","-","-","-",JF787326.1,"-",
"1001111-Opuntia gaumeri",HM041731.1,HM041466.1,HM041311.1,"-",JF786894.1,"-",JF787169.1,"-","-","-","-",HM041589.1,"-","-","-","-","-","-","-",JF787484.1,JF787327.1,"-",
"1001113-Opuntia lutea",HM041733.1,HM041468.1,HM041313.1,"-",JF786900.1,"-",JF787170.1,"-","-","-","-",HM041591.1,"-","-","-","-","-","-","-",JF787490.1,JF787333.1,"-",
"1001078-Parodia concinna",HM041735.1,HM041470.1,HM041315.1,"-","-","-","-","-","-","-","-",HM041592.1,"-","-","-","-","-","-","-","-","-","-",
"766221-Cylindropuntia tunicata",HM041746.1,HM041482.1,HM041327.1,"-","-","-",LN871095.1,"-","-","-","-",HM041600.1,"-","-","-","-","-","-","-","-","-","-",
"154436-Pachycereus pecten aboriginum",HM041750.1,AY181615.1,AY181624.2,"-",AY181583.1,"-","-","-","-","-",AY048823.1,HM041604.1,"-","-","-","-","-","-","-","-","-","-",
"182829-Parodia erinacea",HM041752.1,HM041489.1,HM041333.1,"-",AY064368.1,"-","-","-","-","-","-",HM041625.1,"-","-","-","-","-","-","-","-","-","-",
"336106-Peniocereus chiapensis",HM041754.1,KU598005.1,DQ099917.1,KU597952.1,"-","-","-","-",KU598110.1,"-","-",HM041606.1,KF783472.1,"-","-","-","-","-",KU598162.1,"-","-","-",
"336131-Peniocereus greggii",HM041755.1,HM041492.1,HM041336.1,"-","-","-","-","-","-","-","-",HM041607.1,"-","-","-","-","-","-","-","-","-","-",
"107611-Quiabentia verticillata",HM041765.1,HM041502.1,HM041346.1,AY875340.1,"-","-","-",AY875319.1,"-","-","-","-","-","-",AY875239.1,"-","-","-","-","-","-","-",
"432466-Weingartia arenacea",HM041767.1,HM041504.1,JQ779684.1,"-","-",JQ779522.1,"-","-","-","-",AM502421.1,HM041633.1,"-","-","-","-","-",AM502422.1,"-","-","-",AM502420.1,
"432507-Rebutia fiebrigii",HM041768.1,HM041505.1,HM041349.1,"-","-","-","-","-","-","-",AM502436.1,"-","-","-","-","-","-",AM502437.1,"-","-","-","-",
"130168-Sclerocactus brevihamatus",HM041770.1,AF267964.1,HM041351.1,"-","-","-","-","-","-","-","-",HM041620.1,"-","-","-","-","-","-","-","-","-","-",
"169220-Tacinga funalis",HM041784.1,HM041521.1,HM041364.1,"-","-","-","-","-","-","-","-","-","-","-","-",AY042660.1,"-","-","-","-","-","-",
"130183-Turbinicarpus pseudomacrochele",HM041792.1,AF267971.1,HM041372.1,"-","-","-","-","-","-","-","-",HM041612.1,"-","-","-","-","-","-","-","-","-","-",
"1038477-Coryphantha duncanii",HQ620872.1,"-","-","-","-","-","-","-","-","-","-","-","-","-","-","-","-","-","-","-","-","-",
"308221-Pereskiopsis aquosa",HQ620882.1,"-","-",AY875324.1,"-","-","-",AY875300.1,"-","-","-","-","-","-",AY875225.1,"-","-","-","-","-","-","-",
"1038490-Ferocactus leucacanthus",HQ620892.1,"-","-","-","-","-","-","-","-","-","-","-","-","-","-","-","-","-","-","-","-","-",
"432450-Denmoza rhodacantha",JX683840.1,KM487304.1,JQ779608.1,KC196839.1,"-",JQ779446.1,"-","-","-","-","-",HM041561.1,"-","-","-","-","-",AM502540.1,"-","-","-",AM502538.1,
"1217522-Facheiroa ulei",JX683841.1,"-",JQ779689.1,"-","-",JQ779527.1,"-","-","-","-","-","-","-","-","-","-","-","-","-","-","-","-",
"176262-Arrojadoa rhodantha",JX683842.1,KM487318.1,HM041230.1,"-","-",KC779313.1,"-",KX301244.1,"-","-",AM502515.1,HM041539.1,"-",KX301129.1,MG430010.1,"-",KX301086.1,AM502514.1,"-","-","-",AM502345.1,
"1217520-Lasiocereus fulvus",JX683843.1,JQ779821.1,JQ779687.1,"-","-",JQ779525.1,"-","-","-","-","-","-","-","-","-","-","-","-","-","-","-","-",
"1354805-Lasiocereus rupicola",JX683844.1,"-","-","-","-","-","-","-","-","-","-","-","-","-","-","-","-","-","-","-","-","-",
"176269-Neoraimondia herzogiana",JX683845.1,HM041463.1,HM041309.1,"-","-","-","-","-","-","-","-",HM041586.1,"-","-","-","-","-",AM502575.1,"-","-","-","-",
"1354779-Arthrocereus glaziovii",JX683846.1,KM487309.1,"-","-","-","-","-","-","-","-","-","-","-","-","-","-","-","-","-","-","-","-",
"1354787-Pilosocereus floccosus",JX683847.1,"-","-","-","-","-","-","-","-","-","-","-","-","-","-","-","-","-","-","-","-","-",
"432452-Discocactus zehntneri",JX683848.1,KM487312.1,"-","-","-","-","-","-","-","-","-","-","-","-","-","-","-","-","-","-","-","-",
"1354785-Melocactus zehntneri",JX683849.1,"-","-","-","-",KX301198.1,"-",KX301236.1,"-","-","-","-","-",KX301117.1,"-","-",KX301074.1,"-","-","-","-","-",
"432511-Aylostera pygmaea",JX683851.1,JQ779816.1,JQ779680.1,"-","-",JQ779518.1,"-","-","-","-","-","-","-","-","-","-","-",AM502461.1,"-","-","-",KU737383.1,
"1354784-Jasminocereus thouarsii",JX683856.1,"-","-","-","-","-","-","-","-","-","-","-","-","-","-","-","-","-","-","-","-","-",
"1170801-Yungasocereus inquisivensis",JX683858.1,JQ779797.1,JQ779659.1,"-","-",JQ779497.1,"-","-","-","-","-","-","-","-","-","-","-","-","-","-","-",JN166898.1,
"1354793-Brachycereus nesioticus",JX683859.1,"-","-","-","-","-","-","-","-","-","-","-","-","-","-","-","-","-","-","-","-","-",
"1001072-Pygmaeocereus bylesianus",JX683862.1,JQ779759.1,JQ779615.1,"-","-",JQ779453.1,"-","-","-","-","-","-","-","-","-","-","-","-","-","-","-","-",
"432487-Espostoa lanata",JX683863.1,JQ779760.1,JQ779616.1,"-","-",JQ779454.1,"-","-","-","-","-","-","-","-",MG430059.1,"-","-",AM502553.1,"-","-","-",AM502551.1,
"1354780-Cleistocactus ritteri",JX683864.1,KM487319.1,"-","-","-","-","-","-","-","-","-","-","-","-","-","-","-","-","-","-","-","-",
"1354783-Facheiroa squamosa",JX683865.1,"-","-","-","-","-","-","-","-","-","-","-","-","-","-","-","-","-","-","-","-","-",
"432462-Cipocereus minensis",JX683867.1,KM487302.1,"-","-","-",KP017439.1,"-",KM888774.1,"-","-",AM502525.1,"-","-","-","-","-","-",AM502526.1,"-","-","-",AM502524.1,
"1354807-Brasilicereus markgrafii",JX683870.1,KM487316.1,"-","-","-","-","-","-","-","-","-","-","-","-","-","-","-","-","-","-","-","-",
"432454-Espostoa guentheri",JX683871.1,JQ779795.1,JQ779657.1,"-","-",JQ779495.1,"-","-","-","-","-","-","-","-","-","-","-",AM502550.1,"-","-","-",AM502548.1,
"176268-Mila caespitosa",JX683872.1,HM041456.1,JQ779619.1,"-","-",JQ779457.1,"-","-","-","-","-","-","-","-","-","-","-","-","-","-","-","-",
"1354781-Cleistocactus samaipatanus",JX683873.1,KM487301.1,"-","-","-","-","-","-","-","-","-","-","-","-","-","-","-","-","-","-","-","-",
"1217526-Leocereus bahiensis",JX683874.1,JQ779808.1,JQ779672.1,"-","-",JQ779510.1,"-","-","-","-","-","-","-","-","-","-","-","-","-","-","-","-",
"432458-Oroya peruviana",JX683875.1,JQ779766.1,JQ779623.1,"-","-",JQ779461.1,"-","-","-","-","-","-","-","-","-","-","-",AM502580.1,"-","-","-",AM502578.1,
"1217459-Cleistocactus baumannii",JX683877.1,KM487306.1,JQ779662.1,"-","-",JQ779500.1,"-","-","-","-","-","-","-","-","-","-","-","-","-","-","-","-",
"1240066-Gymnocalycium esperanzae",JX905220.1,"-",JX905275.1,"-","-","-","-","-","-","-","-","-","-","-","-","-","-","-","-","-","-","-",
"762117-Gymnocalycium bodenbenderianum",JX905222.1,"-",FR667090.1,"-","-","-","-","-","-","-","-","-","-",FR848262.1,"-","-","-",HQ188346.1,"-","-","-","-",
"1240064-Gymnocalycium berchtii",JX905229.1,"-","-","-","-","-","-","-","-","-","-","-","-","-","-","-","-","-","-","-","-","-",
"762144-Gymnocalycium hossei",JX905238.1,HM041436.1,HM041282.1,"-","-","-","-","-","-","-","-","-","-",FR848254.1,"-","-","-",HQ188342.1,"-","-","-","-",
"762173-Gymnocalycium quehlianum",JX905240.1,"-",JX905274.1,"-","-","-","-","-","-","-","-","-","-",FR848319.1,"-","-","-","-","-","-","-","-",
"1240072-Gymnocalycium nigriareolatum",JX905241.1,"-",JX905272.1,"-","-","-","-","-","-","-","-","-","-","-","-","-","-","-","-","-","-","-",
"1217507-Echinopsis cardenasiana",JX905248.1,"-",JQ779532.1,"-","-",JQ779370.1,"-","-","-","-","-","-","-","-","-","-","-","-","-","-","-","-",
"336151-Selenicereus grandiflorus",LT745717.1,DQ100039.1,DQ099970.1,KU597971.1,"-","-","-","-",KU598129.1,KY624734.1,"-","-","-",KY624804.1,"-","-","-","-",KU598180.1,"-","-","-",
"762184-Gymnocalycium saglionis",JX905250.1,HM041437.1,HM041283.1,"-","-","-","-","-","-","-","-","-","-",FR848286.1,"-","-","-",HQ188347.1,"-","-","-","-",
"1349388-Astrophytum coahuilense",KC776987.1,"-",KC776957.1,"-","-","-","-","-","-","-","-","-",KC777013.1,"-","-","-","-","-","-","-","-","-",
"1591212-Rhipsalis flagelliformis",KM235319.1,KM235321.1,"-",KM235320.1,"-","-","-","-","-","-","-","-","-","-",KM235323.1,"-","-","-","-","-","-","-",
"1542480-Maihueniopsis colorea",LN555666.1,"-","-","-","-","-",LN555677.1,"-","-","-","-","-","-","-","-","-","-","-","-","-","-","-",
"993095-Maihueniopsis darwinii",LN555658.1,"-","-","-",HQ872509.1,"-",LN555673.1,"-","-","-","-","-","-","-","-","-","-","-","-","-","-","-",
"1789616-Disocactus ackermannii",LT745636.1,LT745519.1,KU598037.1,KU597932.1,"-","-","-","-",KU598090.1,"-","-","-","-","-","-","-","-","-",KU598143.1,"-","-","-",
"1789617-Disocactus anguliger",LT745638.1,LT745521.1,KU598079.1,KU597974.1,"-","-","-","-",KU598132.1,"-","-","-","-","-","-","-","-","-",KU598182.1,"-","-","-",
"1789619-Disocactus biformis",LT745639.1,LT745522.1,KU598069.1,KU597964.1,"-","-","-","-",KU598122.1,"-","-","-","-","-","-","-","-","-",KU598174.1,"-","-","-",
"1789620-Disocactus crenatus",LT745640.1,LT745523.1,LT745425.1,KU597965.1,"-","-","-","-",KU598120.1,"-","-","-","-","-","-","-","-","-",KU598175.1,"-","-","-",
"1789621-Disocactus eichlamii",LT745644.1,LT745527.1,KU598063.1,KU597958.1,"-","-","-","-",KU598116.1,"-","-","-","-","-","-","-","-","-",KU598168.1,"-","-","-",
"1959241-Disocactus macdougallii",LT745645.1,LT745529.1,LT745409.1,"-","-","-","-","-","-","-","-","-","-","-","-","-","-","-","-","-","-","-",
"1789624-Disocactus macranthus",LT745646.1,LT745531.1,KU598042.1,KU597929.1,"-","-","-","-",KU598087.1,"-","-","-","-","-","-","-","-","-",KU598140.1,"-","-","-",
"1678020-Disocactus phyllanthoides",LT745651.1,LT745535.1,KR233262.1,KU597928.1,"-","-","-","-",KU598086.1,"-","-","-","-","-","-","-","-","-",KU598181.1,"-","-","-",
"1789626-Disocactus quezaltecus",LT745652.1,LT745536.1,KU598047.1,KU597942.1,"-","-","-","-",KU598100.1,"-","-","-","-","-","-","-","-","-",KU598152.1,"-","-","-",
"1959245-Epiphyllum baueri",LT745658.1,LT745543.1,"-","-","-","-","-","-","-","-","-","-","-","-","-","-","-","-","-","-","-","-",
"1789633-Epiphyllum cartagense",LT745659.1,KU598002.1,KU598054.1,KU597949.1,"-","-","-","-",KU598107.1,"-","-","-","-","-","-","-","-","-",KU598159.1,"-","-","-",
"1548882-Epiphyllum hookeri",LT745661.1,LT745546.1,KU598049.1,KU597944.1,"-","-","-","-",KU598102.1,"-","-","-",KF783859.1,"-","-","-","-","-",KU598154.1,"-","-","-",
"1789623-Disocactus lepidocarpus",LT745664.1,LT745528.1,KU598065.1,KU597960.1,"-","-","-","-",KU598118.1,"-","-","-","-","-","-","-","-","-",KU598170.1,"-","-","-",
"1195123-Epiphyllum oxypetalum",LT745665.1,LT745549.1,LT745432.1,"-","-","-","-",JX627697.1,JX111665.1,JX111598.1,"-","-",MG954235.1,"-","-",MG954229.1,JX111631.1,"-","-","-","-","-",
"983932-Epiphyllum phyllanthus",LT745666.1,LT745550.1,HM041270.1,KU597963.1,"-","-","-","-",KU598121.1,HQ727886.1,"-",HM041569.1,"-","-","-","-","-","-",KU598173.1,"-","-","-",
"1789636-Epiphyllum pumilum",LT745670.1,KU597993.1,KU598045.1,KU597940.1,"-","-","-","-",KU598098.1,"-","-","-","-","-","-","-","-","-","-","-","-","-",
"1475402-Epiphyllum thomasianum",LT745672.1,LT745556.1,KU598071.1,KU597966.1,"-","-","-","-",KU598124.1,"-","-","-","-","-","-","-","-","-","-","-","-","-",
"1959250-Hylocereus calcaratus",LT745674.1,LT745558.1,LT745440.1,"-","-","-","-","-","-","-","-","-","-","-","-","-","-","-","-","-","-","-",
"1125938-Hylocereus costaricensis",LT745675.1,LT745560.1,LT745442.1,"-",JX289641.1,"-","-",JX627698.1,JX111638.1,JX111574.1,"-","-",JQ590992.1,"-","-","-",JX111605.1,"-","-","-","-","-",
"1195127-Hylocereus megalanthus",LT745678.1,LT745563.1,LT745445.1,"-",JX289708.1,"-","-",JX627701.1,JX111643.1,JX111580.1,"-","-","-","-","-","-",JX111609.1,"-","-","-","-","-",
"1959252-Hylocereus minutiflorus",LT745679.1,LT745564.1,LT745447.1,"-","-","-","-","-","-","-","-","-","-","-","-","-","-","-","-","-","-","-",
"1195128-Hylocereus monacanthus",LT745684.1,LT745571.1,LT745448.1,"-",JX289639.1,"-","-",JX627705.1,JX111645.1,JX111568.1,"-","-","-","-","-","-",JX111632.1,"-","-","-","-","-",
"1959253-Hylocereus setaceus",LT745690.1,LT745575.1,LT745457.1,"-","-","-","-","-","-","-","-","-","-","-","-","-","-","-","-","-","-","-",
"1959254-Hylocereus stenopterus",LT745693.1,LT745577.1,LT745460.1,"-","-","-","-","-","-","-","-","-","-","-","-","-","-","-","-","-","-","-",
"176265-Hylocereus undatus",LT745695.1,DQ100010.1,HM041290.1,"-",JX289640.1,"-","-",JX627712.1,JX111650.1,JX111569.1,"-",HM041574.1,"-","-","-","-",JX111610.1,"-","-","-","-","-",
"1959257-Pseudorhipsalis acuminata",LT745697.1,LT745580.1,LT745465.1,"-","-","-","-","-","-","-","-","-","-","-","-","-","-","-","-","-","-","-",
"1959258-Pseudorhipsalis alata",LT745698.1,LT745581.1,LT745466.1,"-","-","-","-","-","-","-","-","-","-","-","-","-","-","-","-","-","-","-",
"1789639-Pseudorhipsalis himantoclada",LT745703.1,LT745586.1,KU598050.1,KU597945.1,"-","-","-","-",KU598103.1,"-","-","-","-","-","-","-","-","-",KU598155.1,"-","-","-",
"1959262-Pseudorhipsalis lankesteri",LT745704.1,LT745587.1,LT745472.1,"-","-","-","-","-","-","-","-","-","-","-","-","-","-","-","-","-","-","-",
"1959263-Pseudorhipsalis ramulosa",LT745705.1,LT745588.1,LT745473.1,"-","-","-","-","-","-","-","-","-","-","-","-","-","-","-","-","-","-","-",
"1959265-Selenicereus anthonyanus",LT745708.1,LT745591.1,LT745476.1,"-","-","-","-","-","-","-","-","-","-","-","-","-","-","-","-","-","-","-",
"1195129-Selenicereus atropilosus",LT745709.1,LT745592.1,KU598082.1,KU597977.1,JX289556.1,"-","-",JX627715.1,JX111652.1,JX111589.1,"-","-","-","-","-","-",JX111615.1,"-",KU598185.1,"-","-","-",
"1959268-Selenicereus dorschianus",LT745712.1,LT745595.1,LT745480.1,"-","-","-","-","-","-","-","-","-","-","-","-","-","-","-","-","-","-","-",
"336152-Selenicereus hamatus",LT745720.1,DQ100040.1,DQ099971.1,"-",JX289762.1,"-","-",JX627717.1,JX111655.1,JX111587.1,"-","-","-","-","-","-",JX111618.1,"-","-","-","-","-",
"1959255-Hylocereus tricae",LT745723.1,LT745607.1,LT745491.1,"-","-","-","-","-","-","-","-","-","-","-","-","-","-","-","-","-","-","-",
"1195133-Selenicereus pteranthus",LT745727.1,LT745610.1,LT745495.1,"-",JX289788.1,"-",JQ889302.1,JX627720.1,JX111658.1,JX111588.1,"-","-","-","-","-","-",JX111621.1,"-","-","-","-","-",
"1959273-Selenicereus validus",LT745731.1,"-","-","-","-","-","-","-","-","-","-","-","-","-","-","-","-","-","-","-","-","-",
"1195132-Selenicereus inermis",LT745732.1,LT745615.1,LT745489.1,"-",JX289582.1,"-","-",JX627718.1,JX111656.1,JX111591.1,"-","-","-","-","-","-",JX111619.1,"-","-","-","-","-",
"336150-Strophocactus chontalensis",LT745733.1,DQ100038.1,DQ099969.1,"-","-","-","-","-","-","-","-","-","-","-","-","-","-","-","-","-","-","-",
"1109431-Deamia testudo",LT745735.1,KY624648.1,KY624662.1,KY624696.1,"-","-","-",JX627725.1,KY624766.1,KY624732.1,"-","-",JQ590997.1,KY624801.1,"-","-",JX111603.1,"-",KY624836.1,"-","-","-",
"83432-Strophocactus wittii",LT745736.1,LT745619.1,KY624664.1,KY624697.1,"-","-","-","-",KY624767.1,KY624733.1,"-","-","-",KY624803.1,"-","-","-","-","-","-","-","-",
"1959276-Weberocereus frohningiorum",LT745737.1,LT745620.1,LT745504.1,"-","-","-","-","-","-","-","-","-","-","-","-","-","-","-","-","-","-","-",
"336105-Weberocereus glaber",LT745738.1,DQ100053.1,DQ099984.1,KU597979.1,"-","-","-","-",KU598137.1,"-","-","-","-","-","-","-","-","-",KU598187.1,"-","-","-",
"1959278-Weberocereus imitans",LT745740.1,LT745623.1,LT745507.1,"-","-","-","-","-","-","-","-","-","-","-","-","-","-","-","-","-","-","-",
"1959279-Weberocereus rosei",LT745741.1,LT745624.1,LT745508.1,"-","-","-","-","-","-","-","-","-","-","-","-","-","-","-","-","-","-","-",
"1959280-Weberocereus tonduzii",LT745742.1,LT745625.1,LT745509.1,"-","-","-","-","-","-","-","-","-","-","-","-","-","-","-","-","-","-","-",
"1959281-Weberocereus trichophorus",LT745743.1,LT745626.1,LT745510.1,"-","-","-","-","-","-","-","-","-","-","-","-","-","-","-","-","-","-","-",
"1959282-Weberocereus tunilla",LT745745.1,LT745628.1,LT745512.1,"-","-","-","-","-","-","-","-","-","-","-","-","-","-","-","-","-","-","-",
"106977-Grusonia clavata","-",AF191664.1,"-","-",HQ872563.1,"-",LN871100.1,"-","-","-","-","-","-","-","-","-","-","-","-","-","-","-",
"130107-Corryocactus brachypetalus","-",AF267925.1,"-","-","-","-","-","-","-","-","-","-","-","-","-","-","-","-","-","-","-","-",
"130109-Coryphantha pallida","-",AF267926.1,"-",AY545340.1,"-","-","-","-","-","-","-","-","-","-","-","-","-","-","-","-","-","-",
"130121-Ferocactus cylindraceus","-",KC196804.1,"-",KC196846.1,"-","-","-","-","-","-",KC196817.1,"-","-","-","-","-","-","-","-","-","-","-",
"130158-Obregonia denegrii","-",AF267960.1,HM041316.1,"-","-","-","-","-","-","-","-","-","-","-","-","-","-","-","-","-","-","-",
"130164-Pediocactus simpsonii","-",HQ324602.1,"-",HQ324570.1,"-","-","-","-","-","-","-","-","-","-","-","-",HQ324586.1,"-","-","-","-","-",
"130169-Sclerocactus spinosior","-",AF267965.1,"-","-","-","-","-","-","-","-","-","-","-","-","-","-","-","-","-","-","-","-",
"130170-Sclerocactus whipplei","-",AF267966.1,"-","-","-","-","-","-","-","-","-","-","-","-","-","-","-","-","-","-","-","-",
"223068-Pachycereus tepamo","-",AY181593.1,AY181647.2,MH107799.1,AY181560.1,"-","-","-","-","-","-","-","-","-","-","-","-","-","-","-","-","-",
"223065-Lemaireocereus lepidanthus","-",AY181598.1,AY181639.2,"-",AY181575.1,"-","-","-","-","-","-","-","-","-","-","-","-","-","-","-","-","-",
"223073-Stenocereus martinezii","-",AY181604.1,AY181641.2,"-",AY181571.1,"-","-","-","-","-","-","-","-","-","-","-","-","-","-","-","-","-",
"223064-Pterocereus gaumeri","-",AY181606.1,AY181626.2,KY624691.1,AY181573.1,"-","-","-",KY624761.1,KY624724.1,"-","-","-",KY624794.1,"-","-","-","-",KY624829.1,"-","-","-",
"223072-Stenocereus fricii","-",AY181612.1,AY181634.2,"-",AY181580.1,"-","-","-","-","-","-","-","-","-","-","-","-","-","-","-","-","-",
"223070-Stenocereus chrysocarpus","-",AY181617.1,AY181643.2,"-",AY181586.1,"-","-","-","-","-","-","-","-","-","-","-","-","-","-","-","-","-",
"278501-Coryphantha hesteri","-",AY545234.1,"-",AY545342.1,"-","-","-","-","-","-","-","-","-","-","-","-","-","-","-","-","-","-",
"278525-Mammillaria formosa","-",AY545259.1,"-",AY545376.1,"-","-","-","-","-","-","-","-","-","-","-","-","-","-","-","-","-","-",
"278527-Mammillaria gasseriana","-",AY545261.1,"-",AY545378.1,"-","-","-","-","-","-","-","-","-","-","-","-","-","-","-","-","-","-",
"278539-Mammillaria klissingiana","-",AY545278.1,"-",AY545395.1,"-","-","-","-","-","-","-","-","-","-","-","-","-","-","-","-","-","-",
"278547-Mammillaria mammillaris","-",AY545286.1,"-",AY545404.1,"-","-","-","-","-","-","-","-","-","-","-","-","-","-","-","-","-","-",
"278559-Mammillaria oteroi","-",AY545297.1,"-",AY545418.1,"-","-","-","-","-","-","-","-","-","-","-","-","-","-","-","-","-","-",
"246743-Mammillaria rettigiana","-",AY545315.1,"-",AY545436.1,AJ829736.2,"-","-","-","-","-",AJ583231.1,"-","-","-","-","-","-","-","-","-","-","-",
"265243-Mammillaria tonalensis","-",AY545326.1,"-",AY547268.1,"-","-","-","-","-","-","-","-","-","-","-","-","-","-","-","-","-","-",
"336111-Armatocereus laetus","-",DQ099992.1,DQ099923.1,"-","-","-","-","-","-","-","-","-","-","-","-","-","-","-","-","-","-","-",
"336112-Armatocereus matucanensis","-",DQ099993.1,DQ099924.1,"-","-","-","-","-","-","-","-","-","-","-","-","-","-","-","-","-","-","-",
"336099-Dendrocereus nudiflorus","-",DQ099998.1,DQ099929.1,"-","-","-","-","-","-","-","-","-","-","-","-","-","-","-","-","-","-","-",
"267724-Eulychnia castanea","-",HM041429.1,DQ099938.1,MG263772.1,"-","-","-","-",MG263782.1,MG263821.1,"-","-","-","-","-","-","-","-","-","-","-","-",
"336125-Harrisia earlei","-",DQ100008.1,DQ099939.1,KY624665.1,"-","-","-","-","-",KY624698.1,"-","-","-",KY624768.1,"-","-","-","-","-","-","-",JN166872.1,
"176266-Leptocereus quadricostatus","-",KF783620.1,DQ099942.1,AY851582.1,"-","-","-","-",KF783768.1,KY624737.1,"-","-",KF783471.1,KY624807.1,"-",KF783845.1,"-","-",KY624837.1,"-","-","-",
"336136-Peniocereus lazaro cardenasii","-",DQ100021.1,DQ099952.1,KF783550.1,"-","-","-","-",KF783760.1,"-","-","-",KF783464.1,"-","-",KF783853.1,"-","-","-","-","-","-",
"336139-Peniocereus marianus","-",DQ100024.1,DQ099955.1,MH107800.1,"-","-","-","-","-","-","-","-","-","-","-","-","-","-","-","-","-","-",
"336148-Peniocereus zopilotensis","-",DQ100034.1,DQ099965.1,"-","-","-","-","-","-","-","-","-","-","-","-","-","-","-","-","-","-","-",
"336103-Pseudoacanthocereus brasiliensis","-",DQ100036.1,DQ099967.1,"-","-","-","-","-","-","-","-","-","-","-","-","-","-","-","-","-","-","-",
"336149-Pseudoacanthocereus sicariguensis","-",DQ100037.1,DQ099968.1,"-","-","-","-","-","-","-","-","-","-","-","-","-","-","-","-","-","-","-",
"336155-Stenocereus chacalapensis","-",DQ100043.1,DQ099974.1,"-","-","-","-","-","-","-","-","-","-","-","-","-","-","-","-","-","-","-",
"722850-Rhipsalis sulcata","-",FN673617.1,"-",FN669045.1,"-","-","-","-","-","-","-","-","-","-",FR853341.1,"-","-","-","-","-","-","-",
"176264-Harrisia adscendens","-",JN166899.1,"-","-","-","-","-","-","-","-","-","-","-","-","-","-","-","-","-","-","-",JN166871.1,
"1170799-Harrisia tetracantha","-",JQ779790.1,JQ779652.1,"-","-",JQ779490.1,"-","-","-","-","-","-","-","-",MG430147.1,"-","-","-","-","-","-","-",
"1170800-Harrisia tortuosa","-",JQ779794.1,JQ779656.1,"-","-",JQ779494.1,"-","-","-","-","-","-","-","-","-","-","-","-","-","-","-","-",
"1170797-Harrisia regelii","-",JN166902.1,"-","-","-",JN166933.1,"-","-","-","-","-","-","-","-","-","-","-","-","-","-","-","-",
"1170790-Echinopsis terscheckii","-",JQ779788.1,JQ779650.1,"-",MN128944.1,JQ779488.1,"-","-","-","-","-","-","-","-","-","-","-","-","-","-","-",JN166880.1,
"176271-Echinopsis candicans","-",JQ779724.1,JQ779573.1,"-","-",JQ779412.1,"-","-","-","-","-","-","-","-","-","-","-","-","-","-","-",JN166885.1,
"1170785-Echinopsis hahniana","-",JQ779734.1,JQ779588.1,"-","-",JQ779426.1,"-","-","-","-","-","-","-","-","-","-","-","-","-","-","-",JN166888.1,
"432485-Echinopsis schickendantzii","-",JN166909.1,JQ779585.1,"-","-",JQ779423.1,"-","-","-","-","-","-","-","-","-","-","-",AM502469.1,"-","-","-",JN166889.1,
"1170791-Echinopsis thelegona","-",JN166910.1,JQ779577.1,"-","-",JQ779415.1,"-","-","-","-","-","-","-","-","-","-","-","-","-","-","-",JN166887.1,
"1170788-Echinopsis strigosa","-",JQ779726.1,JQ779576.1,"-","-",JQ779414.1,"-","-","-","-","-","-","-","-","-","-","-","-","-","-","-",JN166892.1,
"1170782-Echinopsis camarguensis","-",JN166912.1,"-","-","-","-","-","-","-","-","-","-","-","-","-","-","-","-","-","-","-",JN166890.1,
"1170792-Echinopsis vasquezii","-",JQ779733.1,JQ779587.1,"-","-",JQ779425.1,"-","-","-","-","-","-","-","-","-","-","-","-","-","-","-",JN166891.1,
"1170789-Echinopsis tacaquirensis","-",JN166914.1,JQ779569.1,"-","-",JQ779407.1,"-","-","-","-","-","-","-","-","-","-","-","-","-","-","-",JN166893.1,
"1170786-Echinopsis lageniformis","-",JQ779755.1,JQ779611.1,"-","-",JQ779449.1,"-","-","-","-","-","-","-","-","-","-","-","-","-","-","-",JN166894.1,
"1170779-Cleistocactus laniceps","-",JN166916.1,"-","-","-","-","-","-","-","-","-","-","-","-","-","-","-","-","-","-","-",JN166877.1,
"1170778-Arthrocereus spinosissimus","-",JQ779803.1,JQ779667.1,"-","-",JQ779505.1,"-","-","-","-","-","-","-","-","-","-","-","-","-","-","-",JN166897.1,
"983931-Praecereus saxicola","-",JN166921.1,"-",HQ727762.1,HQ727802.1,KP017448.1,"-","-",HQ727841.1,"-","-","-","-","-","-","-","-","-","-","-","-",JN166896.1,
"1170783-Echinopsis chamaecereus","-",JN166924.1,JQ779596.1,"-","-",JQ779434.1,"-","-","-","-","-","-","-","-","-","-","-","-","-","-","-",JN166883.1,
"686408-Echinopsis haematantha","-",JN166927.1,JQ779643.1,"-","-",JQ779480.1,"-","-","-","-","-","-","-","-","-","-","-","-","-","-","-",GU084392.1,
"432478-Echinopsis ancistrophora","-",JQ779691.1,JQ779529.1,"-","-",JQ779368.1,"-","-","-","-","-","-","-","-","-","-","-","-","-","-","-","-",
"1217475-Echinopsis obrepanda","-",JQ779696.1,JQ779539.1,"-","-",JQ779377.1,"-","-","-","-","-","-","-","-","-","-","-","-","-","-","-","-",
"1217460-Echinopsis rojasii","-",JQ779697.1,JQ779540.1,"-","-",JQ779378.1,"-","-","-","-","-","-","-","-","-","-","-","-","-","-","-","-",
"1217467-Echinopsis calorubra","-",JQ779700.1,JQ779545.1,"-","-",JQ779383.1,"-","-","-","-","-","-","-","-","-","-","-","-","-","-","-","-",
"1217493-Echinopsis ferox","-",JQ779701.1,JQ779546.1,"-","-",JQ779384.1,"-","-","-","-","-","-","-","-","-","-","-","-","-","-","-","-",
"1217494-Echinopsis pugionacantha","-",JQ779702.1,JQ779547.1,"-","-",JQ779385.1,"-","-","-","-","-","-","-","-","-","-","-","-","-","-","-","-",
"1217464-Echinopsis backebergii","-",JQ779703.1,JQ779549.1,"-","-",JQ779386.1,"-","-","-","-","-","-","-","-","-","-","-","-","-","-","-","-",
"432486-Echinopsis tiegeliana","-",JQ779705.1,JQ779551.1,"-","-",JQ779389.1,"-","-","-","-","-","-","-","-","-","-","-",AM502446.1,"-","-","-",AM502444.1,
"432481-Echinopsis cinnabarina","-",JQ779706.1,JQ779552.1,"-","-",JQ779390.1,"-","-","-","-","-","-","-","-","-","-","-",AM502357.1,"-","-","-",AM502355.1,
"1217474-Echinopsis maximiliana","-",JQ779707.1,JQ779553.1,"-","-",JQ779391.1,"-","-","-","-","-","-","-","-","-","-","-","-","-","-","-","-",
"246746-Echinopsis schieliana","-",JQ779708.1,JQ779554.1,"-","-",JQ779392.1,"-","-","-","-","-","-","-","-","-","-","-","-","-","-","-","-",
"1217499-Echinopsis chrysochete","-",JQ779709.1,JQ779556.1,"-","-",JQ779395.1,"-","-","-","-","-","-","-","-","-","-","-","-","-","-","-","-",
"1217480-Echinopsis hertrichiana","-",JQ779710.1,JQ779558.1,"-","-",JQ779396.1,"-","-","-","-","-","-","-","-","-","-","-","-","-","-","-","-",
"1220598-Echinopsis oligotricha","-",JQ779711.1,JQ779559.1,"-","-",JQ779397.1,"-","-","-","-","-","-","-","-","-","-","-","-","-","-","-","-",
"1217473-Echinopsis lateritia","-",JQ779712.1,JQ779560.1,"-","-",JQ779398.1,"-","-","-","-","-","-","-","-","-","-","-","-","-","-","-","-",
"1217487-Echinopsis yuquina","-",JQ779713.1,JQ779561.1,"-","-",JQ779399.1,"-","-","-","-","-","-","-","-","-","-","-","-","-","-","-","-",
"432479-Echinopsis arachnacantha","-",JQ779714.1,JQ779562.1,"-","-",JQ779400.1,"-","-","-","-","-","-","-","-","-","-","-",AM502407.1,"-","-","-",AM502405.1,
"432483-Echinopsis mamillosa","-",JQ779715.1,JQ779563.1,"-","-",JQ779401.1,"-","-","-","-","-","-","-","-","-","-","-",AM502434.1,"-","-","-",AM502432.1,
"1217486-Echinopsis caineana","-",JQ779716.1,JQ779564.1,"-","-",JQ779402.1,"-","-","-","-","-","-","-","-","-","-","-","-","-","-","-","-",
"1217501-Echinopsis huascha","-",JQ779721.1,JQ779571.1,"-","-",JQ779409.1,"-","-","-","-","-","-","-","-","-","-","-","-","-","-","-","-",
"1217529-Echinopsis angelesiae","-",JQ779725.1,JQ779575.1,"-","-",JQ779413.1,"-","-","-","-","-","-","-","-","-","-","-","-","-","-","-","-",
"1217505-Echinopsis thelegonoides","-",JQ779735.1,JQ779589.1,"-","-",JQ779427.1,"-","-","-","-","-","-","-","-","-","-","-","-","-","-","-","-",
"1217495-Echinopsis volliana","-",JQ779737.1,JQ779591.1,"-","-",JQ779429.1,"-","-","-","-","-","-","-","-","-","-","-","-","-","-","-","-",
"1217485-Echinopsis tarijensis","-",JQ779738.1,JQ779592.1,"-","-",JQ779430.1,"-","-","-","-","-","-","-","-","-","-","-","-","-","-","-","-",
"1217503-Echinopsis saltensis","-",JQ779742.1,JQ779598.1,"-","-",JQ779435.1,"-","-","-","-","-","-","-","-","-","-","-","-","-","-","-","-",
"1217477-Echinopsis thionantha","-",JQ779743.1,JQ779599.1,"-","-",JQ779437.1,"-","-","-","-","-","-","-","-","-","-","-","-","-","-","-","-",
"432484-Echinopsis mirabilis","-",JQ779751.1,JQ779607.1,"-","-",JQ779445.1,"-","-","-","-","-","-","-","-","-","-","-",AM502546.1,"-","-","-",AM502544.1,
"1217462-Matucana haynei","-",JQ779765.1,JQ779622.1,"-","-",JQ779460.1,"-","-","-","-","-","-","-","-","-","-","-","-","-","-","-","-",
"1217483-Echinopsis marsoneri","-",JQ779770.1,JQ779628.1,"-","-",JQ779466.1,"-","-","-","-","-","-","-","-","-","-","-","-","-","-","-","-",
"1217511-Echinopsis breviflora","-",JQ779773.1,JQ779631.1,"-","-",JQ779469.1,"-","-","-","-","-","-","-","-","-","-","-","-","-","-","-","-",
"1217481-Echinopsis chrysantha","-",JQ779774.1,JQ779632.1,"-","-",JQ779470.1,"-","-","-","-","-","-","-","-","-","-","-","-","-","-","-","-",
"1217482-Echinopsis densispina","-",JQ779784.1,JQ779644.1,"-","-",JQ779482.1,"-","-","-","-","-","-","-","-","-","-","-","-","-","-","-","-",
"1217476-Echinopsis oxygona","-",JQ779785.1,JQ779645.1,"-","-",JQ779484.1,"-","-","-","-","-","-","-","-","-","-","-","-","-","-","-","-",
"1217461-Echinopsis calochlora","-",JQ779786.1,JQ779647.1,"-","-",JQ779485.1,"-","-","-","-","-","-","-","-","-","-","-","-","-","-","-","-",
"1197762-Harrisia gracilis","-",JQ779792.1,JQ779654.1,"-","-",JQ779492.1,"-","-","-","-","-","-","-","-","-","-","-","-","-","-","-",JX135015.1,
"1217463-Weberbauerocereus weberbaueri","-",JQ779796.1,JQ779658.1,"-","-",JQ779496.1,"-","-","-","-","-","-","-","-","-","-","-","-","-","-","-","-",
"1217472-Cleistocactus smaragdiflorus","-",JQ779798.1,JQ779661.1,"-","-",JQ779499.1,"-","-","-","-","-","-","-","-","-","-","-","-","-","-","-","-",
"1217489-Praecereus euchlorus","-",JQ779802.1,JQ779666.1,"-","-",JQ779504.1,"-","-","-","-","-","-","-","-","-","-","-","-","-","-","-","-",
"1217478-Arthrocereus rondonianus","-",JQ779804.1,JQ779668.1,"-","-",JQ779506.1,"-","-","-","-","-","-","-","-","-","-","-","-","-","-","-","-",
"1217524-Cleistocactus chrysocephalus","-",JQ779805.1,JQ779669.1,"-","-",JQ779507.1,"-","-","-","-","-","-","-","-","-","-","-","-","-","-","-","-",
"762160-Gymnocalycium mostii","-",JQ779811.1,JQ779675.1,"-","-",JQ779513.1,"-","-","-","-","-","-","-","-","-","-","-","-","-","-","-","-",
"432508-Rebutia minuscula","-",JQ779813.1,JQ779677.1,"-","-",JQ779515.1,"-","-","-","-","-","-","-","-","-","-","-",AM502472.1,"-","-","-",AM502470.1,
"686412-Rebutia fabrisii","-",JQ779814.1,JQ779678.1,"-","-",JQ779516.1,GU084401.1,"-","-","-","-","-","-","-","-","-","-","-","-","-","-","-",
"1217470-Rebutia heliosa","-",JQ779818.1,JQ779682.1,"-","-",JQ779520.1,"-","-","-","-","-","-","-","-","-","-","-","-","-","-","-","-",
"1277292-Pilosocereus pachycladus","-",JQ889309.1,"-","-","-",KX301209.1,"-",KX301248.1,"-","-","-","-","-",KX387753.1,"-","-",KX301090.1,"-","-","-","-",JQ889303.1,
"1262546-Echinocereus coccineus","-",KF783566.1,KF783637.1,KF783489.1,"-","-","-","-",KF783708.1,"-","-",KC196826.1,KF783412.1,"-","-",KF783787.1,"-","-","-","-","-","-",
"1548870-Echinocereus acifer","-",KF783559.1,KF783629.1,KF783480.1,"-","-","-","-",KF783700.1,"-","-","-",KF783404.1,"-","-",KF783779.1,"-","-","-","-","-","-",
"1548871-Echinocereus arizonicus","-",KF783560.1,KF783630.1,KF783482.1,"-","-","-","-",KF783701.1,"-","-","-",KF783405.1,"-","-",KF783780.1,"-","-","-","-","-","-",
"1548872-Echinocereus bonkerae","-",KF783567.1,KF783632.1,KF783484.1,"-","-","-","-",KF783703.1,"-","-","-",KF783407.1,"-","-","-","-","-","-","-","-","-",
"1548876-Echinocereus primolanatus","-",KF783586.1,KF783656.1,KF783511.1,"-","-","-","-",KF783727.1,"-","-","-",KF783431.1,"-","-",KF783806.1,"-","-","-","-","-","-",
"1548877-Echinocereus pseudopectinatus","-",KF783587.1,KF783657.1,KF783512.1,"-","-","-","-",KF783728.1,"-","-","-",KF783432.1,"-","-",KF783807.1,"-","-","-","-","-","-",
"1548878-Echinocereus santaritensis","-",KF783593.1,KF783663.1,KF783518.1,"-","-","-","-",KF783734.1,"-","-","-",KF783438.1,"-","-",KF783813.1,"-","-","-","-","-","-",
"1548879-Echinocereus schereri","-",KF783595.1,KF783665.1,KF783520.1,"-","-","-","-",KF783736.1,"-","-","-",KF783440.1,"-","-",KF783815.1,"-","-","-","-","-","-",
"1548881-Echinocereus waldeisii","-",KF783607.1,KF783677.1,KF783530.1,"-","-","-","-",KF783750.1,"-","-","-",KF783455.1,"-","-","-","-","-","-","-","-","-",
"1548875-Echinocereus metornii","-",KF783626.1,KF783696.1,KF783536.1,"-","-","-","-","-","-","-","-",KF783476.1,"-","-",KF783851.1,"-","-","-","-","-","-",
"1586192-Cereus albicaulis","-",KR998129.1,"-",KR998094.1,"-",KP017441.1,"-",KM888765.1,"-","-",KR998121.1,"-","-",KR998109.1,"-","-",KR998077.1,KR998165.1,"-","-","-","-",
"1586201-Cereus mirabella","-",KR998130.1,"-",KR998093.1,"-",KP017443.1,"-",KM888763.1,KR998144.1,"-","-","-","-",KR998110.1,"-",KR998174.1,KR998078.1,KR998164.1,"-","-","-","-",
"1586203-Cereus saddianus","-",KR998131.1,"-",KR998092.1,"-",KP017445.1,"-",KM888773.1,KR998145.1,"-",KR998120.1,"-","-",KR998112.1,"-",KR998176.1,KR998079.1,KR998166.1,"-","-","-","-",
"1586197-Cereus insularis","-",KR998135.1,"-",KR998091.1,"-",KP017432.1,"-",KM888777.1,KR998147.1,"-","-","-","-",KR998113.1,"-","-",KR998082.1,KR998170.1,"-","-","-","-",
"1789638-Pseudorhipsalis amazonica","-",KU597994.1,KU598046.1,KU597941.1,"-","-","-","-",KU598099.1,"-","-","-","-","-","-",KU597888.1,"-","-",KU598151.1,"-","-","-",
"1789625-Disocactus nelsonii","-",KU597999.1,KU598051.1,KU597946.1,"-","-","-","-",KU598104.1,"-","-","-","-","-","-",KU597893.1,"-","-",KU598156.1,"-","-","-",
"1789615-Acanthocereus oaxacensis","-",KU598008.1,KU598060.1,KU597955.1,"-","-","-","-",KU598113.1,"-","-","-","-","-","-",KU597902.1,"-","-",KU598165.1,"-","-","-",
"267726-Oreocereus leucotrichus","-","-",AY566651.1,"-","-","-","-","-","-","-","-","-","-","-","-","-","-","-","-","-","-","-",
"267728-Echinopsis coquimbana","-","-",AY566654.1,"-","-","-","-","-","-","-","-","-","-","-","-","-","-","-","-","-","-","-",
"267729-Echinopsis deserticola","-","-",AY566655.1,"-","-","-","-","-","-","-","-","-","-","-","-","-","-","-","-","-","-","-",
"267733-Echinopsis atacamensis","-","-",AY566659.1,"-","-",KC928444.1,"-","-","-","-","-","-","-","-","-","-","-","-","-","-","-","-",
"267725-Eulychnia acida","-","-",MF167060.1,MG263770.1,"-","-","-","-",MG263780.1,MG263819.1,"-","-","-","-","-","-","-","-",MG263808.1,"-","-","-",
"762143-Gymnocalycium horstii","-","-",FR667075.1,"-","-","-","-","-","-","-","-","-","-","-","-","-","-","-","-","-","-","-",
"432501-Gymnocalycium schickendantzii","-","-",FR667077.1,"-","-","-","-","-","-","-","-","-","-","-","-","-","-",AM502482.1,"-","-","-","-",
"762152-Gymnocalycium marsoneri","-","-",FR667080.1,"-","-","-","-","-","-","-","-","-","-","-","-","-","-","-","-","-","-","-",
"762141-Gymnocalycium glaucum","-","-",FR667107.1,"-","-","-","-","-","-","-","-","-","-","-","-","-","-",HQ188339.1,"-","-","-","-",
"307724-Pereskia grandifolia","-","-",HQ901365.1,"-",HQ901364.1,"-","-","-",KM261980.1,"-","-","-",MG833472.1,KX387741.1,"-","-",KX387707.1,"-","-","-","-","-",
"1131679-Eriosyce sociabilis","-","-",MF167041.1,MF167111.1,"-","-","-",MF167248.1,"-",MF166966.1,"-","-","-","-","-","-","-","-","-","-","-","-",
"1217465-Echinopsis tegeleriana","-","-",JQ779555.1,"-","-",JQ779393.1,"-","-","-","-","-","-","-","-","-","-","-","-","-","-","-","-",
"1217515-Echinopsis rowleyi","-","-",JQ779579.1,"-","-",JQ779417.1,"-","-","-","-","-","-","-","-","-","-","-","-","-","-","-","-",
"1217516-Echinopsis walteri","-","-",JQ779593.1,"-","-",JQ779431.1,"-","-","-","-","-","-","-","-","-","-","-","-","-","-","-","-",
"1217492-Oreocereus trollii","-","-",JQ779627.1,"-","-",JQ779465.1,"-","-","-","-","-","-","-","-","-","-","-","-","-","-","-","-",
"432524-Rebutia neocumingii","-","-",JQ779685.1,"-","-",JQ779523.1,"-","-","-","-","-","-","-","-","-","-","-","-","-","-","-","-",
"1349387-Echinocactus parryi","-","-",KC776939.1,MH129860.1,"-","-",MH129828.1,"-","-","-","-","-",KC776993.1,"-","-",KC776965.1,"-","-","-","-","-","-",
"1229200-Sclerocactus glaucus","-","-",KJ958678.1,"-","-","-","-","-","-","-","-","-","-","-","-","-","-","-","-","-","-","-",
"1229201-Sclerocactus parviflorus","-","-",KJ958772.1,"-","-","-","-","-","-","-","-","-","-","-","-","-","-","-","-","-","-","-",
"2282241-Austrocactus spiniflorus","-","-",MF166993.1,"-","-","-","-","-","-","-","-","-","-","-","-","-","-","-",MF167134.1,"-","-","-",
"1677720-Copiapoa hypogaea","-","-",MF166994.1,LN867972.1,"-","-","-",MF167207.1,"-",MF166920.1,"-","-","-","-","-","-","-","-",LN868174.1,"-","-","-",
"2282244-Eriosyce aspillagae","-","-",MF166997.1,MF167070.1,"-","-","-",MF167210.1,"-",MF166923.1,"-","-","-","-","-","-","-","-","-","-","-","-",
"2282246-Eriosyce bulbocalyx","-","-",MF167000.1,MF167073.1,"-","-","-",MF167213.1,"-",MF166926.1,"-","-","-","-","-","-","-","-","-","-","-","-",
"2282247-Eriosyce calderana","-","-",MF167001.1,MF167074.1,"-","-","-",MF167214.1,"-",MF166927.1,"-","-","-","-","-","-","-","-","-","-","-","-",
"1131669-Eriosyce chilensis","-","-",MF167002.1,MF167075.1,"-","-","-",MF167215.1,"-",LN868006.1,"-","-","-","-","-","-","-","-","-","-","-","-",
"2282251-Eriosyce confinis","-","-",MF167004.1,"-","-","-","-","-","-",MF166930.1,"-","-","-","-","-","-","-","-","-","-","-","-",
"2282252-Eriosyce crispa","-","-",MF167007.1,MF167079.1,"-","-","-",MF167218.1,"-",MF166932.1,"-","-","-","-","-","-","-","-","-","-","-","-",
"1131670-Eriosyce curvispina","-","-",MF167009.1,MF167081.1,"-","-","-","-","-",MF166934.1,"-","-","-","-","-","-","-","-","-","-","-","-",
"2282256-Eriosyce engleri","-","-",MF167011.1,MF167083.1,"-","-","-",MF167220.1,"-",MF166936.1,"-","-","-","-","-","-","-","-","-","-","-","-",
"1677732-Eriosyce esmeraldana","-","-",MF167012.1,MF167084.1,"-","-","-",MF167221.1,"-",MF166937.1,"-","-","-","-","-","-","-","-","-","-","-","-",
"2282257-Eriosyce garaventae","-","-",MF167013.1,MF167085.1,"-","-","-",MF167222.1,"-",MF166938.1,"-","-","-","-","-","-","-","-","-","-","-","-",
"2282258-Eriosyce heinrichiana","-","-",MF167014.1,MF167086.1,"-","-","-",MF167223.1,"-",MF166939.1,"-","-","-","-","-","-","-","-","-","-","-","-",
"1913614-Eriosyce laui","-","-",MF167021.1,MF167093.1,"-","-","-",MF167229.1,"-",MF166946.1,KY009709.1,"-","-","-",KY047628.1,"-","-","-","-","-","-","-",
"2282269-Eriosyce occulta","-","-",MF167029.1,MF167100.1,"-","-","-",MF167237.1,"-",MF166954.1,"-","-","-","-","-","-","-","-","-","-","-","-",
"1131673-Eriosyce odieri","-","-",MF167033.1,MF167103.1,"-","-","-",MF167240.1,"-",MF166958.1,"-","-","-","-","-","-","-","-","-","-","-","-",
"2282270-Eriosyce recondita","-","-",MF167034.1,MF167104.1,"-","-","-",MF167241.1,"-",MF166959.1,"-","-","-","-","-","-","-","-","-","-","-","-",
"2282260-Eriosyce iquiquensis","-","-",MF167035.1,MF167105.1,"-","-","-",MF167242.1,"-",MF166960.1,"-","-","-","-","-","-","-","-","-","-","-","-",
"2282271-Eriosyce rodentiophila","-","-",MF167036.1,MF167106.1,"-","-","-",MF167243.1,"-",MF166961.1,"-","-","-","-","-","-","-","-","-","-","-","-",
"1131676-Eriosyce senilis","-","-",MF167039.1,MF167109.1,"-","-","-",MF167246.1,"-",MF166964.1,"-","-","-","-","-","-","-","-","-","-","-","-",
"2282273-Eriosyce simulans","-","-",MF167040.1,MF167110.1,"-","-","-",MF167247.1,"-",MF166965.1,"-","-","-","-","-","-","-","-","-","-","-","-",
"2282275-Eriosyce strausiana","-","-",MF167043.1,MF167113.1,"-","-","-",MF167250.1,"-",MF166968.1,"-","-","-","-","-","-","-","-","-","-","-","-",
"1131675-Eriosyce paucicostata","-","-",MF167051.1,MF167121.1,"-","-","-","-","-",MF166976.1,"-","-","-","-","-","-","-","-","-","-","-","-",
"182820-Eriosyce umadeave","-","-",MF167057.1,MF167127.1,AY064352.1,"-","-",MF167262.1,"-",MF166982.1,"-","-","-","-","-","-","-","-","-","-","-","-",
"2282277-Eriosyce villicumensis","-","-",MF167058.1,MF167128.1,"-","-","-",MF167263.1,"-",MF166983.1,"-","-","-","-","-","-","-","-","-","-","-","-",
"1131692-Eriosyce villosa","-","-",MF167059.1,MF167129.1,"-","-","-",MF167264.1,"-",JF975725.1,"-","-","-","-","-","-","-","-","-","-","-","-",
"2282281-Haageocereus chilensis","-","-",MF167061.1,"-","-","-","-","-","-","-","-","-","-","-","-","-","-","-","-","-","-","-",
"1131693-Neowerdermannia chilensis","-","-",MF167062.1,MF167131.1,"-","-","-",MF167265.1,"-",JF975704.1,"-","-","-","-","-","-","-","-","-","-","-","-",
"432470-Yavia cryptocarpa","-","-",MF167066.1,MF167133.1,"-","-",AM502453.1,MF167267.1,"-",MF166987.1,"-","-","-","-","-","-","-",AM502455.1,"-","-","-","-",
"2056764-Eulychnia taltalensis","-","-",MG263822.1,MG263763.1,"-","-","-","-",MG263773.1,MG263810.1,"-","-","-","-","-","-","-","-","-","-","-","-",
"2056762-Eulychnia chorosensis","-","-",MG263827.1,MG263769.1,"-","-","-","-",MG263779.1,MG263818.1,"-","-","-","-","-","-","-","-",MG263807.1,"-","-","-",
"278505-Mammillaria anniana","-","-","-",AY545348.1,"-","-","-","-","-","-","-","-","-","-","-","-","-","-","-","-","-","-",
"278518-Mammillaria crinita","-","-","-",AY545367.1,"-","-","-","-","-","-","-","-","-","-","-","-","-","-","-","-","-","-",
"278556-Mammillaria nana","-","-","-",AY545415.1,"-","-","-","-","-","-","-","-","-","-","-","-","-","-","-","-","-","-",
"308225-Cereus fernambucensis","-","-","-",AY875328.1,"-","-","-",AY875293.1,"-","-","-","-","-","-",AY875240.1,"-","-","-","-","-","-","-",
"393608-Opuntia streptacantha","-","-","-",EU930417.1,DQ672548.1,"-","-","-","-","-","-","-","-","-","-","-","-","-","-","-","-","-",
"446151-Opuntia fragilis","-","-","-",GQ248356.1,JF786945.1,"-",JF787223.1,"-","-","-",JF712758.1,"-",GQ248659.1,"-","-",JF786786.1,"-","-","-",JF787533.1,JF787381.1,"-",
"722781-Schlumbergera lutea","-","-","-",HQ727751.1,HQ727791.1,"-","-","-",HQ727830.1,HQ727870.1,"-","-","-","-","-","-","-","-","-","-","-","-",
"722813-Rhipsalis clavata","-","-","-",HQ727753.1,HQ727793.1,"-","-","-","-",HQ727872.1,"-","-","-","-","-","-","-","-","-","-","-","-",
"1081482-Rhipsalis triangularis","-","-","-",JF700647.1,JF700742.1,"-","-","-","-",JF700695.1,"-","-","-","-","-","-","-","-","-","-","-","-",
"1081481-Rhipsalis ormindoi","-","-","-",JF700654.1,JF700749.1,"-","-","-","-",JF700702.1,"-","-","-","-","-","-","-","-","-","-","-","-",
"1146924-Pilosocereus aurisetus","-","-","-",JN035490.1,"-",KC779362.1,"-",KC779291.1,"-","-",JN035549.1,"-","-",KX387743.1,"-","-",KX301082.1,JQ323547.1,"-","-","-","-",
"933081-Pilosocereus machrisii","-","-","-",JN035501.1,"-",KC779373.1,"-",KC779278.1,"-","-",JN035554.1,"-","-",KX387744.1,"-","-",KX301078.1,JQ323550.1,"-","-","-","-",
"1146925-Pilosocereus vilaboensis","-","-","-",JN035504.1,"-",KC779337.1,"-",KC779305.1,"-","-",JN035561.1,"-","-",KX387745.1,"-","-",KX301079.1,JN035374.1,"-","-","-","-",
"1146923-Pilosocereus aureispinus","-","-","-",JN035509.1,"-",KX301201.1,"-",KC779308.1,"-","-",JN035566.1,"-","-",KX301123.1,"-","-",MF694642.1,JN035376.1,"-","-","-","-",
"432504-Micranthocereus auriazureus","-","-","-",JN035514.1,"-",JN035419.1,"-","-","-","-","-","-","-","-","-","-","-",AM502571.1,"-","-","-",AM502569.1,
"1677735-Parodia comarapana","-","-","-",LN867892.1,"-","-","-","-","-","-","-","-","-","-","-","-","-","-","-","-","-","-",
"182830-Parodia stuemeri","-","-","-",LN867895.1,AY064370.1,"-","-","-","-","-","-","-","-","-","-","-","-","-","-","-","-","-",
"1677725-Copiapoa megarhiza","-","-","-",LN867943.1,"-","-","-","-","-",LN868044.1,"-","-","-","-","-","-","-","-",LN868144.1,"-","-","-",
"1677730-Copiapoa serpentisulcata","-","-","-",LN867948.1,"-","-","-","-","-","-","-","-","-","-","-","-","-","-",LN868150.1,"-","-","-",
"1677715-Copiapoa grandiflora","-","-","-",LN867965.1,"-","-","-","-","-",LN868065.1,"-","-","-","-","-","-","-","-",LN868167.1,"-","-","-",
"1677712-Copiapoa esmeraldana","-","-","-",LN867968.1,"-","-","-","-","-",LN868068.1,"-","-","-","-",KY047629.1,"-","-","-","-","-","-","-",
"1677728-Copiapoa montana","-","-","-",LN867970.1,"-","-","-","-","-",LN868070.1,"-","-","-","-","-","-","-","-",LN868172.1,"-","-","-",
"1677700-Copiapoa calderana","-","-","-",LN867976.1,"-","-","-","-","-","-","-","-","-","-","-","-","-","-",LN868178.1,"-","-","-",
"1677724-Copiapoa marginata","-","-","-",LN867978.1,"-","-","-","-","-","-","-","-","-","-","-","-","-","-",LN868180.1,"-","-","-",
"1677713-Copiapoa fiedleriana","-","-","-",LN867983.1,"-","-","-","-","-",LN868076.1,"-","-","-","-","-","-","-","-",LN868185.1,"-","-","-",
"1677707-Copiapoa dealbata","-","-","-",LN867986.1,"-","-","-","-","-",LN868079.1,"-","-","-","-","-","-","-","-",LN868188.1,"-","-","-",
"1677711-Copiapoa echinoides","-","-","-",LN867991.1,"-","-","-","-","-",LN868084.1,"-","-","-","-","-","-","-","-",LN868193.1,"-","-","-",
"2056763-Eulychnia ritteri","-","-","-",MG263762.1,"-","-","-","-","-",MG263809.1,"-","-","-","-","-","-","-","-",MG263803.1,"-","-","-",
"446152-Opuntia humifusa","-","-","-",MH622006.1,"-","-",KJ735956.1,"-","-","-",KJ735938.1,JN387235.1,MH549931.1,"-",KJ773703.1,KJ735947.1,"-","-","-",JF787536.1,JF787385.1,"-",
"993093-Cylindropuntia bigelovii","-","-","-","-",HQ872545.1,"-",LN871072.1,"-","-","-","-","-","-","-","-","-","-","-","-","-","-","-",
"993094-Cylindropuntia ramosissima","-","-","-","-",HQ872602.1,"-",LN871087.1,"-","-","-","-","-","-","-","-","-","-","-","-","-","-","-",
"1041201-Consolea moniliformis","-","-","-","-",JF786880.1,"-",JF787158.1,"-","-","-",JF712689.1,"-","-","-","-",JF786716.1,"-","-","-",JF787473.1,JF787313.1,"-",
"1041204-Consolea spinosissima","-","-","-","-",JF786886.1,"-",JF787163.1,"-","-","-",JF712695.1,"-","-","-","-",JF786721.1,"-","-","-",JF787477.1,JF787319.1,"-",
"1195125-Hylocereus escuintlensis","-","-","-","-",JX289609.1,"-","-",JX627699.1,JX111641.1,JX111573.1,"-","-","-","-","-","-",JX111607.1,"-","-","-","-","-",
"1195126-Hylocereus guatemalensis","-","-","-","-",JX289596.1,"-","-",JX627700.1,JX111642.1,JX111575.1,"-","-","-","-","-","-",JX111608.1,"-","-","-","-","-",
"1041245-Opuntia macrorhiza","-","-","-","-",JF786960.1,"-",JF787240.1,"-","-","-",JF712774.1,JN387241.1,MK526261.1,"-","-",JF786802.1,"-","-","-",JF787545.1,JF787395.1,"-",
"246735-Mammillaria deherdtiana","-","-","-","-",AJ829756.2,"-","-","-","-","-",AJ583221.1,"-","-","-","-","-","-","-","-","-","-","-",
"246736-Mammillaria lloydii","-","-","-","-",AJ973639.4,"-","-","-","-","-",AJ583222.1,"-","-","-","-","-","-","-","-","-","-","-",
"246730-Mammillaria wiesingeri","-","-","-","-",AJ971715.2,"-","-","-","-","-",AJ583214.1,"-","-","-","-","-","-","-","-","-","-","-",
"183650-Parodia alacriportana","-","-","-","-",AY064356.1,"-","-","-","-","-","-","-","-","-","-","-","-","-","-","-","-","-",
"182832-Parodia ayopayana","-","-","-","-",AY064372.1,"-","-","-","-","-","-","-","-","-","-","-","-","-","-","-","-","-",
"182834-Parodia chrysacanthion","-","-","-","-",AY064374.1,"-","-","-","-","-","-","-","-","-","-","-","-","-","-","-","-","-",
"182833-Parodia formosa","-","-","-","-",AY064373.1,"-","-","-","-","-","-","-","-","-","-","-","-","-","-","-","-","-",
"182827-Parodia horstii","-","-","-","-",AY064366.1,"-","-","-","-","-","-","-","-","-","-","-","-","-","-","-","-","-",
"182828-Parodia langsdorffii","-","-","-","-",AY064367.1,"-","-","-","-","-","-","-","-","-","-","-","-","-","-","-","-","-",
"182822-Parodia leninghausii","-","-","-","-",AY064358.1,"-","-","-","-","-",AY064328.1,"-","-","-","-","-","-","-","-","-","-","-",
"182824-Parodia mammulosa","-","-","-","-",AY064363.1,"-","-","-","-","-","-","-","-","-","-","-","-","-","-","-","-","-",
"182826-Parodia rudibuenekeri","-","-","-","-",AY064365.1,"-","-","-","-","-","-","-","-","-","-","-","-","-","-","-","-","-",
"182821-Parodia schumanniana","-","-","-","-",AY064357.1,"-","-","-","-","-",AY064327.1,"-","-","-","-","-","-","-","-","-","-","-",
"182825-Parodia scopa","-","-","-","-",AY064364.1,"-","-","-","-","-","-","-","-","-","-","-","-","-","-","-","-","-",
"182831-Parodia subterranea","-","-","-","-",AY064371.1,"-","-","-","-","-","-","-","-","-","-","-","-","-","-","-","-","-",
"182823-Parodia tenuicylindrica","-","-","-","-",AY064362.1,"-","-","-","-","-","-","-","-","-","-","-","-","-","-","-","-","-",
"722861-Rhipsalis lindbergiana","-","-","-","-",HQ727795.1,"-","-","-","-",HQ727874.1,"-","-","-","-",FR853366.1,"-","-","-","-","-","-","-",
"2042456-Sclerocactus polyancistrus","-","-","-","-",MF964137.1,"-","-","-","-","-","-","-","-","-",MF963387.1,MF963745.1,"-","-","-","-","-","-",
"1041258-Opuntia pusilla","-","-","-","-",JF786985.1,"-",JF787264.1,"-","-","-",JF712801.1,JN387246.1,"-","-",KJ773704.1,JF786828.1,"-","-","-",JF787567.1,JF787417.1,"-",
"1041274-Tacinga inamoena","-","-","-","-",JF787027.1,"-",JF787305.1,"-","-","-",JF712843.1,JN387266.1,"-","-",MG430161.1,JF786870.1,"-","-","-","-","-","-",
"1041208-Opuntia inaperta","-","-","-","-",JF786898.1,"-",JF787173.1,"-","-","-",JF712706.1,JN387216.1,"-","-","-",JF786734.1,"-","-","-",JF787488.1,"-","-",
"1041197-Opuntia arechavaletae","-","-","-","-",JF786906.1,"-",JF787181.1,"-","-","-",KJ914582.1,JN387220.1,"-","-","-",JF786742.1,"-","-","-",KJ914603.1,"-","-",
"1041215-Opuntia aureispina","-","-","-","-",JF786910.1,"-",JF787185.1,"-","-","-",JF712718.1,JN387223.1,"-","-","-",JF786746.1,"-","-","-","-","-","-",
"549777-Opuntia basilaris","-","-","-","-",JF786913.1,"-",JF787189.1,"-","-","-",JF712722.1,JN387225.1,"-","-","-",JF786750.1,"-","-","-",JF787502.1,JF787346.1,"-",
"1041223-Opuntia caracassana","-","-","-","-",JF786918.1,"-",JF787196.1,"-","-","-",JF712729.1,JN387226.1,"-","-","-",JF786757.1,"-","-","-",JF787509.1,"-","-",
"1041233-Opuntia elata","-","-","-","-",JF786934.1,"-",JF787211.1,"-","-","-",JF712746.1,JN387230.1,"-","-","-",JF786774.1,"-","-","-",KJ914608.1,JF787369.1,"-",
"1041262-Opuntia retrorsa","-","-","-","-",JF786995.1,"-",JF787274.1,"-","-","-",JF712814.1,JN387250.1,"-","-","-",JF786839.1,"-","-","-","-",JF787428.1,"-",
"1041263-Salmiopuntia salmiana","-","-","-","-",JF786998.1,"-",JF787279.1,"-","-","-",KJ914599.1,JN387254.1,"-","-","-",JF786843.1,"-","-","-",JF787578.1,JF787433.1,"-",
"1041264-Opuntia sanguinea","-","-","-","-",JF787000.1,"-","-","-","-","-",JF712817.1,JN387255.1,"-","-","-",JF786844.1,"-","-","-",JF787580.1,JF787434.1,"-",
"1041270-Opuntia strigil","-","-","-","-",JF787014.1,"-",JF787292.1,"-","-","-",JF712830.1,JN387260.1,"-","-","-",JF786856.1,"-","-","-",JF787591.1,JF787447.1,"-",
"1163607-Opuntia triacantha","-","-","-","-",JN676102.1,"-",JN676101.1,"-","-","-","-",JN387265.1,"-","-","-",JN676103.1,"-","-","-","-",JN676104.1,"-",
"1041275-Tacinga palmadora","-","-","-","-",JF787028.1,"-",JF787307.1,"-","-","-",JF712845.1,JN387267.1,"-","-","-",JF786872.1,"-","-","-","-",JF787460.1,"-",
"1041277-Tacinga saxatilis","-","-","-","-",JF787029.1,"-",JF787308.1,"-","-","-",JF712846.1,JN387268.1,"-","-","-",JF786873.1,"-","-","-","-","-","-",
"515226-Opuntia robusta","-","-","-","-",AM946680.1,"-",JF787275.1,"-","-","-",JF712811.1,"-","-","-","-",JF786838.1,"-","-","-",JF787576.1,JF787429.1,"-",
"867499-Opuntia pubescens","-","-","-","-",HQ872588.1,"-","-","-","-","-",JF712798.1,"-","-","-","-","-","-","-","-","-","-","-",
"1041214-Opuntia aurea","-","-","-","-",JF786909.1,"-",JF787184.1,"-","-","-",JF712717.1,"-","-","-","-",JF786745.1,"-","-","-",JF787498.1,JF787341.1,"-",
"1041221-Opuntia boldinghii","-","-","-","-",JF786916.1,"-",JF787192.1,"-","-","-",JF712725.1,"-","-","-","-",JF786753.1,"-","-","-",JF787505.1,JF787349.1,"-",
"1041239-Opuntia galapageia","-","-","-","-",JF786947.1,"-",JF787225.1,"-","-","-",JF712760.1,"-","-","-","-",JF786788.1,"-","-","-",JF787535.1,JF787383.1,"-",
"993096-Opuntia littoralis","-","-","-","-",HQ872541.1,"-","-","-","-","-","-","-","-","-","-","-","-","-","-","-","-","-",
"1041249-Opuntia monacantha","-","-","-","-",JF786967.1,"-",JF787247.1,"-","-","-",JF712782.1,"-","-","-","-",JF786810.1,"-","-","-",KJ914612.1,JF787403.1,"-",
"1041253-Opuntia pinkavae","-","-","-","-",JF786976.1,"-",JF787256.1,"-","-","-",JF712791.1,"-","-","-","-",JF786819.1,"-","-","-",JF787559.1,"-","-",
"1041254-Opuntia pittieri","-","-","-","-",JF787105.1,"-",JF787257.1,"-","-","-",JF712792.1,"-","-","-","-",JF786820.1,"-","-","-",JF787560.1,JF787412.1,"-",
"1041256-Opuntia pottsii","-","-","-","-",JF786980.1,"-",JF787260.1,"-","-","-",JF712796.1,"-","-","-","-",JF786824.1,"-","-","-",JF787563.1,JF787414.1,"-",
"1041259-Opuntia quitensis","-","-","-","-",JF786989.1,"-",JF787268.1,"-","-","-",JF712805.1,"-","-","-","-",JF786832.1,"-","-","-",JF787570.1,JF787422.1,"-",
"1041260-Opuntia rastrera","-","-","-","-",JF786991.1,"-",JF787270.1,"-","-","-",JF712807.1,"-","-","-","-",JF786834.1,"-","-","-","-",JF787424.1,"-",
"1041261-Opuntia repens","-","-","-","-",JF787152.1,"-",JF787271.1,"-","-","-",JF712808.1,"-","-","-","-",JF786835.1,"-","-","-",JF787574.1,JF787426.1,"-",
"1041267-Opuntia schumannii","-","-","-","-",JF787004.1,"-",JF787283.1,"-","-","-",JF712821.1,"-","-","-","-",JF786849.1,"-","-","-",JF787583.1,JF787438.1,"-",
"1041269-Opuntia soederstromiana","-","-","-","-",JF787006.1,"-",JF787285.1,"-","-","-",JF712823.1,"-","-","-","-",JF786851.1,"-","-","-",JF787585.1,JF787440.1,"-",
"993097-Pereskiopsis rotundifolia","-","-","-","-",HQ872508.1,"-","-","-","-","-","-","-","-","-","-","-","-","-","-","-","-","-",
"722817-Rhipsalis dissimilis","-","-","-","-",HQ727790.1,"-","-","-","-",HQ727869.1,"-","-","-","-","-","-","-","-","-","-","-","-",
"547102-Opuntia hyptiacantha","-","-","-","-",EU930376.1,"-","-","-","-","-","-","-","-","-","-","-","-","-","-","-","-","-",
"1441493-Pilosocereus parvus","-","-","-","-","-",KC779391.1,"-",KC779304.1,"-","-","-","-","-",KX387754.1,"-","-",KX301091.1,"-","-","-","-","-",
"1441494-Pilosocereus bohlei","-","-","-","-","-",KC779400.1,"-",KC779311.1,"-","-","-","-","-",KX387748.1,"-","-",KX301092.1,"-","-","-","-","-",
"1041619-Pilosocereus arrabidae","-","-","-","-","-",KX301222.1,"-",KX301261.1,"-","-","-","-","-",KX387747.1,"-","-",KX301103.1,"-","-","-","-","-",
"1586193-Cereus bicolor","-","-","-","-","-",KP017426.1,"-",KM888767.1,"-","-","-","-","-","-","-","-","-","-","-","-","-","-",
"1484561-Cereus repandus","-","-","-","-","-",KP017427.1,"-","-","-","-","-","-","-","-","-","-","-","-","-","-","-","-",
"1586196-Cereus hexagonus","-","-","-","-","-",KP017429.1,"-",KM888776.1,"-","-","-","-","-","-","-","-","-","-","-","-","-","-",
"1622061-Cereus mortensenii","-","-","-","-","-",KP017433.1,"-","-","-","-","-","-","-","-","-","-","-","-","-","-","-","-",
"1622058-Cereus hankeanus","-","-","-","-","-",KP017435.1,"-","-","-","-","-","-","-","-","-",KR998175.1,"-",KR998167.1,"-","-","-","-",
"1622062-Cipocereus bradei","-","-","-","-","-",KP017437.1,"-","-","-","-","-","-","-","-","-","-","-","-","-","-","-","-",
"1622063-Cipocereus crassisepalus","-","-","-","-","-",KP017438.1,"-","-","-","-","-","-","-","-","-","-","-","-","-","-","-","-",
"1927074-Pilosocereus quadricentralis","-","-","-","-","-",KX301187.1,"-",KX301225.1,"-","-","-","-","-",KX301106.1,"-","-",KX301063.1,"-","-","-","-","-",
"1927061-Pilosocereus collinsii","-","-","-","-","-",KX301191.1,"-",KX301229.1,"-","-","-","-","-",KX387724.1,"-","-",KX301067.1,"-","-","-","-","-",
"1756022-Pilosocereus gounellei","-","-","-","-","-",KX301194.1,"-",KX301232.1,"-","-","-","-","-",KX387727.1,"-","-",KX301070.1,"-","-","-","-","-",
"1927073-Pilosocereus pusillibaccatus","-","-","-","-","-",KX301195.1,"-",KX301233.1,"-","-","-","-","-",KX301114.1,"-","-",KX301071.1,"-","-","-","-","-",
"1927078-Stephanocereus leucostele","-","-","-","-","-",KX301199.1,"-",KX301237.1,"-","-","-","-","-",KX301118.1,"-","-",KX301075.1,"-","-","-","-","-",
"1927067-Pilosocereus glaucochrous","-","-","-","-","-",KX301202.1,"-","-","-","-","-","-","-",KX301126.1,"-","-",KX301083.1,"-","-","-","-","-",
"1927068-Pilosocereus magnificus","-","-","-","-","-",KX301204.1,"-",KX301243.1,"-","-","-","-","-",KX387751.1,"-","-",KX301085.1,"-","-","-","-","-",
"1927069-Pilosocereus multicostatus","-","-","-","-","-",KX301206.1,"-",KX301245.1,"-","-","-","-","-",KX387752.1,"-","-",KX301087.1,"-","-","-","-","-",
"1927065-Pilosocereus fulvilanatus","-","-","-","-","-",KX301207.1,"-",KX301246.1,"-","-","-","-","-",KX301131.1,"-","-",KX301088.1,"-","-","-","-","-",
"1927062-Pilosocereus densiareolatus","-","-","-","-","-",KX301208.1,"-",KX301247.1,"-","-","-","-","-",KX301132.1,"-","-",KX301089.1,"-","-","-","-","-",
"1927075-Pilosocereus splendidus","-","-","-","-","-",KX301213.1,"-",KX301252.1,"-","-","-","-","-",KX301137.1,"-","-",KX301094.1,"-","-","-","-","-",
"1927055-Pilosocereus azulensis","-","-","-","-","-",KX301214.1,"-",KX301253.1,"-","-","-","-","-",KX301138.1,"-","-",KX301095.1,"-","-","-","-","-",
"1927053-Pilosocereus albisummus","-","-","-","-","-",KX301216.1,"-",KX301255.1,"-","-","-","-","-",KX301140.1,"-","-",KX301097.1,"-","-","-","-","-",
"1927057-Pilosocereus catingicola","-","-","-","-","-",KX301217.1,"-",KX301256.1,"-","-","-","-","-",KX301141.1,"-","-",KX301098.1,"-","-","-","-","-",
"1927071-Pilosocereus pentaedrophorus","-","-","-","-","-",KX301219.1,"-",KX301258.1,"-","-","-","-","-",KX301143.1,"-","-",KX301100.1,"-","-","-","-","-",
"1927076-Pilosocereus ulei","-","-","-","-","-",KX301221.1,"-",KX301260.1,"-","-","-","-","-",KX301145.1,"-","-",KX301102.1,"-","-","-","-","-",
"1927056-Pilosocereus brasiliensis","-","-","-","-","-",KX301223.1,"-",KX301262.1,"-","-","-","-","-",KX387755.1,"-","-",KX301104.1,"-","-","-","-","-",
"1927063-Pilosocereus flavipulvinatus","-","-","-","-","-",KX301224.1,"-",KX301263.1,"-","-","-","-","-",KX387740.1,"-","-",KX301105.1,"-","-","-","-","-",
"2020602-Pilosocereus piauhyensis","-","-","-","-","-",KX387786.1,"-","-","-","-","-","-","-",KX387726.1,"-","-",KX387692.1,"-","-","-","-","-",
"2020604-Pilosocereus tuberculatus","-","-","-","-","-",KX387790.1,"-","-","-","-","-","-","-",KX387730.1,"-","-",KX387696.1,"-","-","-","-","-",
"2020600-Pilosocereus lanuginosus","-","-","-","-","-",KX387791.1,"-","-","-","-","-","-","-",KX387731.1,"-","-",KX387697.1,"-","-","-","-","-",
"2020601-Pilosocereus oligolepis","-","-","-","-","-",KX387792.1,"-","-","-","-","-","-","-",KX387733.1,"-","-",KX387698.1,"-","-","-","-","-",
"2020603-Pilosocereus polygonus","-","-","-","-","-",KX387794.1,"-","-","-","-","-","-","-",KX387734.1,"-","-",KX387700.1,"-","-","-","-","-",
"2020598-Oreocereus hempelianus","-","-","-","-","-",KX387796.1,"-","-","-","-","-","-","-",KX387737.1,"-","-",KX387703.1,"-","-","-","-","-",
"2020596-Browningia microsperma","-","-","-","-","-",KX387798.1,"-","-","-","-","-","-","-",KX387739.1,"-","-",KX387705.1,"-","-","-","-","-",
"1686170-Cylindropuntia ciribe","-","-","-","-","-","-",LN871075.1,"-","-","-","-","-","-","-","-","-","-","-","-","-","-","-",
"1686173-Cylindropuntia santamaria","-","-","-","-","-","-",LN871090.1,"-","-","-","-","-","-","-","-","-","-","-","-","-","-","-",
"1686175-Grusonia aggeria","-","-","-","-","-","-",LN871098.1,"-","-","-","-","-","-","-","-","-","-","-","-","-","-","-",
"1574107-Cereus jamacaru","-","-","-","-","-","-","-",KX301238.1,"-","-","-","-",KM392271.1,KX301119.1,"-","-",KX301076.1,"-","-","-","-","-",
"1677708-Copiapoa decorticans","-","-","-","-","-","-","-","-","-",LN868047.1,"-","-","-","-","-","-","-","-","-","-","-","-",
"1677723-Copiapoa longistaminea","-","-","-","-","-","-","-","-","-",LN868049.1,"-","-","-","-","-","-","-","-",LN868149.1,"-","-","-",
"2282280-Frailea schilinzkyana","-","-","-","-","-","-","-","-","-",MF166988.1,"-","-","-","-","-","-","-","-","-","-","-","-",
"432512-Rebutia steinmannii","-","-","-","-","-","-","-","-","-","-",AM502412.1,"-","-","-","-","-","-",AM502413.1,"-","-","-","-",
"2496816-Rebutia mentosa","-","-","-","-","-","-","-","-","-","-",AM502415.1,"-","-","-","-","-","-",AM502416.1,"-","-","-","-",
"432506-Aylostera einsteinii","-","-","-","-","-","-","-","-","-","-",AM502465.1,"-","-","-","-","-","-",AM502466.1,"-","-","-",KU737372.1,
"432509-Rebutia padcayensis","-","-","-","-","-","-","-","-","-","-",AM502474.1,"-","-","-","-","-","-",AM502475.1,"-","-","-",AM502473.1,
"432460-Aylostera deminuta","-","-","-","-","-","-","-","-","-","-",AM502477.1,"-","-","-","-","-","-",AM502478.1,"-","-","-",KU737358.1,
"432473-Austrocactus philippii","-","-","-","-","-","-","-","-","-","-",AM502517.1,"-","-","-","-","-","-",AM502518.1,"-","-","-","-",
"432476-Coleocephalocereus goebelianus","-","-","-","-","-","-","-","-","-","-",AM502531.1,"-","-","-","-","-","-",AM502532.1,"-","-","-",AM502530.1,
"432503-Matucana aurantiaca","-","-","-","-","-","-","-","-","-","-",AM502564.1,"-","-","-","-","-","-",AM502565.1,"-","-","-",AM502563.1,
"432464-Melocactus oreas","-","-","-","-","-","-","-","-","-","-",AM502567.1,"-","-","-","-","-","-",AM502568.1,"-","-","-",AM502566.1,
"1574135-Opuntia aurantiaca","-","-","-","-","-","-","-","-","-","-",KJ914584.1,"-","-","-","-","-","-","-","-",KJ914604.1,"-","-",
"1326905-Opuntia bonaerensis","-","-","-","-","-","-","-","-","-","-",KJ914585.1,"-","-","-","-","-","-","-","-",KJ914605.1,"-","-",
"1574137-Opuntia discolor","-","-","-","-","-","-","-","-","-","-",KJ914588.1,"-","-","-","-","-","-","-","-",KJ914607.1,"-","-",
"1574138-Opuntia megapotamica","-","-","-","-","-","-","-","-","-","-",KJ914595.1,"-","-","-","-","-","-","-","-",KJ914611.1,"-","-",
"1574140-Opuntia ventanensis","-","-","-","-","-","-","-","-","-","-",KJ914601.1,"-","-","-","-","-","-","-","-","-","-","-",
"1262547-Echinocereus stolonifer","-","-","-","-","-","-","-","-","-","-","-",KC196827.1,"-","-","-","-","-","-","-","-","-","-",
"1129457-Opuntia guatemalensis","-","-","-","-","-","-","-","-","-","-","-","-",JQ590995.1,"-","-",JQ587177.1,"-","-","-","-","-","-",
"1677701-Copiapoa cinerea","-","-","-","-","-","-","-","-","-","-","-","-","-",KX387736.1,"-","-",KX387702.1,"-","-","-","-","-",
"2321253-Browningia altissima","-","-","-","-","-","-","-","-","-","-","-","-","-","-",MG429880.1,MH024614.1,"-","-","-","-","-","-",
"946337-Gymnocalycium alboareolatum","-","-","-","-","-","-","-","-","-","-","-","-","-","-","-","-","-",HQ188328.1,"-","-","-","-",
"946339-Gymnocalycium chiquitanum","-","-","-","-","-","-","-","-","-","-","-","-","-","-","-","-","-",HQ188333.1,"-","-","-","-",
"946341-Gymnocalycium gibbosum","-","-","-","-","-","-","-","-","-","-","-","-","-","-","-","-","-",HQ188338.1,"-","-","-","-",
"946346-Gymnocalycium ochoterenae","-","-","-","-","-","-","-","-","-","-","-","-","-","-","-","-","-",HQ188344.1,"-","-","-","-",
"946348-Gymnocalycium spegazzinii","-","-","-","-","-","-","-","-","-","-","-","-","-","-","-","-","-",HQ188349.1,"-","-","-","-",
"1677731-Copiapoa taltalensis","-","-","-","-","-","-","-","-","-","-","-","-","-","-","-","-","-","-",LN868151.1,"-","-","-",
