"","species","water","sand","texture","ai","bio1","bio10","bio11","bio12","bio13","bio14","bio15","bio16","bio17","bio18","bio19","bio2","bio3","bio4","bio5","bio6","bio7","bio8","bio9","npp","pet","elev","sd_elev","prof_curve","roughness","slope","sd_slope","tang_curve","max_height","chromosome_count_median","chromosome_count_distribution","pollinator_detailed","pollinator_binary","growth_form_detailed","growth_form_binary","BAMM_V1","BAMM_V2","MiSSE_V1_full","MiSSE_V2_full","MiSSE_V1_pruned","MiSSE_V2_pruned","DR_V1","DR_V2","range_size"
"1","Acanthocereus_chiapensis",12,37.5,4,0.963232070207596,24,25.4,22.2,1462.3,319.1,8.15,94.8,802.5,27.95,302.5,44.5,9.6,0.638000011444092,126.45,31.75,16.7,15.05,24.6,22.65,1821.5,141.595,699.25,11.1140327453613,0.000672876689350232,221.5,20.1559886932373,5.57804679870605,0.000915187352802604,60,"#N/A","#N/A",NA,NA,"shrubby","arborescent",0.073632493,0.704941157248824,0.232139759253223,0.47984208732574,0.218913735321765,0.832287232305252,0.0808169561067667,0.348639608762101,NA
"2","Acanthocereus_oaxacensis",13,43,4,0.793648660182953,26.55,27.45,24.85,1051,236.4,4.7,100.4,613.4,18.2,365.5,20.4,7.8,0.634999990463257,99.5,32.65,20.05,11.8,27.05,25.45,1468.9,149.1,114.5,3.21556282043457,0.00026689242804423,38,3.14926171302795,1.43024027347565,0.000254854996455833,NA,"#N/A","#N/A",NA,NA,"shrubby","arborescent",0.073632493,0.704941157248824,0.23213975922297,0.479842086877884,0.218913926889644,0.832287354278164,0.0808169561067667,0.348639608762101,NA
"3","Acanthocereus_tetragonus",14,40,4,0.943431258201599,24.2500000000001,26.45,22,1326.25,247.3,18.95,68.75,655.55,72,383.55,136.55,8.7,0.617000007629395,156.05,31.15,17.55,14.3,25.65,23.55,1699.55,131.56,274,2.43506908416748,0.000192061605048366,31.5,2.54219675064087,1.09059351682663,0.000196175336895976,700,"11","11",NA,NA,"columnar","arborescent",0.073632493,0.704941157248824,0.211096568410607,0.401688567413968,0.203703823238477,0.774861452673212,0.0505413484822717,0.221169267351231,1717454.566
"4","Acharagma_roseanum",14,38,4,0.406256914138794,15.15,18.85,10.45,519.5,102.35,11.5,71.15,272.05,51,211.1,56.9,11.6,0.565999984741211,350.85,24.7500000000001,4.45000000000005,20.5,17.95,12.45,848.6,116.135,2051.25,6.03564810752869,0.000326620545820333,95.5,8.3037257194519,3.23158586025238,0.000425087739131413,6,"#N/A","#N/A","bee","ancestral","globose_solitary/globose_caespitose","compact",0.038700604,0.559040315556654,0.209712182400864,0.400274371341954,0.203231705734471,0.774142289348792,0.0587523280244919,0.258258237040664,6099.688835
"5","Aporocactus_flagelliformis",13.5,40,4,1.07107847929001,14.05,16.5,10.85,1242.9,262.2,27.35,75.4,641.9,90.65,448.4,93.5,8.9,0.574000000953674,238.2,21.7,6.45000000000005,16.15,15.75,11.75,1615.7,108.55,2015,7.73761916160583,0.000640993006527424,144.5,10.8757705688477,4.58659696578979,0.00081484776455909,100,"#N/A","#N/A",NA,NA,"shrubby","arborescent",0.198886262,0.766554623563608,0.221279194218395,0.435940751512346,0.208934314428919,0.790330281124179,0.0853331003377171,0.350585486656946,NA
"6","Aporocactus_martianus",13,42,4,1.13125824928284,15.45,17.35,13.35,1323.1,266.8,18.3,85.3,723.1,63.6,403.5,75,9.6,0.615000009536743,158.6,23.55,7.65000000000003,16.1,16.45,13.7500000000001,1668.8,114.61,2122.5,5.53645610809326,0.000478093978017569,138.5,13.5888156890869,4.0147705078125,0.000794524443335831,500,"#N/A","#N/A",NA,NA,"shrubby","arborescent",0.198886262,0.766554623563608,0.221279197045998,0.43594075181567,0.208934314973819,0.790330094834879,0.0853331003377171,0.350585486656946,NA
"7","Ariocarpus_agavoides",15,34,4,0.341530621051788,20.05,23.45,15.45,490.8,91.7,9,76.1,254.5,35.5,209.8,35.8,10.9,0.56399998664856,319.5,29.45,10.15,19.4,22.7500000000001,16.7500000000001,808.7,124.79,1185,1.46708679199219,0.000149414670886472,16,1.29828464984894,0.912873268127441,0.000144076344440691,6,"#N/A","#N/A","bee","ancestral","geophytic","compact",0.039468331,0.569272835990567,0.239920151794138,0.771989405241624,0.21929752594556,0.984005335987919,0.103105830373304,0.759343141631874,NA
"8","Ariocarpus_bravoanus",14,43,4,0.281975030899048,17.65,20.65,13.95,406.2,78.2,7.5,72.1,196,33,126.6,34.1,12.5,0.596999979019165,269.7,27.95,6.95000000000005,21,19.45,15.2500000000001,686.8,113.61,1872,0.5,4.15128706663381e-05,4,0.282241404056549,0.158114090561867,4.4712345697917e-05,3.5,"#N/A","#N/A","bee","ancestral","geophytic","compact",0.039468331,0.569830586248869,0.241308644629141,1.54393824383241,0.222990303668919,1.24565026293336,0.164903654808056,1.41229190069856,NA
"9","Ariocarpus_fissuratus",15,39,4,0.252190232276917,19.45,26.55,11.7,376.65,64.5,10,62.15,173.4,38.8,156.3,43.1,13,0.457000017166138,597.6,32.85,4.95000000000005,27.85,25.35,13.85,642.6,130.455,1191,0.949917733669281,7.98802611825522e-05,16,1.41990494728088,0.443398922681808,8.11585559858941e-05,10,"11","11=0.50_19=0.50","bee, ento","derived","geophytic","compact",0.039468331,0.569830586248869,0.241096644485671,1.50557424956955,0.2227831851686,1.23390341229048,0.141714419396172,1.09354054058782,262795.5638
"10","Ariocarpus_kotschoubeyanus",14,36,4,0.303132385015488,18.15,21.85,13.2500000000001,433.05,78.6,9.1,67.7,205.95,41.65,179.3,46.5,12.6,0.571000003814697,343.4,28.35,6.35000000000002,21.8,21.2500000000001,15.7500000000001,726.2,123.725,1712.75,1.4299213886261,9.04822882148437e-05,22,1.96236306428909,0.724630653858185,8.94393524504267e-05,2,"#N/A","#N/A","bee","ancestral","geophytic","compact",0.039468331,0.56860191170008,0.219521654753505,0.620332265968658,0.206762220406739,0.909363848144385,0.0906986467499866,0.388885843212666,137387.31
"11","Ariocarpus_retusus",14,38,4,0.329919338226318,19.95,24.2,14.2500000000001,482.15,90.75,10.85,66.9,222.45,47.35,184.45,50.35,12,0.536500000953674,366.7,30.35,7.65000000000003,22.3,23.45,16.2500000000001,796.55,126.675,1221,0.916429877281189,6.50531073915772e-05,16,1.40325397253036,0.477610439062119,6.29264905001037e-05,25,"11","11","bee","ancestral","globose_solitary","compact",0.039468331,0.569272835990567,0.399640487474062,2.59476444800407,0.386907648315074,1.73818073883531,0.190741983517,1.3629737623806,209353.414
"12","Ariocarpus_scaphirostris",15,35,4,0.401423066854477,20.45,24.65,15.2500000000001,596.2,126.8,15,66.5,277.4,59,222.9,60.1,11.6,0.569000005722046,373.2,29.85,9.45000000000005,20.4,24.05,15.65,951.6,124.31,931,8.67377471923828,0.000667845946736634,111.5,8.61579990386963,3.61560010910034,0.000567390001378953,6,"#N/A","#N/A","bee","ancestral","geophytic","compact",0.039468331,0.568827854510446,0.225660227211023,0.785117933766782,0.210218742650219,0.986972162291903,0.110852800525497,0.760047826035873,NA
"13","Ariocarpus_trigonus",14,38,4,0.456588894128799,22.35,27.95,15.65,714.05,157.5,16.9,70.5,334.6,63.45,254.75,64.7,11.2,0.496999979019165,440.75,33.45,10.2500000000001,22.2,26.7500000000001,16.55,1100.45,132.435,409.5,1.0221780538559,7.46396981412545e-05,14,1.16816627979279,0.479381442070007,7.59656213631388e-05,NA,"#N/A","#N/A","bee","ancestral","globose_solitary","compact",0.039468331,0.569272835990567,0.399640482110911,2.59476445239226,0.386907687660992,1.73818097584518,0.190741983517,1.3629737623806,24924.53436
"14","Armatocereus_godingianus",18,44.5,7,1.75352132320404,10.15,10.55,9.55000000000001,1566.8,256.3,66.1,47.15,672.8,214.2,618.1,226.65,7.1,0.827000045776367,40.15,14.4,5.50000000000003,8.7,10.55,9.60000000000002,1410.8,98.685,3215.25,8.31367158889771,0.000560112937819213,179,15.4821882247925,4.7535355091095,0.000711851462256163,NA,"#N/A","#N/A","moth","derived","shrubby","arborescent",0.073399839,0.354131323854958,0.207946313966303,0.388761299143602,0.202937237945401,0.772331755880157,0.044432322328624,0.219594312206176,1060.582878
"15","Armatocereus_laetus",16,43,6,1.06554436683655,14.9,15.3,14.35,1216.65,252.9,17.4,70.4,616.05,63.5,580.9,90.9,8.4,0.773999977111816,35.15,20.2500000000001,9.75000000000006,10.8,15.2500000000001,14.45,1500,112.32,2261,7.62331628799438,0.000570962729398161,215.75,19.0627861022949,4.76849174499512,0.000884446577401832,600,"#N/A","#N/A",NA,NA,"columnar","arborescent",0.074701247,0.353836148034165,0.280280426186443,0.614164881440025,0.282630933896175,1.03466956603573,0.0830664085282337,0.312102312417233,7889.432603
"16","Armatocereus_matucanensis",17,47,7,1.30063724517822,6.05000000000001,6.65000000000003,5.25000000000003,1152.65,209.35,12.65,68.6,565.15,52.05,468.85,64.3,9.7,0.788000011444092,56.8,11.8,-0.349999999999966,12.3,6.55000000000001,5.40000000000003,1009.9,96.305,4027.75,8.06260347366333,0.000554338243091479,182,15.6249194145203,4.6013503074646,0.000741916534025222,600,"#N/A","#N/A",NA,NA,"arborescent","arborescent",0.074701247,0.353836148034165,0.280280508416159,0.614164882195916,0.282631034240799,1.03466983703688,0.0830664085282337,0.312102312417233,94532.86508
"17","Armatocereus_procerus",15,54,6,0.428976267576218,14.65,14.95,14.2500000000001,451.95,109.7,2.8,94.55,275.7,12.9,49.8,223.9,7.2,0.80600004196167,26.9,19.2500000000001,10.2500000000001,8.9,14.45,14.55,753.5,103,2311,7.7281699180603,0.000576555059524253,232.5,19.8677635192871,5.07802200317383,0.00097805802943185,700,"#N/A","#N/A",NA,NA,"arborescent","arborescent",0.074701247,0.353157305353238,0.20898524486698,0.379344083816398,0.203114283783486,0.772283784727261,0.0454462321588328,0.135502455933351,12992.45845
"18","Arrojadoa_rhodantha",14,61,6,0.432724148035049,25.65,27.05,23.7500000000001,697.3,137.2,2,87.2,345.65,9.55,191.7,26.5,9.4,0.671999979019165,134.45,32.55,18.55,14.1,25.95,24.55,1079.95,150.435,472.75,0.966226577758789,7.97270913608372e-05,16,1.34443604946136,0.506135493516922,8.42783301777672e-05,200,"11","11","bird","derived","shrubby","arborescent",0.248153942,1.54542985531503,0.241945918100218,0.483049561082707,0.223499755288724,0.845122664235308,0.130521921350733,0.544978320041971,561080.5098
"19","Arthrocereus_glaziovii",18,47,3,1.50041115283966,16.2500000000001,18.15,13.55,1777.4,419.5,8.6,91.5,1056.7,42.5,743.3,42.5,8.9,0.61100001335144,184.9,22.35,7.85000000000002,14.5,17.7500000000001,13.55,1949.8,119.93,1469,10.3770704269409,0.00113041303120553,205,17.6554584503174,8.26410102844238,0.00135460344608873,NA,"#N/A","#N/A","moth","derived","shrubby/columnar","arborescent",0.090143449,0.609647562180441,0.21218855234072,0.398859314254484,0.203838487898296,0.774332222700727,0.0746044631840576,0.286746531734064,NA
"20","Arthrocereus_rondonianus",14,53,6,0.911608636379242,21.55,23,18.95,1309.25,290.1,5.8,90.8,765.25,21.65,562.95,21.65,9.9,0.632999992370606,172.2,27.65,12.45,15.7,22.65,18.95,1702.2,134.785,956.75,2.32132744789124,0.000183841788384598,39.25,3.33064031600952,1.3247726559639,0.000189147584023885,50,"#N/A","#N/A","moth","derived","shrubby/columnar","arborescent",0.090143449,0.609647562180441,0.212188551073089,0.398859314141332,0.20383848741712,0.77433206548218,0.0746044631840576,0.286746531734064,2803.091171
"21","Arthrocereus_spinosissimus",14,67,9,0.946627795696259,26.15,27.45,24.05,1458,253.9,8.8,71,682.6,44.45,517.25,71.95,8.8,0.615000009536743,136.6,32.45,18.15,14.3,26.95,24.2500000000001,1820,145.28,201.75,0.927024781703949,7.88549587014131e-05,14.5,1.18808728456497,0.465424612164497,8.50007672852371e-05,100,"#N/A","#N/A","moth","derived","shrubby/columnar","arborescent",0.090143449,0.609647562180441,0.209292481900508,0.389315813317573,0.203087273739015,0.772819384760165,0.060332521738463,0.233687829274365,5026.808214
"22","Astrophytum_asterias",14,40,4,0.415716469287872,24.05,29.05,17.35,670.8,140,16.6,66.9,306,66,240.55,66.95,11.1,0.488000011444092,448.05,34.85,12.2,22.5,27.95,18.65,1047.15,148.385,190,0.60917466878891,4.66919009340927e-05,8,0.705065846443176,0.270459860563278,4.63361593574518e-05,5,"11","11","bee, ento","derived","globose_solitary","compact",0.057051725,0.142787167960993,0.230924568108544,0.397709673786285,0.213133766693305,0.773889323034879,0.115049795725211,0.268550694264055,19745.91661
"23","Astrophytum_capricorne",14,36,4,0.237787187099457,20.65,25.85,14.05,356.9,66.95,8.6,65.5,169.35,38.1,142.6,44,12.5,0.507500004768372,480.1,31.85,7.25000000000006,24.65,24.95,16.55,612.65,128.425,1199.25,1.80439019203186,0.00011673241169774,22.5,1.98491322994232,0.907632887363434,0.000105135251942556,25,"11","11","bee","ancestral","globose_solitary","compact",0.057051725,0.142787167960993,0.219649351800195,0.38632754614558,0.206366572669036,0.772492640532208,0.089601366598175,0.213861178532561,63350.36699
"24","Astrophytum_caput-medusae",NA,NA,NA,NA,NA,NA,NA,NA,NA,NA,NA,NA,NA,NA,NA,NA,NA,NA,NA,NA,NA,NA,NA,NA,NA,NA,NA,NA,NA,NA,NA,NA,19,"#N/A","#N/A",NA,NA,"shrubby","arborescent",0.057051725,0.142472237048954,0.214280958467841,0.380936653689659,0.204280567590298,0.772302721282054,0.0836629509789984,0.176446292717025,NA
"25","Astrophytum_coahuilense",14,37,4,0.149302259087563,22.7500000000001,28.35,15.7500000000001,248.65,46.4,4.9,67.8,124.15,19.9,96.95,30,13.2,0.505999994277954,474.75,34.5500000000001,7.85000000000002,26,27.05,20.95,441.35,143.475,1138.25,0.705722987651825,4.0470691601513e-05,6.5,0.526521921157837,0.156278982758522,3.88181069865823e-05,15,"#N/A","#N/A",NA,NA,"globose_solitary","compact",0.057051725,0.142787167960993,0.230924570091181,0.397709673636457,0.213133766584737,0.773888993502201,0.115049795725211,0.268550694264055,8096.105765
"26","Astrophytum_myriostigma",14,38,4,0.393321305513382,18.9,22.2500000000001,14.4,561.2,101.95,11.3,68.4,275.55,47.45,232.8,49.4,11.5,0.573000001907349,321.55,28.7,8.45000000000005,20.6,21.55,15.45,905.25,121.51,1419,2.60370218753815,0.000196553504792973,38.25,3.06554269790649,1.35265529155731,0.00019032575073652,25,"11","11","bee, ento","derived","globose_solitary","compact",0.057051725,0.142472237048954,0.226654547329524,0.389968452519291,0.210605097947237,0.773018827811956,0.107912348908163,0.206840786156828,50809.83513
"27","Astrophytum_ornatum",13,38,4,0.488739430904388,17.65,20.45,14.05,648.35,131.15,10.1,78.95,341.1,41.55,196.6,41.75,10.9,0.576000022888184,251.85,26.85,7.95000000000005,18.8,19.35,14.35,1018.85,115.37,1695.25,7.22774076461792,0.000617629993939772,159.75,13.4373850822449,4.22903823852539,0.000778898509452119,100,"11","11","bee","ancestral","columnar","arborescent",0.057051725,0.142472237048954,0.226654545623214,0.389968452942624,0.210605098588353,0.773018488268284,0.107912348908163,0.206840786156828,13142.646
"28","Austrocactus_bertinii",20,67,9,0.268911316990852,11.65,18.7500000000001,4.30000000000004,289.45,39,14.3,31.35,100.45,48.65,54.25,74.55,10.9,0.405000019073486,564.65,25.95,-0.849999999999966,26.8,7.95000000000005,15.7500000000001,507.3,110.71,576.5,0.81723764538765,7.39372917450964e-05,12.5,1.09849178791046,0.411507591605186,7.16976828698535e-05,40,"#N/A","#N/A","bee","ancestral","columnar","arborescent",0.145715496,0.341714314150085,0.263895282884392,0.452654301451034,0.240006782121186,0.824433417296363,0.14259320560977,0.215824971285319,459579.3426
"29","Austrocactus_philippii",20,52,7,2.32354640960693,1.40000000000003,8.50000000000003,-5.14999999999998,1622.05,362.85,22.1,90.5,931.3,79.3,92.75,923.9,9.8,0.413000011444092,544,16.7,-9.34999999999997,26.3,-4.34999999999997,8.30000000000004,722.35,89.425,2526.75,9.03179407119751,0.000623678701231256,225,19.6411828994751,5.40027451515198,0.000852493452839553,40,"#N/A","#N/A",NA,NA,"columnar","arborescent",0.073522023,0.341714314150085,0.207770460186475,0.452654300858393,0.202929149742799,0.82443320823052,0.0317468962666217,0.215824971285319,304.857579
"30","Austrocactus_spiniflorus",NA,NA,NA,NA,NA,NA,NA,NA,NA,NA,NA,NA,NA,NA,NA,NA,NA,NA,NA,NA,NA,NA,NA,NA,NA,NA,NA,NA,NA,NA,NA,NA,20,"11","11",NA,NA,"globose_caespitose","compact",0.080124823,0.34167654160306,0.208269585615227,0.378777269211378,0.202972868958898,0.772281175235985,0.0415722757076184,0.0999340277610797,NA
"31","Austrocylindropuntia_cylindrica",18,47,7,1.69113928079605,9.55000000000001,9.95000000000005,9.05000000000001,1608,219.6,60.55,37.6,596.4,211.25,558.05,248.85,8.3,0.81899995803833,38,14.65,4.55000000000001,10,9.85000000000002,9.20000000000005,1331.1,105.195,3328.75,5.65132713317871,0.000374701470718719,116.75,10.1156520843506,3.15544438362122,0.000515199732035398,400,"#N/A","#N/A",NA,NA,"shrubby/arborescent","arborescent",0.160523402,0.333039917285669,0.23216603845524,0.38953935981397,0.213488704166765,0.772730604205109,0.125519583014974,0.264256087641911,11854.11577
"32","Austrocylindropuntia_floccosa",16,45,7,1.55591434240341,7.55000000000001,8.45000000000005,6.10000000000002,1435.1,282,17.7,68.9,753.4,72.15,556.75,76.8,9.4,0.731500005722046,79.9,13.45,0.350000000000023,12.6,8.15000000000003,6.25000000000006,1166.5,96.185,3836.25,6.72956848144531,0.000490427453769371,156.5,13.4709501266479,3.99362671375275,0.000645328953396529,15,"11","11",NA,NA,"cushion_forming","compact",0.160504077,0.332703320191465,0.215748178635934,0.380491923705891,0.204661366610746,0.772293651843157,0.0913461043667616,0.171960707099338,345073.4458
"33","Austrocylindropuntia_pachypus",15,50,6,0.549537599086761,14.05,14.2,13.9,563.4,142.35,1.2,102,338.15,6.75,67.5,257.35,7.2,0.839999961853027,18.9,18.4,9.75000000000006,8.5,14.05,13.95,905.4,100.08,2343,8.51221132278442,0.000582151958951727,262,22.2684440612793,5.2153537273407,0.00105678162071854,100,"#N/A","#N/A",NA,NA,"shrubby","arborescent",0.160523402,0.333039917285669,0.23541132547209,0.389539359779827,0.215977332279873,0.772730091346978,0.143413820629985,0.264256087641911,4776.092328
"34","Austrocylindropuntia_shaferi",16,50,7,0.605853974819183,10.7500000000001,12.55,8.35000000000002,683.75,168.7,2.5,96.45,413.25,10.1,250.25,12.5,12.1,0.663000011444092,159.1,18.45,-0.19999999999996,18.4,12.15,8.45000000000005,1050.45,106.855,3465.5,5.61213517189026,0.000475843378808349,110.25,9.28328895568848,3.03752958774567,0.000596308178501204,30,"11","11=0.50_22=0.50",NA,NA,"columnar","arborescent",0.160523402,0.332720828657231,0.311824673914125,0.509354896832166,0.305247116822457,0.889845801886906,0.17672080396601,0.335708133434207,36825.16988
"35","Austrocylindropuntia_subulata",17,46,7,1.34553074836731,6.55000000000001,7.45000000000005,5.25000000000006,1221.15,234.75,12.4,72.2,638.35,53.05,502.4,58.9,10,0.738000011444092,81.4,12.95,-0.749999999999943,13.3,7.15000000000003,5.35000000000002,1048.3,96.9,3973.5,6.77944540977478,0.000498458975926042,150,12.9140720367432,3.89844000339508,0.00062815155251883,400,"33","11=0.20_22=0.20_33=0.60",NA,NA,"arborescent","arborescent",0.160523402,0.333039917285669,0.235411365440917,0.389373047263233,0.215977000176197,0.77271569116166,0.143413820629985,0.237529860858271,262000.3005
"36","Austrocylindropuntia_vestita",16,48,7,0.772043526172638,12.15,13.95,9.65000000000003,872.6,197.2,4.85,91.7,500.75,18.9,347.05,19.25,10.8,0.663000011444092,164.95,18.8,2.40000000000003,16.9,13.55,9.65000000000003,1183.15,103.5,3045.25,6.56205177307129,0.000515482708578929,157,13.3525876998901,3.79059994220734,0.000755957706132904,50,"#N/A","#N/A",NA,NA,"shrubby","arborescent",0.160523402,0.332720828657231,0.311824667386976,0.509354897487416,0.305247214084472,0.889846078437298,0.17672080396601,0.335708133434207,58109.12479
"37","Aztekium_hintonii",14,38,4,0.562242269515991,15.65,19.55,10.85,709.55,140.9,16.2,66,334.3,61.5,279.6,63,11,0.577500009536743,347.35,24.7500000000001,5.45000000000005,19.2,19.05,11.2500000000001,1094.95,117.455,1665,6.97574949264526,0.000524093746207654,154,12.9936141967773,4.10020136833191,0.000718873721780255,10,"#N/A","#N/A",NA,NA,"globose_solitary/columnar","both",0.05699953,0.142302610052315,0.214559071091154,0.386318801176452,0.205225506631857,0.772852181143989,0.0659755403876607,0.144781350263188,764.2969684
"38","Aztekium_ritteri",14,38,4,0.571916669607162,15.9,19.95,10.7,696,146.65,18.1,66.6,322.95,69.4,266.1,70.45,11.6,0.571000003814697,367.55,25.2,4.90000000000003,20.2,19.35,11.05,1078.4,117.34,1548,8.65798377990723,0.000765345641411841,225.75,19.4731416702271,6.07239460945129,0.00107474438846111,3,"#N/A","#N/A","bee","ancestral","globose_solitary/globose_caespitose","compact",0.05699953,0.142302610052315,0.214559077534714,0.386318800801907,0.205225506688635,0.77285199334812,0.0659755403876607,0.144781350263188,795.6583964
"39","Bergerocactus_emoryi",13,45,6,0.226892367005348,17.2500000000001,22.6,13.05,256.85,52.75,1.5,86.1,142,7.95,15.9,132.45,9.2,0.46399998664856,372.4,28.15,8.55000000000001,19.65,13.35,19.65,454.75,112.65,355.5,3.7736234664917,0.000358778474037535,58.75,4.68993282318115,1.9132387638092,0.000377937030862086,NA,"22","22",NA,NA,"shrubby/columnar","arborescent",0.077818772,0.435855653305402,0.20817924166047,0.38450197612356,0.202950378623319,0.772388607475923,0.0499756669333486,0.227172072623639,15778.12934
"40","Blossfeldia_liliputana",17,58,9,0.443533033132553,9.25000000000006,12.2,5.25000000000006,495.15,142.45,1.7,108.1,339.7,7.5,237.85,8.9,12.6,0.628999996185303,326,18.65,-2.04999999999995,21.3,12.05,5.45000000000005,776.3,108.86,3466,4.90515494346619,0.000372481517842971,93.75,7.44459939002991,2.69086635112762,0.000450766616268083,1.2,"33","33","bee","ancestral","globose_solitary/globose_caespitose","compact",0.062414929,0.0942820083633791,0.207770045622327,0.37841666968106,0.202929122033467,0.772284061655392,0.0275195868913624,0.037398152034829,216039.2402
"41","Brachycereus_nesioticus",14,43,4,1.97708773612976,22.65,24.7500000000001,20.95,1395.45,294,20.1,85,824.45,70.25,689.7,76.05,2.2,0.326499998569489,146.2,26.05,19.7500000000001,6.1,24.35,21,1771.8,140.425,146.75,1.19732773303986,7.40874238545075e-05,33.25,3.1507740020752,0.534011960029602,6.97293471603189e-05,60,"#N/A","#N/A",NA,NA,"shrubby","arborescent",0.331870929,0.354131323854958,3.05714842474891,2.8838097707325,NA,NA,0.912941775539919,0.437520056613769,6043.543796
"42","Brasilicereus_markgrafii",13,54,6,0.693357646465302,22.15,23.65,19.65,1011.15,231.5,4.6,94.2,600.35,16.05,399.05,16.05,9.3,0.653999996185303,158.95,28.45,14.2500000000001,14.2,23.15,19.65,1429.35,136.455,845,2.39706563949585,0.000196143599168863,42.75,3.82543468475342,1.41010349988937,0.0002230245154351,150,"#N/A","#N/A","bat","derived","columnar","arborescent",0.181923625,0.404512247077497,0.215029672891749,0.576451963241945,0.204561544298431,0.980749183276881,0.0712185525762904,0.335444882593631,5677.639029
"43","Brasiliopuntia_brasiliensis",14,52,6,0.947253882884979,23.6,25.55,21.15,1356.2,219.9,15.7,72.5,596.8,59.25,417.1,85.95,9.1,0.638000011444092,154.55,30.45,15.9,14.4,24.55,21.35,1695.15,135.715,530.75,1.45639753341675,0.000134100468130782,24,2.02046155929565,0.830279558897018,0.000128542065795045,2000,"11","11",NA,NA,"arborescent","arborescent",0.161875098,0.335459018059551,0.228291362290423,0.401392820907526,0.211605818077885,0.773686258914076,0.101670485384053,0.234686665295278,2445896.789
"44","Browningia_altissima",15,43,4,1.0321004986763,19.7,20.55,18.45,1282.75,174.15,45.2,30.5,446.75,173.35,322.25,183.8,7.6,0.761500000953674,82.45,24.7,14.65,9.9,20.15,18.65,1624.5,112.02,1407.75,6.2609269618988,0.000455328045063652,167.5,14.1226925849915,3.73857080936432,0.000646327855065465,500,"#N/A","#N/A",NA,NA,"arborescent","arborescent",0.086697047,0.347364825075022,0.228639914046875,0.453929620744071,0.213588319484589,0.797772424321995,0.081916533036797,0.235123669181369,6617.414801
"45","Browningia_candelaris",17,62,9,0.248974777758121,12.85,13.65,12.15,269.8,81.5,1.9,116.6,206,7.4,32.85,11.4,9,0.725500011444092,66.45,18.65,6.25000000000006,12.6,12.45,12.2500000000001,475.75,109.61,2773.75,6.11971974372864,0.000477796260383911,139.25,11.8755693435669,3.52774858474731,0.000633428542641923,600,"#N/A","#N/A","bat","derived","arborescent","arborescent",0.087464568,0.350519270564816,0.222056439478464,0.492643421800043,0.212524455709527,0.819236556679076,0.129931759331536,0.453623132668137,44358.15543
"46","Browningia_chlorocarpa",16,45,6,0.782729238271713,15.4,15.7500000000001,15,930.55,235.65,9.7,82.45,535.8,33.85,535.7,40.9,9.1,0.790999984741211,32.15,21.55,10.05,11.6,15.7500000000001,15,1340.1,122.46,2096,7.41184687614441,0.000591226824326441,221.25,19.734902381897,4.92214560508728,0.000888529175426811,150,"#N/A","#N/A","bat","derived","arborescent","arborescent",0.086697047,0.347364825075022,0.228639909314797,0.453929621039127,0.213588342249813,0.797772519281101,0.081916533036797,0.235123669181369,1879.77035
"47","Browningia_hertlingiana",16,44,7,1.38191521167755,7.65000000000003,8.65000000000003,6.05000000000001,1295.7,249.35,11.3,80.4,687.95,56.1,470.3,61.85,9.4,0.698000001907349,98.85,13.85,0.250000000000057,13.65,8.35000000000002,6.25000000000006,1149.6,94.585,3754,7.94153118133545,0.000538041756954044,202.75,17.3606233596802,4.75402021408081,0.000803577451733872,800,"#N/A","#N/A","bat","derived","columnar/arborescent","arborescent",0.087464568,0.350519270564816,0.221714625106053,0.492643422314584,0.212138392734483,0.819236577191452,0.107809767074189,0.453623132668137,24213.55857
"48","Browningia_microsperma",16,46,6,0.889416217803955,17.85,18.45,17.4,1176.75,288.25,8.6,95.4,684.1,39.25,632.05,45.25,9,0.778999996185303,50.4,23.8,12.55,11.4,18.45,17.45,1490.35,120.915,1592.75,6.51785397529602,0.000467115081846714,185.75,16.2426586151123,4.05872082710266,0.000785898853791878,700,"#N/A","#N/A",NA,NA,"arborescent","arborescent",0.087444894,0.350519270564816,0.221529621219874,0.470694800359603,0.211881025802756,0.802510148476815,0.0807336239240319,0.337553742044276,15217.85651
"49","Calymmanthium_substerile",16,46,6,0.707765519618988,16.45,16.8,16.05,872.6,154.8,10.6,62.5,389.2,43.15,293.1,48.5,8.4,0.786999988555908,30.7,21.2,10.7500000000001,10.6,16.65,16.05,1283.75,106.665,2107.5,10.1201581954956,0.000668584369122982,270.75,23.0330944061279,5.92883038520813,0.00107359082903713,800,"#N/A","#N/A","mixed","derived",NA,NA,0.098686884,0.165966147328011,0.211368599330714,0.378434932372645,0.203561612297245,0.772279979082162,0.0633382782431277,0.0768323460027725,418.3143423
"50","Carnegiea_gigantea",14,49,6,0.153839230537415,22.95,31.2500000000001,13.65,248.25,49.65,1.4,64.6,114.3,10.6,89.6,65.65,13.5,0.417000007629395,687.4,38.15,6.75000000000006,31.7,29.2,25.85,440.7,135.235,409.5,0.61237245798111,4.19185380451381e-05,9,0.803003966808319,0.210115037858486,4.39747363998322e-05,1600,"11","11","bee, bird, bat, moth","derived","arborescent","arborescent",0.077825805,0.435611518482574,0.209543006864536,0.381649565997791,0.203140323103438,0.77231067819655,0.0717830034644364,0.188340972470454,193626.0739
"51","Castellanosia_caineana",16,50,6,0.584246069192886,23.7500000000001,26.7500000000001,19.2500000000001,890.95,154.05,9.75,76.2,439.3,39.1,382.35,65.8,9.9,0.573000001907349,272.05,31.95,14.05,17.2,26.45,20.6,1303.75,130.08,461.25,0.599478960037231,4.97641703987028e-05,7.5,0.574149906635284,0.253552302718163,4.03545382141601e-05,600,"#N/A","#N/A",NA,NA,"shrubby","arborescent",0.073399839,0.358677880999222,0.207791726013227,0.378498602725158,0.202929493016917,0.772280409520411,0.0361826042927521,0.0996958222728449,137003.7088
"52","Cephalocereus_apicicephalium",12,40,4,0.488346979022026,20.55,22.35,18.6,815,179.25,2.7,96.25,476.65,13,268.75,13.55,12.4,0.646000003814697,150.45,30.45,11.05,19,21.2,18.65,1219.25,135.305,1327.5,5.27652549743652,0.000456662790384144,108.25,9.05649566650391,3.02992010116577,0.000609688606346026,300,"#N/A","#N/A",NA,NA,"columnar","arborescent",0.077825805,0.462531001501668,0.233505841522967,0.478565253079446,0.217330769029576,0.81725704702627,0.0834408433684454,0.322864658013334,6731.553204
"53","Cephalocereus_columna-trajani",13,42,4,0.457381844520569,19.35,21.3,16.85,668,141.6,8,90.4,373.4,27.35,208.65,29.95,11.7,0.628999996185303,178.8,28.65,10.2500000000001,18.4,20.45,17.2,1043.65,121.835,1588,4.92500138282776,0.000403292826376855,108.25,9.2194242477417,2.84217667579651,0.000575264974031597,1000,"#N/A","#N/A",NA,NA,"columnar","arborescent",0.077825805,0.462531001501668,0.25464940900186,0.538103686375097,0.239287541581363,0.878946694042428,0.126178256485269,0.479464759593781,3746.748568
"54","Cephalocereus_senilis",13,38,4,0.502696499228477,17.95,20.35,14.65,674.1,142.5,11.1,79.65,360.4,38.1,171.1,38.1,10.6,0.596999979019165,230.45,26.2,8.65000000000003,17.7,19.5000000000001,14.65,1051.2,117.21,1469.5,8.63043308258057,0.000506617812789045,88,6.4719409942627,4.30717706680298,0.000410039036069065,1500,"#N/A","#N/A",NA,NA,"columnar","arborescent",0.077825805,0.462531001501668,0.254649418170694,0.538103687164988,0.239287539515539,0.878946871171561,0.126178256485269,0.479464759593781,NA
"55","Cereus_aethiops",16,59,9,0.443234637379646,17.35,24.2500000000001,10.2500000000001,579.35,110.8,6.2,76.7,293.6,24.15,286.6,27.65,11,0.436999988555908,499.35,31.15,4.25000000000006,24.4,23.7500000000001,10.2500000000001,911.8,120.455,416,0.433012694120407,2.93150733341463e-05,4,0.363910526037216,0.110264856368303,2.86982285615522e-05,200,"11","11","moth, bee","derived","shrubby","arborescent",0.29405473,0.69061965438391,0.336970904714087,0.670638288062722,0.322137423041064,0.986366906283561,0.284252090973399,0.749476735877756,727861.0061
"56","Cereus_albicaulis",14,62,6,0.440179288387299,26.05,27.55,24.45,711.65,149.05,2.4,90.35,387.5,12.25,134.8,56.4,9.4,0.677500009536743,132,33.2500000000001,18.95,13.7,26.15,25.15,1097.5,155.015,449.75,1.04861223697662,8.55201360536739e-05,17.5,1.43249988555908,0.536852598190308,9.31419563130476e-05,200,"#N/A","#N/A",NA,NA,"shrubby","arborescent",0.283006545,0.662491198712471,0.593045158432301,1.57560649367261,0.423100852930875,1.59211172166069,0.188814409837385,0.529505056653248,612106.0613
"57","Cereus_bicolor",14,61,6,1.03052216768265,24.95,26.15,23.2500000000001,1583.6,290.2,9.5,73.35,796.95,48.7,426.35,74,9.1,0.632000017166138,111.65,32.05,17.55,14.7,25.35,23.45,1911.2,139.27,359.5,0.935414373874664,7.66333832871169e-05,16,1.35464948415756,0.514581918716431,8.11022182460874e-05,300,"#N/A","#N/A",NA,NA,"shrubby","arborescent",0.331870929,0.78120029239505,0.292397996063795,1.93773270010737,0.243323308286036,1.11435438883365,0.265278105719577,0.498321940462226,819727.8759
"58","Cereus_fernambucensis",14,53,6,1.1655752658844,24.05,26.2500000000001,21.65,1397.25,227.2,38.4,58.15,614.1,129.5,398.7,158.65,6.6,0.555999994277954,177.7,29.35,17.85,11.85,25.05,21.65,1773.25,128.965,90,3.67503070831299,0.000348503876011819,40.75,2.91690492630005,1.46791058778763,0.000325858767610043,400,"#N/A","#N/A","bee, moth","derived","shrubby","arborescent",0.292304937,0.683847935279418,0.241654621275397,0.429305762648774,0.218768282597393,0.781706968678743,0.128109519159059,0.346464470611061,137283.3247
"59","Cereus_hankeanus",16,48,7,0.622294008731842,22.1,27.05,16.65,921.45,157.9,9.2,71.5,431.1,33.75,402.85,51.4,9.8,0.482000017166138,394.3,32.5,11.35,20.3,26.65,16.7500000000001,1335.85,128.18,174,0.330718904733658,2.38191714743152e-05,3,0.167724594473839,0.0797188505530357,2.32348766076029e-05,700,"#N/A","#N/A",NA,NA,"arborescent","arborescent",0.29405473,0.69061965438391,0.481235465015233,1.11352685382846,0.425882723325407,1.43288927922661,0.641164763047898,1.20271725328971,896978.3205
"60","Cereus_hexagonus",14,46,6,1.29657113552094,26.15,27.15,25.35,1857.8,304.95,27.25,54.85,832.95,129.55,219.7,607.25,7.6,0.715000009536743,74.95,32.85,21.95,11.1,25.65,26.85,2066.2,135.855,119,1.22074919939041,0.000101416691904888,13,0.948284327983856,0.439142197370529,9.27086584852077e-05,1500,"11","11=0.50_33=0.50",NA,NA,"arborescent","arborescent",0.331870929,0.781889133051614,0.294205006532489,2.04849674930581,0.243785893078142,1.13195197144912,0.3649011210222,1.33072960955728,806049.1683
"61","Cereus_hildmannianus",14,42,6,1.18549770116806,19.05,23.65,14.2500000000001,1494.9,194.6,67.85,27.5,518.75,245.6,468.2,258.1,9.1,0.461999988555908,366.2,28.85,9.65000000000003,18.4,21.85,15.7500000000001,1842.55,117.83,208.75,1.13019633293152,0.000105539049400249,19.75,1.66941368579865,0.611426711082458,0.000115497870865511,1000,"11","11","moth","derived","arborescent","arborescent",0.331870929,0.781889133051614,0.322957355152966,2.04849674892,0.24378589400815,1.13195320769201,0.459939031635238,1.33072960955728,1585196.794
"62","Cereus_insularis",15,45,6,2.19238209724426,25.95,26.35,25.35,1336.4,269.9,14.3,75.7,696.4,53.1,696.4,206.8,1.3,0.513000011444092,37,27.15,24.65,2.6,26.35,25.65,1724.55,174.67,41,5.14781522750854,0.000352144415955991,40.5,3.41408252716064,2.74629366397858,0.00024644895165693,500,"#N/A","#N/A",NA,NA,"shrubby","arborescent",0.293835254,0.686930237661481,0.270941384418575,0.481481840727665,0.24463560090959,0.809136091864104,0.16858882945883,0.450265898113023,20.32864047
"63","Cereus_jamacaru",14,60,6,0.562840104103088,25.55,27.05,23.85,886.7,189.7,3.2,87.3,487.35,15.15,175.85,81.3,9.3,0.671000003814697,126.1,32.55,18.85,13.7,25.35,25.15,1299.15,148.985,453.25,1.19895792007446,0.000103086553281173,19,1.60467094182968,0.614478528499603,0.000112995167000918,1000,"11","11",NA,NA,"columnar","arborescent",0.248153942,1.54542985531503,0.241945915290947,0.483049559268633,0.22349975475586,0.845123143947007,0.130521921350733,0.544978320041971,1484952.084
"64","Cereus_mirabella",NA,NA,NA,NA,NA,NA,NA,NA,NA,NA,NA,NA,NA,NA,NA,NA,NA,NA,NA,NA,NA,NA,NA,NA,NA,NA,NA,NA,NA,NA,NA,NA,100,"#N/A","#N/A",NA,NA,"shrubby","arborescent",0.283006545,0.662491198712471,0.593045100793296,1.57560649267723,0.423100844041676,1.59211192483049,0.188814409837385,0.529505056653248,NA
"65","Cereus_mortensenii",14,40,4,0.654201447963715,25.15,26,24.2,968.4,132.5,23.75,45.5,359.85,105.15,240.85,188.85,8.6,0.751000022888184,76.25,31.2500000000001,19.45,11.6,25.15,24.55,1385.8,141.87,567,3.7780168056488,0.000294258803478442,65,5.49180293083191,1.93834221363068,0.000356622447725385,800,"#N/A","#N/A",NA,NA,"arborescent","arborescent",0.29405473,0.687048138827499,0.277090682916427,0.494840937522986,0.251020384693554,0.818358987135289,0.205339565929168,0.542690044791527,19778.45994
"66","Cereus_repandus",14,41,4,0.752442866563797,26.35,27.15,25.2500000000001,1104.55,175.8,15.8,61.4,484.6,63.5,202.5,205.75,8.3,0.738000011444092,73.8,32.2500000000001,21.45,11.3,25.95,25.8,1515.95,149.74,235.5,2.36634850502014,0.000181113493454177,29,2.22552728652954,1.0825719833374,0.000183055686648004,1000,"11","11","bee, moth, bat, ento","derived","arborescent","arborescent",0.331609222,0.781889133051614,0.290989574618507,2.0052743313512,0.243294413951236,1.12164194341263,0.171985824304069,0.852335499452972,163393.792
"67","Cereus_saddianus",NA,NA,NA,NA,NA,NA,NA,NA,NA,NA,NA,NA,NA,NA,NA,NA,NA,NA,NA,NA,NA,NA,NA,NA,NA,NA,NA,NA,NA,NA,NA,NA,600,"#N/A","#N/A",NA,NA,"arborescent","arborescent",0.283006545,0.662590838017156,0.235453251350484,0.431813362914866,0.215442227654189,0.788862176991859,0.138686315896942,0.468906978091094,NA
"68","Cereus_spegazzinii",16,48,7,0.642914533615112,23.95,27.7500000000001,18.95,957.75,153.25,13.6,63.15,421.55,49.8,401.95,74.2,9.6,0.496000003814697,362.05,32.95,14.05,19.3,27.45,19.15,1374.75,132.57,145,0.242061465978622,2.20219662878662e-05,2,0.148052260279655,0.0743026882410049,2.09874706342816e-05,200,"11","11",NA,NA,"shrubby","arborescent",0.29405473,0.69061965438391,0.48123546488638,1.11352685300876,0.425882723158483,1.43288924286231,0.641164763047898,1.20271725328971,419480.7188
"69","Cipocereus_bradei",14,53,6,0.906366288661957,20.85,22.35,18.2500000000001,1277.5,286.6,5.8,91.4,745.9,21.55,537.75,21.55,9.9,0.634000015258789,172.25,27.2500000000001,11.8,15.5,21.95,18.2500000000001,1675.5,133.065,1019,2.39747524261475,0.000180145449121483,40.25,3.51394104957581,1.3827737569809,0.000201300259504933,350,"#N/A","#N/A",NA,NA,"shrubby/arborescent","arborescent",0.283006545,0.662590838017156,0.289983354718413,0.426419903975854,0.272738152902184,0.785677265320882,0.181206700702437,0.41854588615509,3762.290156
"70","Cipocereus_crassisepalus",NA,NA,NA,NA,NA,NA,NA,NA,NA,NA,NA,NA,NA,NA,NA,NA,NA,NA,NA,NA,NA,NA,NA,NA,NA,NA,NA,NA,NA,NA,NA,NA,200,"#N/A","#N/A","bee, bat","derived","arborescent","arborescent",0.283006545,0.662590838017156,0.235453250877162,0.43181336304505,0.21544222763461,0.788862754927603,0.138686315896942,0.468906978091094,NA
"71","Cipocereus_minensis",13,50.5,6,0.902142763137817,21.45,23.2500000000001,18.85,1243.35,278.55,7,89.95,716.85,24.05,510.6,24.05,9.3,0.630999994277954,176,27.7500000000001,12.95,14.7,22.7500000000001,18.85,1646.25,124.695,855.5,3.52972686290741,0.000337669407599606,60.25,5.0710301399231,1.96340614557266,0.000359447323717177,200,"#N/A","#N/A","bee, bird, bat, ento","derived","shrubby/columnar","arborescent",0.283006545,0.662590838017156,0.289983358381703,0.425969797755892,0.272738154088984,0.785418496616672,0.181206700702437,0.35541634720794,32948.99588
"72","Cleistocactus_baumannii",16,47,7,0.704708606004715,22,26.95,16.45,1023.45,160.45,14.25,63.25,440.85,52.65,412.1,69.2,9.5,0.471000003814697,404.25,32.35,11.35,20.6,26.45,16.45,1433.55,129.105,133,0.330718904733658,2.47536454480723e-05,3,0.169071108102798,0.0834542252123356,2.33617865887936e-05,200,"11","11","bird","derived","shrubby","arborescent",0.103747299,0.618190103678185,0.22915184856976,0.446563389407626,0.211817521470229,0.797856039593511,0.129987832505261,0.513025919424994,1071089.856
"73","Cleistocactus_chrysocephalus",16,43,7,1.00857639312744,12.05,13.45,9.85000000000002,1080.05,211.25,22.15,67.65,542.9,82.65,462.25,87.1,9.4,0.678500008583069,145.9,17.45,3.60000000000002,13.8,13.35,10.1,1297.75,96.01,2889.75,8.01402568817139,0.000523185561178252,249.25,22.2983751296997,4.75018739700317,0.00079417519737035,500,"#N/A","#N/A","bird","derived","shrubby","arborescent",0.091537402,0.611269648529319,0.215708253563443,0.409514680400501,0.204937065188825,0.777336581979253,0.0903409316166864,0.330274816160998,185.9028768
"74","Cleistocactus_laniceps",15,44,7,0.940489321947098,13.9,15.3,12,1116.2,237.45,17,80.05,605.3,62.1,336.7,64,10.3,0.688000011444092,128.65,20.15,5.30000000000004,14.9,15,12.15,1505.8,110.615,2752.25,5.75407457351685,0.00033772800816223,169,15.7806015014648,2.88198137283325,0.000624191481620073,400,"#N/A","#N/A","bird","derived","shrubby","arborescent",0.103747299,0.619045853086038,0.229926551750728,0.448865706468637,0.212027535694929,0.798032276030616,0.130195860810538,0.512883175543234,120.5292597
"75","Cleistocactus_parviflorus",14,49,6,0.501341789960861,15.7500000000001,17.45,13.35,652.5,142.15,5.2,85.55,360.8,20.1,273.35,20.3,10.9,0.678999996185303,171.4,22.85,6.85000000000002,15.95,17.2500000000001,13.35,1024.1,109.17,2300,6.60585474967957,0.000558757456019521,143.5,12.3060865402222,3.90208530426025,0.000681943609379232,300,"#N/A","#N/A","bird","derived","shrubby","arborescent",0.103747299,0.619045853086038,0.297020628976715,0.695452554226911,0.28406151899675,1.06499963062955,0.199200791885217,0.782405651623263,19405.41141
"76","Cleistocactus_ritteri",14,42,4,0.800195217132568,20.7500000000001,21.85,18.95,1039.1,184.4,29.8,55.2,469.5,114.1,410.1,114.1,8,0.71399998664856,116.1,25.15,13.95,11.2,21.7500000000001,18.95,1457.2,120.38,1335.5,9.20597648620605,0.000944277446251363,309.5,26.0688133239746,6.9444260597229,0.00117245758883655,100,"#N/A","#N/A","bird","derived","shrubby","arborescent",0.103747299,0.619045853086038,0.297020627725843,0.695452555809529,0.284061518332794,1.06499983339977,0.199200791885217,0.782405651623263,0.734596976
"77","Cleistocactus_samaipatanus",16,46,6,0.746742755174637,18.85,21.45,15.45,998.2,186.85,12.9,76.85,530.3,44.85,456.35,57.75,9.9,0.597000002861023,249.25,26.1,9.65000000000003,16.5,21.35,15.55,1416.3,112.565,1282.75,7.60228180885315,0.000648694287519902,146.5,11.96138048172,4.05230808258057,0.000772177474573255,150,"#N/A","#N/A","bird","derived","shrubby","arborescent",0.090807111,0.61225259795975,0.209994035130392,0.396233477882553,0.203205960782512,0.774140980935338,0.069054637422901,0.305626921792358,6265.579208
"78","Cleistocactus_smaragdiflorus",16,48,6,0.725227534770966,19.1,23.15,13.45,959.65,208.8,5.7,90.3,545.7,22.2,491.15,26.9,9.9,0.490999984741211,382.3,27.7500000000001,7.65000000000003,19.9,22.9,13.55,1373.2,106.715,891,3.44758629798889,0.000317329584504478,59,4.47188711166382,1.80009603500366,0.000359398065484129,100,"11","11","bird","derived","shrubby","arborescent",0.103747299,0.618190103678185,0.22915185054826,0.446563389821697,0.211817520617621,0.797855998627916,0.129987832505261,0.513025919424994,69269.44155
"79","Coleocephalocereus_fluminensis",14,52,6,0.943796098232269,23.45,25.7500000000001,20.7500000000001,1263.4,230.35,26.85,65.4,614.65,88.3,446,88.3,8.1,0.563000011444092,193,29.7500000000001,15.9,14,24.95,20.7500000000001,1663.55,123.575,295.75,5.52603554725647,0.000589755974942818,82,6.16119623184204,2.94392240047455,0.000610256043728441,300,"#N/A","#N/A","bat","derived","columnar","arborescent",0.24052786,1.54134115346478,0.216512975501324,0.405296612424918,0.205641103540441,0.787889212191448,0.0968943008948061,0.44773817990533,116924.0154
"80","Coleocephalocereus_goebelianus",NA,NA,NA,NA,NA,NA,NA,NA,NA,NA,NA,NA,NA,NA,NA,NA,NA,NA,NA,NA,NA,NA,NA,NA,NA,NA,NA,NA,NA,NA,NA,NA,200,"11","11",NA,NA,"columnar","arborescent",0.24052786,1.54134115346478,0.216512983197116,0.405296611762478,0.205641104697701,0.787889248487541,0.0968943008948061,0.44773817990533,NA
"81","Consolea_moniliformis",14,38,4,0.957684278488159,25.2500000000001,26.85,23.55,1215.85,182.25,32.25,47.85,452.35,114.8,339.4,130.3,6.2,0.604500007629394,132.15,29.85,20.45,10.1,26.15,23.65,1622.25,149.395,244.5,4.67435646057129,0.000375969655578956,81.5,6.56450128555298,2.43200623989105,0.000391956506064162,400,"11","11=0.50_33=0.50",NA,NA,"arborescent","arborescent",0.160662262,0.33301704516585,0.465861713550526,0.936872585947354,0.392720380169546,1.32088672757398,0.151321599354571,0.266288854929755,9677.731121
"82","Consolea_spinosissima",13,31,4,1.09184336662292,26.45,27.7500000000001,25.15,1181.8,218.2,36.8,56.4,508,119.7,351.3,119.7,4.3,0.580000019073486,102.4,30.2500000000001,22.85,7.4,26.95,25.15,1591.9,142.98,136.5,5.48862457275391,0.000587098649702966,110.5,9.9275074005127,4.28811073303223,0.000355770695023239,450,"33","33","bird","derived","arborescent","arborescent",0.160662262,0.33301704516585,0.465861691501147,0.936872586318823,0.392720441394759,1.32088690055417,0.151321599354571,0.266288854929755,NA
"83","Copiapoa_calderana",NA,NA,NA,NA,NA,NA,NA,NA,NA,NA,NA,NA,NA,NA,NA,NA,NA,NA,NA,NA,NA,NA,NA,NA,NA,NA,NA,NA,NA,NA,NA,NA,30,"#N/A","#N/A",NA,NA,"globose_solitary/globose_caespitose","compact",1.094483069,2.01693225455307,4.49881965693718,6.31217802983487,NA,NA,1.11509170090076,2.29252737964652,NA
"84","Copiapoa_cinerascens",NA,NA,NA,NA,NA,NA,NA,NA,NA,NA,NA,NA,NA,NA,NA,NA,NA,NA,NA,NA,NA,NA,NA,NA,NA,NA,NA,NA,NA,NA,NA,NA,40,"#N/A","#N/A","bee","ancestral","cushion_forming","compact",1.095158994,2.01651426471947,3.40771984413057,2.90333055239668,0.458688921306895,1.40799503772514,0.844807674847322,1.06973653836182,NA
"85","Copiapoa_cinerea",NA,NA,NA,NA,NA,NA,NA,NA,NA,NA,NA,NA,NA,NA,NA,NA,NA,NA,NA,NA,NA,NA,NA,NA,NA,NA,NA,NA,NA,NA,NA,NA,130,"#N/A","#N/A",NA,NA,"globose_caespitose/globose_solitary","compact",0.073749635,NA,0.207772509144781,NA,0.202929274672546,NA,0.0308618890952708,NA,NA
"86","Copiapoa_coquimbana",14,63,9,0.145472571253777,15.05,18.15,11.85,144.3,49.45,1.3,118.35,104.7,4.1,5.9,103.2,8,0.513000011444092,244.65,23.85,8.75000000000006,15.15,12.15,17.95,264.6,106.2,395,4.56206679344177,0.000364465100574307,86.75,7.37512421607971,2.5172039270401,0.000490440928842872,60,"#N/A","#N/A","bee","ancestral","globose_caespitose","compact",0.879001168,1.26795690655986,0.647896828870286,1.24620816380653,0.464354352099728,1.40020614304557,0.287477640000565,0.331001082252646,6058.12252
"87","Copiapoa_dealbata",NA,NA,NA,NA,NA,NA,NA,NA,NA,NA,NA,NA,NA,NA,NA,NA,NA,NA,NA,NA,NA,NA,NA,NA,NA,NA,NA,NA,NA,NA,NA,NA,100,"#N/A","#N/A",NA,NA,"globose_caespitose","compact",0.879001168,1.26795690655986,0.934688158674872,2.02526845213758,0.531301845630321,1.87219503034575,0.542951920834568,0.636343993366874,NA
"88","Copiapoa_decorticans",NA,NA,NA,NA,NA,NA,NA,NA,NA,NA,NA,NA,NA,NA,NA,NA,NA,NA,NA,NA,NA,NA,NA,NA,NA,NA,NA,NA,NA,NA,NA,NA,NA,"#N/A","#N/A",NA,NA,"globose_solitary/globose_caespitose","compact",0.888195919,2.01605123997957,0.499242327095416,1.95135436985838,0.447069871791723,1.23332660402793,0.265471929998049,0.6554704762452,NA
"89","Copiapoa_echinoides",NA,NA,NA,NA,NA,NA,NA,NA,NA,NA,NA,NA,NA,NA,NA,NA,NA,NA,NA,NA,NA,NA,NA,NA,NA,NA,NA,NA,NA,NA,NA,NA,20,"#N/A","#N/A",NA,NA,"globose_solitary/globose_caespitose","compact",0.879001168,1.26795690655986,0.934687965754287,2.02526845333906,0.531301852151503,1.8721968541898,0.542951920834568,0.636343993366874,NA
"90","Copiapoa_esmeraldana",NA,NA,NA,NA,NA,NA,NA,NA,NA,NA,NA,NA,NA,NA,NA,NA,NA,NA,NA,NA,NA,NA,NA,NA,NA,NA,NA,NA,NA,NA,NA,NA,6,"#N/A","#N/A",NA,NA,"globose_solitary/globose_caespitose","compact",1.094483069,2.01693225455307,4.34855673386993,5.70060253114088,0.564871585061001,1.92940610745515,1.07254509227505,2.11010392838056,NA
"91","Copiapoa_fiedleriana",NA,NA,NA,NA,NA,NA,NA,NA,NA,NA,NA,NA,NA,NA,NA,NA,NA,NA,NA,NA,NA,NA,NA,NA,NA,NA,NA,NA,NA,NA,NA,NA,8,"#N/A","#N/A",NA,NA,"globose_solitary/globose_caespitose","compact",0.879001168,1.24674092937551,0.32482489993611,0.506007658007271,0.30949389171977,0.832347855792149,0.158380920827509,0.176406252364322,NA
"92","Copiapoa_grandiflora",NA,NA,NA,NA,NA,NA,NA,NA,NA,NA,NA,NA,NA,NA,NA,NA,NA,NA,NA,NA,NA,NA,NA,NA,NA,NA,NA,NA,NA,NA,NA,NA,13,"#N/A","#N/A",NA,NA,"globose_caespitose","compact",1.095158994,2.01651426471947,2.1692972791546,2.90333055841132,0.452675031162879,1.4079952446896,0.509663240076532,1.06973653836182,NA
"93","Copiapoa_humilis",NA,NA,NA,NA,NA,NA,NA,NA,NA,NA,NA,NA,NA,NA,NA,NA,NA,NA,NA,NA,NA,NA,NA,NA,NA,NA,NA,NA,NA,NA,NA,NA,6,"#N/A","#N/A","bee","ancestral","globose_solitary/globose_caespitose","compact",0.888424143,1.23016755245568,0.272820631866188,0.404628689825868,0.25346312470675,0.775667749020944,0.185637333895973,0.225184605360889,NA
"94","Copiapoa_hypogaea",NA,NA,NA,NA,NA,NA,NA,NA,NA,NA,NA,NA,NA,NA,NA,NA,NA,NA,NA,NA,NA,NA,NA,NA,NA,NA,NA,NA,NA,NA,NA,NA,7,"#N/A","#N/A",NA,NA,"globose_solitary/globose_caespitose","compact",0.07549771,NA,0.212759320455224,NA,0.204609717877284,NA,0.0525554706517538,NA,NA
"95","Copiapoa_longistaminea",NA,NA,NA,NA,NA,NA,NA,NA,NA,NA,NA,NA,NA,NA,NA,NA,NA,NA,NA,NA,NA,NA,NA,NA,NA,NA,NA,NA,NA,NA,NA,NA,60,"#N/A","#N/A",NA,NA,"globose_caespitose","compact",1.095158994,2.01655993200291,3.58893625081203,5.2873024904076,0.498651841628793,1.88745578459384,1.7652945035486,2.03007894169384,NA
"96","Copiapoa_marginata",16,74,9,0.0382755361497402,16.15,19.35,13.65,35.8,4.8,1.7,32.4,13.1,5.6,5.6,10.9,5.7,0.475,224.4,22.85,10.7500000000001,12.1,14.35,19.35,68,101.85,28.5,0.807677984237671,5.26009243912995e-05,26.5,2.40609240531921,0.949567019939423,7.19946983736008e-05,50,"#N/A","#N/A",NA,NA,"globose_solitary","compact",1.094483069,2.01693225455307,4.49881963679739,6.31217803264648,NA,NA,1.11509170090076,2.29252737964652,NA
"97","Copiapoa_megarhiza",NA,NA,NA,NA,NA,NA,NA,NA,NA,NA,NA,NA,NA,NA,NA,NA,NA,NA,NA,NA,NA,NA,NA,NA,NA,NA,NA,NA,NA,NA,NA,NA,8,"#N/A","#N/A",NA,NA,"globose_solitary/globose_caespitose","compact",0.888195919,1.22920663825312,0.499242311167486,0.401995033254204,0.447069871615039,0.77495692792742,0.265471929998049,0.157520977291598,NA
"98","Copiapoa_montana",NA,NA,NA,NA,NA,NA,NA,NA,NA,NA,NA,NA,NA,NA,NA,NA,NA,NA,NA,NA,NA,NA,NA,NA,NA,NA,NA,NA,NA,NA,NA,NA,20,"#N/A","#N/A",NA,NA,"globose_caespitose","compact",1.094483069,2.01693225455307,4.34855673001119,5.70060251107918,0.564871589957131,1.92940576704373,1.07254509227505,2.11010392838056,NA
"99","Copiapoa_serpentisulcata",NA,NA,NA,NA,NA,NA,NA,NA,NA,NA,NA,NA,NA,NA,NA,NA,NA,NA,NA,NA,NA,NA,NA,NA,NA,NA,NA,NA,NA,NA,NA,NA,60,"#N/A","#N/A",NA,NA,"globose_caespitose","compact",1.095158994,2.01655993200291,3.50865246592174,5.04799034773281,0.475980651553092,1.82831923195915,1.28187143586654,1.18258474122128,NA
"100","Copiapoa_solaris",NA,NA,NA,NA,NA,NA,NA,NA,NA,NA,NA,NA,NA,NA,NA,NA,NA,NA,NA,NA,NA,NA,NA,NA,NA,NA,NA,NA,NA,NA,NA,NA,100,"#N/A","#N/A",NA,NA,"globose_caespitose","compact",0.07549771,NA,0.212759319577846,NA,0.204609740595138,NA,0.0525554706517538,NA,NA
"101","Copiapoa_taltalensis",NA,NA,NA,NA,NA,NA,NA,NA,NA,NA,NA,NA,NA,NA,NA,NA,NA,NA,NA,NA,NA,NA,NA,NA,NA,NA,NA,NA,NA,NA,NA,NA,50,"#N/A","#N/A",NA,NA,"globose_caespitose","compact",1.095158994,2.01655993200291,3.58893627819774,5.28730249246443,0.498651824286421,1.88745591787252,1.7652945035486,2.03007894169384,NA
"102","Corryocactus_aureus",18,58,9,0.426378756761551,7.85000000000002,8.95000000000005,6.85000000000002,401.95,105.45,3.2,113.65,285,11.4,55.65,12.8,10.2,0.725,80.6,14.65,0.450000000000045,14.3,7.95000000000005,6.85000000000002,673.9,103.6,3724.5,5.6809413433075,0.000415578339016065,104,8.60018634796143,3.00031960010529,0.000525042676599696,20,"#N/A","#N/A","bee","ancestral","columnar","arborescent",0.073710508,0.35313610531242,0.20783978135052,0.380895756942111,0.20293123429179,0.772316914991823,0.0410935894232856,0.147168268251754,20537.4896
"103","Corryocactus_brachypetalus",NA,NA,NA,NA,NA,NA,NA,NA,NA,NA,NA,NA,NA,NA,NA,NA,NA,NA,NA,NA,NA,NA,NA,NA,NA,NA,NA,NA,NA,NA,NA,NA,400,"#N/A","#N/A",NA,NA,"shrubby","arborescent",0.073710508,0.35313610531242,0.207783629007358,0.380895757449521,0.202929548808318,0.772316567010566,0.0367716307104692,0.147168268251754,NA
"104","Corryocactus_brevistylus",17,53,7,0.665698200464249,8.05000000000001,8.95000000000005,6.90000000000003,677.35,162.75,5.2,96.35,442.3,22.15,110.35,30.15,10.25,0.744000005722046,88.9,14.65,0.600000000000023,14.05,8.30000000000004,7.05000000000001,754.35,104.345,3720.25,5.42995166778564,0.000392028334317729,101,8.69660949707031,2.94983899593353,0.000458535709185526,500,"#N/A","#N/A","bee","ancestral","columnar","arborescent",0.073710508,NA,0.207839782719063,NA,0.202931233249809,NA,0.0410935894232856,NA,155025.6991
"105","Coryphantha_clavata",13,37,4,0.344950914382935,17.05,20.05,13.2500000000001,493.35,101.6,7.4,77.7,265.55,34.7,134.95,40.7,12.9,0.6,272.9,27.2500000000001,6.15000000000003,21.2,18.95,15.1,812.25,125.785,2022.75,1.77983015775681,0.000147098500747234,29.75,2.59051418304443,0.951475292444229,0.000176957488292828,30,"11","11",NA,NA,"globose_solitary","compact",0.410716933,1.44791896657839,0.652359637554209,5.71313684982163,0.495153943835325,NA,0.605924843215092,1.34905283833931,32650.67785
"106","Coryphantha_compacta",12,38,4,0.422044634819031,14.15,19.55,8.15000000000003,583.45,147,7.9,100.35,389.65,28.75,287.45,45.8,14.3,0.540999984741211,453.1,27.55,0.850000000000023,26.5,18.45,12.65,934.85,117.645,2079,4.46862840652466,0.000415529633755796,65.5,5.23835396766663,2.27665042877197,0.000447768383310176,6,"#N/A","#N/A",NA,NA,"globose_solitary","compact",0.043900754,0.617280654630603,0.224945729450723,0.818594743015614,0.20868873291503,0.972489563824557,0.115993725457584,0.967995871218164,132637.5272
"107","Coryphantha_cornifera",12,38,4,0.391373232007027,17.5,20.4,14.15,570.05,125.95,6.4,84.8,322.45,31.2,148.65,35.25,12.9,0.613000011444092,245.3,27.55,6.80000000000004,20.8,19.2500000000001,14.65,917.05,125.66,1990.25,3.38886046409607,0.00028934411238879,52,4.5157356262207,1.88909029960632,0.000284878915408626,12,"11","11",NA,NA,"globose_solitary","compact",0.043900754,0.620386277789874,0.292977124519989,2.23409576471678,0.216846696619483,1.00144367206234,0.196804731050517,1.36309444914637,53663.77909
"108","Coryphantha_delicata",14,36,4,0.268620952963829,17.65,21.2500000000001,12.85,390.3,70.35,8.1,66.9,188.9,39.4,160.8,43.85,12.8,0.589499998092651,337,27.95,5.80000000000004,21.8,20.45,15.2500000000001,663.1,123.49,1840,1.02982813119888,6.49251705908682e-05,19,1.64771902561188,0.502453088760376,6.65869411022868e-05,8,"#N/A","#N/A",NA,NA,"globose_solitary/globose_caespitose","compact",0.043781126,0.617280654630603,0.224301774909052,0.818594739206135,0.208365649607186,0.972489661197456,0.101710385105003,0.967995871218164,110023.0683
"109","Coryphantha_difficilis",14,37,4,0.245177462697029,19.35,24.2500000000001,13.35,369.7,75.05,8.3,68.7,186.15,37.85,153.75,44.35,13,0.53600001335144,435.55,30.45,6.65000000000003,24.1,23.15,15.85,632.1,132.09,1434.25,2.49793219566345,0.000197163346456364,33.75,2.61324560642242,1.20043432712555,0.000144264522532467,8,"#N/A","#N/A",NA,NA,"globose_solitary/globose_caespitose","compact",0.038791656,0.60762668398255,0.340774599692979,1.85674525985657,0.343819225384263,1.6594388250664,0.19553202730746,1.35196052601082,8522.332637
"110","Coryphantha_durangensis",14,35,4,0.183747507631779,22.55,27.65,16.05,301.25,61.05,4.6,77.95,167.75,19.25,120.6,30.3,13.2,0.507999992370605,461.55,33.7500000000001,7.95000000000005,25.9,26.15,21.15,526.05,134.955,1269.25,4.69381475448608,0.000306688554701395,33.75,2.84698557853699,2.14283668994904,0.000270373959210701,15,"#N/A","#N/A",NA,NA,"globose_solitary/globose_caespitose","compact",0.038802317,0.601904996536228,0.27965170016947,0.834724106466863,0.282199094606723,1.24758993060436,0.101516728238853,0.702566592154025,5348.325819
"111","Coryphantha_echinoidea",14,36,4,0.303525775671005,18.2500000000001,21.45,13.95,442.95,74.6,9.3,65.2,202.05,40.8,184.2,42.3,12.5,0.584000015258789,311.1,28.7,7.15000000000003,21.2,20.7500000000001,15.45,740.55,121.75,1692.5,1.56499004364014,0.000101863606687402,23,2.00396955013275,0.793565183877945,9.01167040865403e-05,6,"#N/A","#N/A",NA,NA,"globose_solitary","compact",0.043900754,0.617984795807425,0.23966441689202,0.93315642394718,0.216846695366709,1.0014438779199,0.138958545255391,0.996333733442339,18385.71548
"112","Coryphantha_echinus",16,40,7,0.255339205265045,19.2500000000001,27.6,9.85000000000002,378.45,56.3,12.8,48.3,154.7,44.05,144.4,45.8,13.2,0.438000011444092,688.45,34.0500000000001,3.85000000000002,29.8,25.45,10.7500000000001,645.3,132.6,873.5,1.32213699817657,0.000109742752101738,18.5,1.54818606376648,0.595048457384109,0.000123060795885976,20,"11","11",NA,NA,"globose_solitary/globose_caespitose","compact",0.038791656,0.60762668398255,0.340774594689342,1.85674526023371,0.343819225726771,1.6594392037703,0.19553202730746,1.35196052601082,46333.73126
"113","Coryphantha_elephantidens",12,39,4,0.567706733942032,19.35,21.65,16.65,879.65,191.75,5.4,100.7,526.65,25.4,250.65,30.95,12.4,0.636000013351441,170.3,29.3,8.75000000000006,19.4,20.2500000000001,18.3,1289.75,129.905,1747,4.80680155754089,0.000374443407054059,84.5,6.77144289016724,2.70664167404175,0.000462469703052193,14,"#N/A","#N/A","bee","ancestral","globose_solitary/globose_caespitose","compact",0.043900754,0.620386277789874,1.43578037807414,5.83625267578715,NA,NA,0.390937470362253,2.70348861866345,86206.10039
"114","Coryphantha_erecta",13,39,4,0.410165011882782,17.65,20.55,14.45,579.5,124.5,6.85,82.3,318.15,33.5,157.6,35,12.1,0.61100001335144,241.85,27.65,7.35000000000002,19.8,19.45,14.55,929.65,121.28,1928,4.76200580596924,0.000380741112167016,83.5,7.03725528717041,2.6311753988266,0.00046282859693747,50,"#N/A","#N/A","bee","ancestral","globose_caespitose","compact",0.410716933,1.44900148641806,0.43964952730905,3.91915395939304,0.409020799887736,1.18458793350494,0.343850884371234,2.35669343411324,31747.83583
"115","Coryphantha_georgii",14,37,4,0.378355696797371,17.85,21.15,13.65,528.5,93.85,10.65,68.1,251.4,44.7,208.35,46.2,11.8,0.578999996185303,309.4,28,7.35000000000002,20.4,20.35,14.2500000000001,860.9,118.475,1653,4.83375978469849,0.000354316056473181,81,6.51153779029846,2.41014432907104,0.00046039535664022,4,"#N/A","#N/A",NA,NA,"globose_solitary","compact",0.410716933,1.44900148641806,0.308444538033828,5.04536018148832,0.293213932373297,1.67828354814695,0.196908356782372,3.3989308430181,28055.25749
"116","Coryphantha_glanduligera",14,36,4,0.29797987639904,17.2500000000001,20.65,12.65,424.05,70.4,9,63.6,192.1,42.25,176.95,45.5,12.7,0.594000005722046,322.8,27.35,5.75000000000006,21.4,20.05,13.85,713.05,120.575,1886.5,1.4570677280426,0.000110870132630225,24,2.10271763801575,0.767515391111374,9.51106703723781e-05,12,"#N/A","#N/A",NA,NA,"globose_solitary","compact",0.040212647,0.604194208335827,0.213844681756671,0.450039480878466,0.204723884348591,0.819964258629309,0.0774927910938102,0.516824145268975,44148.17254
"117","Coryphantha_jalpanensis",14,38,4,0.465890124440193,19.05,21.95,15,631.95,127.6,10.2,78.8,326.8,42.2,243.95,42.75,10.8,0.555000019073486,283.4,28.35,9.05000000000001,19.5,20.85,15.85,998,115.775,1390.75,7.01321768760681,0.000564584042876959,143.5,12.0655717849731,3.89687252044678,0.000719734147423878,15,"#N/A","#N/A",NA,NA,"globose_caespitose","compact",0.410716933,1.44900148641806,0.308444544008206,5.04536017448413,0.293213902359571,1.67828380359557,0.196908356782372,3.3989308430181,7900.23425
"118","Coryphantha_longicornis",12,36,1,0.332078695297241,17.05,22.2500000000001,10.85,503.05,127.05,4.85,106.8,338.15,17.2,205.15,30.6,15.2,0.551999998092651,450.8,29.7500000000001,2.25000000000006,27.55,20.85,14.95,825.8,126.54,1813.25,2.98530256748199,0.000284942405414768,44,3.38307023048401,1.44431835412979,0.000297028847853653,30,"#N/A","#N/A",NA,NA,"globose_solitary","compact",0.038802317,0.601904996536228,0.279651712608632,0.834724107134374,0.282199132355405,1.24759046366304,0.101516728238853,0.702566592154025,3842.24842
"119","Coryphantha_macromeris",14,41,4,0.227853432297707,18.55,26.45,10.45,342.95,60.85,8.1,65.5,164.45,33.05,150.6,39.8,13.3,0.448999977111816,634.7,33.2500000000001,3.75000000000006,29.5,25.35,14.55,591.2,128.52,1287.75,0.890444725751877,6.36369950370863e-05,13.25,1.17769873142242,0.360746204853058,6.44922984065488e-05,15,"11","11",NA,NA,"globose_caespitose","compact",0.038738466,0.585585622593391,0.356553128266395,1.32793649804759,0.351631167697578,1.49239905526838,0.0917153494405336,0.520151061051585,360929.3171
"120","Coryphantha_neglecta",14,36,4,0.272811636328697,21.55,27.9,13.7500000000001,413.7,74.7,10.6,58.9,182.45,43.9,152.4,47.6,12.2,0.471999979019165,536.7,33.4,7.55000000000001,25.8,26.7500000000001,15.05,697.85,128.305,737,0.73678782582283,5.18903216288891e-05,13.5,1.2185440659523,0.336331889033318,5.55070346308639e-05,6,"#N/A","#N/A",NA,NA,"globose_solitary/globose_caespitose","compact",0.041113559,0.616836462831908,0.283958905263696,2.30395221874204,0.270904697735081,1.44290678855666,0.167314557812993,1.44760719692402,47342.39984
"121","Coryphantha_nickelsiae",14,39,4,0.373412743210793,22.85,28.65,15.45,591.4,122.7,16.8,63.35,251.45,67.3,196,68.65,11.6,0.471000003814697,509.65,34.35,10.15,24.7,27.65,16.8,945.3,137.41,367.75,0.69597053527832,5.4734518926125e-05,11,0.950310438871384,0.322512120008469,5.88378807151457e-05,11,"#N/A","#N/A",NA,NA,"globose_solitary/globose_caespitose","compact",0.041113559,0.616836462831908,0.283958903378249,2.30395223378627,0.270904698186812,1.44290663400067,0.167314557812993,1.44760719692402,65424.54091
"122","Coryphantha_octacantha",13,38,4,0.373793423175812,17.35,20.2500000000001,13.7500000000001,523.4,98,8.5,76.4,263.65,36.25,163.5,37.25,12,0.592499995231628,265.35,27.2500000000001,6.95000000000005,20.1,19.05,14.35,853.95,119.535,1908.25,4.86114645004272,0.000378771888790652,77.25,6.33071184158325,2.5650292634964,0.000417360482970253,30,"#N/A","#N/A",NA,NA,"globose_solitary/globose_caespitose","compact",0.409276207,1.44839573939142,0.254032383155945,3.83782768217733,0.229273311143271,1.17496964554416,0.0923508536493587,1.18597750919231,43467.83766
"123","Coryphantha_ottonis",12,39,4,0.396555602550507,16.65,19.2500000000001,13.7500000000001,576.8,127.6,5.7,89.4,328.25,30.1,157.65,31.2,12.7,0.630999994277954,219.9,26.2500000000001,6.15000000000003,20,18.15,13.8,926,120.62,2167.75,2.22687041759491,0.000168450969795231,36.5,3.09760212898254,1.12662851810455,0.000184889824595302,12,"11","11",NA,NA,"globose_solitary","compact",0.410716933,1.44882510853342,0.373327472838999,3.89126249111781,0.361066501097656,1.17916974842428,0.213284861892602,1.77028230769889,17491.69428
"124","Coryphantha_pallida",13,41,4,0.546892881393433,16.2500000000001,18.2500000000001,14.05,726.05,157.3,7.2,89.3,398.65,26.15,248.85,29.2,11.2,0.630999994277954,169.7,25.55,7.65000000000003,17.7,17.15,14.2500000000001,1115,120.045,2088.75,5.14154720306396,0.000430456813774072,110.25,9.28760528564453,2.96831738948822,0.00054564283345826,12,"#N/A","#N/A",NA,NA,"globose_solitary/globose_caespitose","compact",0.043900754,0.620386277789874,1.43578039158211,5.83625267840405,NA,NA,0.390937470362253,2.70348861866345,14271.17799
"125","Coryphantha_poselgeriana",14,37,4,0.230157755315304,18.85,24.15,12.85,346.4,62.8,7.1,65.9,169.3,32.3,147.25,37,13.1,0.523999977111816,450.9,30.35,5.55000000000001,24.6,23.45,15.7500000000001,596.55,128.385,1533.75,0.987210661172867,6.33158124401234e-05,17.5,1.57822746038437,0.434874802827835,6.63957434881013e-05,17,"#N/A","#N/A",NA,NA,"globose_solitary","compact",0.038738466,0.585585622593391,0.356553203926118,1.3279364985539,0.351631231637632,1.49239854109234,0.0917153494405336,0.520151061051585,118263.5957
"126","Coryphantha_pseudoechinus",14.5,36,4,0.209571547806263,20.8,26.2500000000001,13.95,320.15,55.25,7.4,62,146.05,31.75,132.6,38.05,12.6,0.494999980926514,497.8,32.35,6.95000000000005,25.4,25.35,17.3,555.85,129.09,1182.5,2.72033679485321,0.000178840251464862,32.5,2.73271715641022,1.11486893892288,0.00015768977755215,12,"#N/A","#N/A",NA,NA,"globose_solitary/globose_caespitose","compact",0.041113559,0.616836462831908,0.221468614928389,0.817000463909509,0.207110831851459,0.975290675210212,0.106136769951411,0.946792838999532,28290.67358
"127","Coryphantha_pulleineana",14,36,4,0.251050174236298,19.95,23.35,15.2500000000001,383.4,66.9,9.3,61.8,167.4,38.9,155.4,40.1,12.4,0.578000020980835,329.7,30.45,8.95000000000005,21.6,22.65,16.55,652.8,128.16,1349,5.92894124984741,0.000438365823356435,45,3.66125822067261,2.97228288650513,0.000302390893921256,20,"#N/A","#N/A",NA,NA,"globose_solitary","compact",0.038802317,0.603182349986957,0.208913381574855,0.394750676097134,0.203085278478245,0.79051645727046,0.0676000659983199,0.516555732589476,NA
"128","Coryphantha_pycnacantha",12,38.5,4,0.421974986791611,16.05,18.2500000000001,13.2500000000001,601.7,123.6,5.6,87.1,340.9,25.5,175.9,25.7,12.5,0.648999977111816,194.6,24.85,5.55000000000001,19.3,17.45,13.2500000000001,958.8,111.74,2288,2.2776083946228,0.000125868085888214,38.5,4.16623306274414,1.23295378684998,0.000181574738235213,9,"#N/A","#N/A","bee","ancestral","globose_solitary/globose_caespitose","compact",0.038802317,0.603182349986957,0.214892877679211,0.408144990799048,0.205298682261896,0.800023338061534,0.0840458514186784,0.562048222634029,NA
"129","Coryphantha_ramillosa",15,40,4,0.284051835536957,19.85,26.7500000000001,11.55,425.8,76.3,10.2,64.45,203.35,38.95,189.35,40.75,12.8,0.459999990463257,587.3,33.3,4.85000000000002,28.05,25.95,12.9,715.6,128.01,1130.75,1.7309228181839,0.000134085858007893,23,1.893090903759,0.743980318307877,0.000142970005981624,9,"11","11",NA,NA,"globose_solitary/globose_caespitose","compact",0.041113559,0.616639392064648,0.214629756746192,0.621771938249117,0.204340683341796,0.905217540969885,0.0909072029671251,0.801165525955189,89782.46584
"130","Coryphantha_recurvata",13,44,4,0.33674730360508,18.85,26.45,10.7,523,139.95,5.6,92.15,318.6,31.05,276.15,102.65,14.6,0.463000011444092,626.25,34.95,3.65000000000003,31.3,25.45,20.7500000000001,853.4,125.265,1062.5,4.08574771881104,0.000379350283765234,60.75,4.78696727752686,1.95172667503357,0.000437812777818181,20,"#N/A","#N/A",NA,NA,"globose_caespitose","compact",0.039479991,0.606342859541017,0.210346790096591,0.423488856671923,0.203269819629897,0.811551848941459,0.0692810084675765,0.536590923820368,30663.76004
"131","Coryphantha_retusa",12,42,4,0.528054594993591,16.2500000000001,18.15,14.15,715.35,161.75,5.8,92.45,395.7,22,259.8,23.8,11.8,0.646000003814697,153.9,25.45,7.45000000000005,18.2,17.05,14.2500000000001,1102,122.76,2151.25,5.27930736541748,0.000478329704492353,102.5,8.82053470611572,3.30822610855103,0.000617389508988708,7,"#N/A","#N/A",NA,NA,"globose_solitary","compact",0.038802317,0.603182349986957,0.208444527873497,0.408144990356285,0.203008547763351,0.800023420452261,0.0647495303446787,0.562048222634029,5421.450616
"132","Coryphantha_robustispina",15,49,6,0.237454414367676,17.45,26.55,8.05000000000001,343.85,66,7.8,67.95,171.05,31.1,155.6,52.7,13.4,0.41949999332428,719.05,33.55,1.45000000000005,31.8,25.35,16.65,592.6,126.29,1322.75,0.96824586391449,7.13768349669408e-05,15,1.27310824394226,0.385256975889206,8.68542119860649e-05,15,"11","11",NA,NA,"globose_solitary","compact",0.429856129,4.68318623127632,0.229189349052706,5.21573076159399,0.248275908954192,0.794442568027278,0.234202907368608,5.71988598523758,174566.4944
"133","Coryphantha_salinensis",14,37,4,0.314432770013809,22.35,28.7500000000001,14.8,506,109.3,16.2,64.5,225.2,58.5,162.4,59.7,11.9,0.465000009536743,552.65,34.35,8.65000000000003,25.9,27.8,15.55,829.9,134.4,522.75,0.716645568609238,4.69911883556051e-05,12.25,1.13292342424393,0.300419107079506,5.55768401682144e-05,10,"#N/A","#N/A",NA,NA,"globose_solitary/globose_caespitose","compact",0.038802317,0.603182349986957,0.208913383237052,0.399747949225967,0.203085277877358,0.793413238603523,0.0676000659983199,0.537861332570397,16024.53887
"134","Coryphantha_tripugionacantha",12,37.5,1,0.30097921192646,18.9,22.2500000000001,14.4,488.25,114.9,3.6,93.45,296.4,18.35,194.4,63,14.4,0.598999977111816,316.4,30.15,6.20000000000005,24,21.5,19.9,805.1,124.48,1697.5,5.06881976127625,0.000456452326034196,69.5,5.93356037139893,2.47252631187439,0.000433296547271311,9,"#N/A","#N/A",NA,NA,"globose_solitary","compact",0.038802317,0.603182349986957,0.214892880488596,0.400647583619907,0.205298687798159,0.795046780812546,0.0840458514186784,0.528992622968977,631.3102492
"135","Coryphantha_vogtherriana",13,36,4,0.367248177528381,16.95,19.95,12.9,513.6,93.15,10.3,70.8,254.2,43.25,204.15,44.6,12.3,0.584999990463257,286.9,27.2500000000001,6.25000000000006,21,18.85,14.2,840.45,119.345,1910.25,3.4590117931366,0.000276367820333689,59.75,4.8883228302002,1.9376448392868,0.000371667381841689,3,"#N/A","#N/A",NA,NA,"globose_solitary/globose_caespitose","compact",0.410716933,1.44791896657839,0.652359657266994,5.71313683402214,0.495153943784248,NA,0.605924843215092,1.34905283833931,1187.912742
"136","Coryphantha_werdermannii",14,37,4,0.22489720582962,19.7500000000001,25.35,12.85,338.45,57.1,8,61.95,152.1,32.7,147.7,37.8,12.6,0.492999982833862,508.25,31.2500000000001,6.05000000000001,25.4,25.1,15.35,584.25,125.955,1230,2.81894421577454,0.000198011490283534,37.75,3.23029386997223,1.18713515996933,0.000202174276637379,9,"#N/A","#N/A",NA,NA,"globose_solitary","compact",0.038791656,0.60762668398255,0.242048678473742,0.758656202467658,0.223280932704711,1.03628271539884,0.111865515133107,0.775631439452537,13086.48238
"137","Coryphantha_wohlschlageri",14,37,4,0.355171278119087,20.7500000000001,24.2,16.05,526.7,95.2,10.5,66.7,255.05,44.8,218.1,47.2,11.4,0.557999992370605,327.1,30.65,10.45,20.4,23.35,17.35,858.45,123.12,1129.5,0.899218440055847,5.92499764024979e-05,11.25,0.980962336063385,0.414885029196739,5.24869919900084e-05,5,"#N/A","#N/A",NA,NA,"globose_solitary","compact",0.040212647,0.604194208335827,0.213844679312952,0.450039482669325,0.204723883097949,0.819963991368169,0.0774927910938102,0.516824145268975,4605.315901
"138","Cumarinia_odorata",14,36,4,0.261884659528732,19.2500000000001,22.7500000000001,14.45,384.8,65.35,8.95,63.3,170.05,39.45,155.85,41.05,12.2,0.573499989509582,332.6,29.7500000000001,8.20000000000005,21.3,22.05,15.85,654.85,121.96,1457.5,4.97964215278625,0.000338481782819144,63.25,5.29802703857422,2.42569196224213,0.00031282972486224,6,"#N/A","#N/A",NA,NA,"globose_caespitose","compact",0.038688072,0.565749547834256,0.207769288634368,0.379560441929863,0.202930935010399,0.772336019518893,0.0445311584048332,0.203828274825142,2264.342825
"139","Cumulopuntia_boliviana",17,56,9,0.513046592473984,8.75000000000006,10.95,5.75000000000006,543.1,151.7,2.6,107.05,369.15,10.4,205.9,12.2,12.1,0.671999979019165,177.35,17.2,-1.84999999999997,18.1,10.45,6.05000000000001,813.85,108.12,3672.25,4.8280816078186,0.000368844455806538,88.5,7.50648808479309,2.55049026012421,0.000435248599387705,7,"#N/A","#N/A",NA,NA,"cushion_forming","compact",0.16091723,0.333718150275535,0.246172870460255,0.428450829461029,0.234382125262412,0.789684643916686,0.272613282214062,0.514175134029694,326708.7696
"140","Cumulopuntia_chichensis",16,52,7,0.522324174642563,10.95,13.05,7.95000000000005,622.25,176.1,1.3,107.2,410.1,5.9,200.5,8.8,13.6,0.646999979019165,203.65,19.85,-0.749999999999943,21.2,12.55,8.10000000000002,983.4,112.175,3486.5,6.14707279205322,0.000523181312019005,118,9.61733770370483,3.50633907318115,0.000652921327855438,10,"#N/A","#N/A",NA,NA,"cushion_forming","compact",0.16091723,0.333718150275535,0.246172914202506,0.428450829501186,0.234382176594455,0.78968475871336,0.272613282214062,0.514175134029694,27259.40012
"141","Cumulopuntia_corotilla",NA,NA,NA,NA,NA,NA,NA,NA,NA,NA,NA,NA,NA,NA,NA,NA,NA,NA,NA,NA,NA,NA,NA,NA,NA,NA,NA,NA,NA,NA,NA,NA,5,"#N/A","#N/A",NA,NA,"shrubby","arborescent",0.16091723,0.333727510950589,0.321471155121839,0.533451393218002,0.313078040136083,0.880185511229159,0.226807604054171,0.535112691029009,NA
"142","Cumulopuntia_ignota",NA,NA,NA,NA,NA,NA,NA,NA,NA,NA,NA,NA,NA,NA,NA,NA,NA,NA,NA,NA,NA,NA,NA,NA,NA,NA,NA,NA,NA,NA,NA,NA,NA,"#N/A","#N/A",NA,NA,"shrubby","arborescent",0.16091723,0.333727510950589,0.256075109571638,0.416275142631761,0.243984676827747,0.787018138072744,0.188164811936484,0.37003548918952,NA
"143","Cumulopuntia_iturbicola",NA,NA,NA,NA,NA,NA,NA,NA,NA,NA,NA,NA,NA,NA,NA,NA,NA,NA,NA,NA,NA,NA,NA,NA,NA,NA,NA,NA,NA,NA,NA,NA,NA,"#N/A","#N/A",NA,NA,"cushion_forming","compact",0.16091723,0.333718150275535,0.245634961597997,0.426382910413791,0.234012466010159,0.789001174285638,0.227751217772862,0.38272626350523,NA
"144","Cumulopuntia_leucophaea",NA,NA,NA,NA,NA,NA,NA,NA,NA,NA,NA,NA,NA,NA,NA,NA,NA,NA,NA,NA,NA,NA,NA,NA,NA,NA,NA,NA,NA,NA,NA,NA,30,"#N/A","#N/A",NA,NA,"shrubby","arborescent",0.160690464,0.333208524868185,0.319558912328616,0.520351029614502,0.31197318194114,0.89784615822228,0.178240478845059,0.338666600049888,NA
"145","Cumulopuntia_rossiana",16,50,7,0.618084669113159,10.95,12.65,8.75000000000006,723.45,172.25,2.7,96.4,423.45,10.8,252.9,13.2,11.95,0.665000009536743,155.6,18.55,0.700000000000045,18,12.35,8.75000000000006,1073.25,105.89,3412.25,5.76593232154846,0.000517255451995879,126.5,10.220308303833,3.51271724700928,0.000630110269412398,2,"#N/A","#N/A",NA,NA,"cushion_forming","compact",0.16091723,0.333718150275535,0.245729167853834,0.427486273632183,0.233992577370675,0.789213457703897,0.255365830252698,0.46055289677946,44731.17567
"146","Cumulopuntia_sphaerica",17,59,9,0.276232972741127,14.05,16.65,11.15,306.55,84.85,2.3,98.2,208.25,9,26.25,23.45,10.1,0.711500000953674,117.9,21.1,6.00000000000003,14.8,11.5,14.95,534.4,107.725,1871.5,4.80700516700745,0.000359623780241236,96,8.05058002471924,2.74361896514893,0.000456878842669539,6,"#N/A","#N/A",NA,NA,"shrubby","arborescent",0.160690464,0.333208524868185,0.319558951039449,0.520351028997301,0.311973285208786,0.897845619134971,0.178240478845059,0.338666600049888,246375.1061
"147","Cumulopuntia_subterranea",NA,NA,NA,NA,NA,NA,NA,NA,NA,NA,NA,NA,NA,NA,NA,NA,NA,NA,NA,NA,NA,NA,NA,NA,NA,NA,NA,NA,NA,NA,NA,NA,4,"#N/A","#N/A",NA,NA,"geophytic","compact",0.16091723,0.333727510950589,0.321471172135643,0.533451395225764,0.31307809362178,0.880184458657643,0.226807604054171,0.535112691029009,NA
"148","Cylindropuntia_acanthocarpa",15,55,9,0.150707103312016,20.15,30.2500000000001,10.15,227.8,36.15,2.5,54.25,89.55,15.45,54.65,76.65,13.1,0.392000007629395,783.55,37.35,3.95000000000005,33.9,14.7500000000001,24.35,407,130.545,755,1.21105349063873,0.000101839650596958,22,1.8787105679512,0.557227045297623,0.000103980855783448,400,"11","11",NA,NA,"shrubby/arborescent","arborescent",0.160496067,0.338459457651314,0.264206304175321,0.620426890524497,0.248818734582302,0.923130255719694,0.197244440030327,0.772445794727204,369200.5659
"149","Cylindropuntia_alcahes",12,41,4,0.105534948408604,21.65,27.55,15.7500000000001,150.2,36.5,0.5,86.35,81.45,2.5,58.6,45.7,11.8,0.496999979019165,434.25,33.95,10.7500000000001,23.2,26.35,22.05,274.95,134.535,277.25,3.34652256965637,0.000274117206572555,40,3.0524343252182,1.53977954387665,0.000265225753537379,300,"11","11",NA,NA,"shrubby/arborescent","arborescent",0.160496067,0.332903862483348,0.221749703460086,0.384292584180593,0.208089124283201,0.772673032722862,0.14952302011948,0.280601010311189,100397.2322
"150","Cylindropuntia_anteojoensis",14.5,36,4,0.197468750178814,20.9,26.2,14,309.35,52.8,7.4,60.3,138.1,31.25,128.25,37.85,12.6,0.494000005722046,500.4,32.2500000000001,7.05000000000001,25.6,25.7500000000001,17.55,538.85,128.275,1174,3.3464834690094,0.000259473497862928,47,3.82136750221252,1.49729079008102,0.000245312396145891,100,"#N/A","#N/A",NA,NA,"shrubby","arborescent",0.160461225,0.333180010563366,0.314909471405988,0.492387428772322,0.304089134849894,0.847872605381095,0.223300082127372,0.415065177091446,10546.18273
"151","Cylindropuntia_arbuscula",14,49,6,0.232939094305038,21.2500000000001,29.7500000000001,12.2500000000001,365.5,70.95,3.3,70.2,167.9,19.5,136.9,84.5,13.7,0.425,691.1,36.7500000000001,5.15000000000003,31.7,27.7,24.55,625.75,130.285,707.5,1.08793091773987,8.62349115777761e-05,16.5,1.4142347574234,0.455732405185699,0.000102760943264002,300,"33","33=0.86_55=0.14",NA,NA,"shrubby/arborescent","arborescent",0.160681516,0.338228146685058,0.252306196399648,0.435350536179847,0.229876280821476,0.800210236114699,0.170201527287835,0.460361118818115,204534.1275
"152","Cylindropuntia_bigelovii",13,49,6,0.106722131371498,22.95,31.35,14.45,163.95,30.4,0.8,63.5,71.45,6.5,53,53.35,13.2,0.41399998664856,690.35,38.35,7.85000000000002,31.4,18.05,25.7500000000001,298.85,138,324.5,0.73678782582283,5.27379070263123e-05,11.5,1.00042235851288,0.25835682451725,5.49445849173935e-05,200,"11","11","ento","derived","shrubby/arborescent","arborescent",0.160477496,0.336055621438347,1.56066567768819,2.7182653528719,NA,NA,0.236612070166439,0.439132273341357,272444.9005
"153","Cylindropuntia_californica",13,48,6,0.191367171704769,17.35,23.85,12.65,228.3,43.4,1.5,72.9,112.8,7.8,35.25,101.7,12.1,0.451500010490418,570.5,31.35,7.20000000000005,26.5,13.2500000000001,20.2500000000001,407.8,121.855,525.75,3.76654756069183,0.000320456281770021,49.5,3.97766828536987,1.72923773527145,0.000313536991598085,250,"11","11",NA,NA,"shrubby","arborescent",0.160496067,0.332896205615584,0.218502024816245,0.383303365240659,0.206489359141497,0.772545506201477,0.130746370069786,0.2473785086545,41926.83353
"154","Cylindropuntia_cholla",12,41,4,0.104760318994522,21.35,27.15,15.95,146.9,37.9,0.4,89.2,80.2,2.4,55.15,44.9,11.5,0.501999998092651,413.5,33.55,10.95,22.5,26,21.65,269.2,133.4,226.75,2.92984056472778,0.000232797647186089,35.75,2.85265076160431,1.32686704397202,0.000229886449233163,300,"11","11=0.83_22=0.17",NA,NA,"shrubby/arborescent","arborescent",0.160461225,0.332778859590676,0.254697670897194,0.406813968892572,0.231988832849861,0.776266137051394,0.159055676610136,0.296290866997636,108360.0466
"155","Cylindropuntia_ciribe",NA,NA,NA,NA,NA,NA,NA,NA,NA,NA,NA,NA,NA,NA,NA,NA,NA,NA,NA,NA,NA,NA,NA,NA,NA,NA,NA,NA,NA,NA,NA,NA,150,"#N/A","#N/A",NA,NA,"shrubby/arborescent","arborescent",0.160477496,0.336055621438347,1.56066588496175,2.71826535198724,NA,NA,0.236612070166439,0.439132273341357,NA
"156","Cylindropuntia_echinocarpa",16,60,9,0.114954996854067,18.9,29.7500000000001,8.75000000000006,164.05,26.2,2.4,53.75,67.9,14.7,33.8,63.9,12.8,0.373500001430512,814.75,36.95,2.55000000000001,34.6,12.55,24.05,299,127.5,845.5,1.05604290962219,9.00302511581685e-05,21.75,1.89799511432648,0.539286673069,9.47423286561389e-05,200,"11","11",NA,NA,"shrubby/arborescent","arborescent",0.160496067,0.338473688358019,0.271815036292843,0.446768832981872,0.258246643309908,0.808298148117649,0.207546507275836,0.535861489040125,302127.6091
"157","Cylindropuntia_fulgida",13,44,4,0.253789886832237,22.7500000000001,29.9,14.2500000000001,399.1,97.3,2.1,90.15,239.85,13.9,204.05,73.2,13.6,0.451000022888184,619.85,36.95,7.25000000000006,30.7,28.8,24.2500000000001,676.2,132.385,452.25,0.935414373874664,7.31771142454818e-05,13.5,1.16884547472,0.401283577084541,8.26370414870325e-05,300,"11","11",NA,NA,"arborescent","arborescent",0.160461225,0.332778859590676,0.254697649939952,0.406813968679082,0.231988583055538,0.776265216749401,0.159055676610136,0.296290866997636,251989.3341
"158","Cylindropuntia_ganderi",13,50,6,0.125797763466835,18.15,24.8,11.55,175.25,34.65,1.4,69.6,77.5,6.45,36.7,71.95,12.8,0.453999996185303,575.3,32.65,5.95000000000005,28.1,12.2500000000001,20.05,318.3,128.735,849.25,3.6948207616806,0.00031439695158042,52.75,4.35313391685486,1.8169732093811,0.000321201689075679,150,"11","11",NA,NA,"shrubby","arborescent",0.160774725,0.339960535293878,0.293365659761871,0.560381416758802,0.274698732366628,0.88106235129715,0.249196024545807,0.610383085389672,20870.63882
"159","Cylindropuntia_imbricata",14,41,4,0.306939348578453,17.05,22.95,10.05,427.7,82.75,8.2,72.25,212.85,33.5,172.4,43.5,13.4,0.478500008583069,563.05,30.05,2.75000000000006,28.7,21.9,14.85,713.2,123.375,1693.5,1.81298041343689,0.000158329814439639,27.5,2.33704650402069,0.847609579563141,0.000164106859301683,300,"11","11","bee","ancestral","shrubby/arborescent","arborescent",0.160496067,0.332903862483348,0.218500206676775,0.384292584243974,0.2064927030433,0.77267340774911,0.136918405180802,0.280601010311189,1086651.238
"160","Cylindropuntia_kleiniae",14,41,4,0.305288806557655,17.7500000000001,25.7500000000001,10.15,428.55,78.9,8.85,68,204.95,35.9,178.6,50.2,13.2,0.448999977111816,636.4,32.7500000000001,3.25000000000006,30.4,24.2500000000001,14.95,719.6,126.48,1257.25,0.942666053771973,7.78684152464848e-05,16,1.40214556455612,0.452817648649216,8.58976200106554e-05,250,"22","11=0.27_22=0.64_33=0.09",NA,NA,"shrubby","arborescent",0.160486129,0.33403377270952,0.402073173110274,0.739179480162824,0.395648369548351,1.17057011574867,0.277309476767068,0.520284955126199,1347185.052
"161","Cylindropuntia_leptocaulis",14,41,4,0.323343977332115,18.8,27.15,11.2500000000001,471.55,83.15,10,63.8,214.75,39.6,178.95,57.5,13,0.43600001335144,630.05,33.7500000000001,4.55000000000001,29.2,24.8,14.7500000000001,781.55,129.285,1023,0.747391283512115,5.87002814427251e-05,11,0.942249357700348,0.311174854636192,6.28533962299116e-05,180,"11","11=0.61_22=0.39",NA,NA,"shrubby/arborescent","arborescent",0.160486129,0.33403377270952,0.402073185432183,0.739179480772237,0.395648369129048,1.17056937063907,0.277309476767068,0.520284955126199,1440038.562
"162","Cylindropuntia_lindsayi",12,39,1,0.103996064513922,22.15,27.7500000000001,16.95,156.55,41.3,0.4,96.6,88.9,2.2,79.9,44.5,12.3,0.526500010490418,407,34.45,11.65,23.4,27.35,22.35,286,134.53,177,2.0572806596756,0.000173979729879647,22.5,1.8865327835083,0.993632942438126,0.000138484610943124,300,"22","22",NA,NA,"shrubby","arborescent",0.160486129,0.33403377270952,0.255297502136272,0.405396057171294,0.231404988131769,0.775890474968582,0.155949970273758,0.292383867119203,70311.87349
"163","Cylindropuntia_molesta",12,42,4,0.103125594556332,20.3,27.05,14.65,147.3,34.75,0.6,83.15,77.25,3,58.35,49.5,12.3,0.480000019073486,502.45,34.0500000000001,9.75000000000006,24.8,24.65,21.45,269.85,133.05,417.25,4.90825462341309,0.000418968906160444,60.25,4.77957963943481,2.35627281665802,0.0003923275944544,250,"33","33=0.75_44=0.25",NA,NA,"shrubby","arborescent",0.160496067,0.332966014614323,0.271815092293869,0.384298322441828,0.258246681429971,0.772641059144598,0.207546507275836,0.272859479143393,74517.70762
"164","Cylindropuntia_munzii",13,47,6,0.0431490577757359,24.35,33.45,15.35,74.4,12.8,0.4,63.2,32.6,3.1,17.15,31.9,14.2,0.430999994277954,716.65,41.65,8.25000000000006,33.2,15.65,27.35,139.5,146.775,19,0.463512390851974,2.81388847724884e-05,4,0.28596343100071,0.0929981656372547,2.71458020506543e-05,400,"11","11",NA,NA,"arborescent","arborescent",0.160774725,0.338459457651314,0.341583830861992,0.473005994121604,0.329950681718052,0.824893010289867,0.335289967740139,0.610236307812628,11469.58241
"165","Cylindropuntia_prolifera",14,47,6,0.283655732870102,16.85,22.45,12.15,326.75,73.3,1.5,90.8,186.85,6.5,10.95,178.35,11.1,0.469999980926514,412.65,29.15,6.85000000000002,23,12.7500000000001,20.55,566.1,108.84,354,3.96542656421661,0.000369057859643362,66,5.53309392929077,2.15938687324524,0.000414626090787351,250,"11","11=0.43_22=0.14_33=0.43",NA,NA,"shrubby/arborescent","arborescent",0.160774725,0.339960535293878,0.341583812946108,0.861359974465712,0.329950748542477,1.09387379838874,0.335289967740139,0.880033643920933,37707.34399
"166","Cylindropuntia_ramosissima",15,56,9,0.100241687148809,21.35,31.15,12.6,159.2,26.5,1.2,57.85,66.65,8.5,35,62.1,12.9,0.395000004768372,752.7,38.2500000000001,6.05000000000001,33.2,13.7500000000001,24.95,290.6,136.33,544.75,1.20865362882614,8.8395259808749e-05,18,1.6142264008522,0.471065044403076,8.96929814189207e-05,200,"11","11=0.70_22=0.30",NA,NA,"shrubby/arborescent","arborescent",0.160461225,0.333180010563366,0.314909464589126,0.492387429257164,0.30408922415642,0.847871455571579,0.223300082127372,0.415065177091446,200822.8601
"167","Cylindropuntia_rosea",13,40,4,0.499175220727921,16.35,18.85,13.35,664.8,133.5,9,78.3,344.8,35.95,198.3,36.1,11.7,0.619000005722046,224.3,25.45,6.60000000000002,18.6,17.85,13.55,1039.6,115.75,2005.5,5.30551791191101,0.000452992957434617,87.75,7.32759809494019,3.04518306255341,0.000540128123247996,50,"#N/A","#N/A",NA,NA,"shrubby","arborescent",0.160477496,0.336055621438347,0.412333419942123,0.791094934840106,0.376530230993315,1.21773688234683,0.219270231837059,0.408318728332663,7180.703935
"168","Cylindropuntia_sanfelipensis",13,47,6,0.0974623337388039,21.2500000000001,29.7,13.15,143.65,33.45,0.9,70.55,71.7,4.7,56,40.25,12.5,0.426999998092651,636.9,35.85,7.55000000000001,28.6,29.45,23.95,263.5,136.05,588.5,4.26730728149414,0.000357500117388554,48.5,3.65534448623657,1.95241528749466,0.0003311426989967,150,"33","33",NA,NA,"shrubby","arborescent",0.160774725,0.338265576280782,0.293365659266887,0.436541252373084,0.274698809235969,0.801416176822875,0.249196024545807,0.46199752256606,7936.812874
"169","Cylindropuntia_santamaria",17,38,4,0.132842183113098,20.65,25.05,17.8,123.95,23.65,0.3,80.5,57.3,1.5,57.3,12.3,5,0.380999994277954,301.75,28.2500000000001,15.15,13.1,25.05,18.7500000000001,228.75,132.595,0,1.00974762439728,9.53733069763985e-05,6.5,0.434948712587357,0.294870123267174,4.13119305449072e-05,100,"11","11",NA,NA,"shrubby","arborescent",0.160496067,0.338459457651314,0.264206314975519,0.620426885986133,0.248818787797994,0.923131650111871,0.197244440030327,0.772445794727204,19.96172044
"170","Cylindropuntia_spinosior",14,50,7,0.246579743921757,17.2500000000001,26.2500000000001,7.85000000000002,351.55,70.4,7.1,66.05,172,29.65,145.7,80,13.7,0.415000009536743,737.7,33.65,1.05000000000001,32.5,24.2,19.45,604.45,121.29,1369.5,1.18496584892273,0.000107749943708768,19,1.60361504554749,0.597806632518768,0.000110749620944262,200,"11","11",NA,NA,"arborescent","arborescent",0.160496067,0.333846101310503,0.324810752992224,0.531540686216692,0.321442294394754,0.888041794889194,0.274847008341816,0.52154454311408,279835.3874
"171","Cylindropuntia_tesajo",13,45,4,0.10552154481411,18.65,25.45,13.55,137.3,26.85,0.8,71.85,70.65,4.9,28.15,68.25,11.5,0.457000017166138,540.45,32.65,8.45000000000005,25.35,14.15,20.15,252.4,127.89,469.75,3.65477979183197,0.000313656739308499,49,3.77772688865662,1.73646754026413,0.000302501866826788,80,"11","11",NA,NA,"shrubby","arborescent",0.160461225,0.333180010563366,0.240660102325048,0.394428300197661,0.218585586256627,0.77321313838659,0.144485319300444,0.269009463322478,41627.96495
"172","Cylindropuntia_thurberi",12,40,4,0.322140172123909,22.55,28.7500000000001,15.05,539,147.25,3.1,107.75,357.5,18.25,295.9,80.8,14.4,0.484999990463257,567.2,36.7500000000001,8.05000000000001,29.7,28.05,23.2500000000001,875.3,129.19,489.25,2.62907004356384,0.000225056290219072,34,2.65142500400543,1.17877513170242,0.000226896947424393,400,"11","11",NA,NA,"shrubby","arborescent",0.160496067,0.333846101310503,0.324810781141592,0.531540686797661,0.321442187111269,0.88804123672078,0.274847008341816,0.52154454311408,119461.8892
"173","Cylindropuntia_tunicata",13,37,4,0.332975760102272,17.45,20.65,13.15,471.35,87.6,7.95,73.45,236.65,37,161.35,40.1,12.7,0.594000005722046,309.3,27.55,6.05000000000001,21.1,19.7500000000001,14.7500000000001,781.25,122.05,1922.75,1.69500637054443,0.000117363222670974,26.25,2.32130312919617,0.892179936170578,0.000128392697661184,60,"11","11=0.67_22=0.33",NA,NA,"shrubby","arborescent",0.160477496,0.336055621438347,0.412333415228334,0.791094935647964,0.37653029604547,1.21773617704842,0.219270231837059,0.408318728332663,143906.5414
"174","Cylindropuntia_versicolor",13,44,4,0.245965987443924,21.85,29.7500000000001,13.15,394.55,95.35,2.9,90.85,239.55,16.6,204.05,79.4,13.9,0.450500011444092,626.4,36.65,6.25000000000006,30.9,29.05,24.05,669.45,132.265,621,1.33089822530746,9.20288257475477e-05,17,1.46483540534973,0.473640725016594,0.000101504621852655,200,"11","11",NA,NA,"shrubby/arborescent","arborescent",0.160496067,0.333846101310503,0.260706170344944,0.420925650252355,0.239400132640898,0.780588992361679,0.182689591728565,0.348600338246844,155871.5323
"175","Cylindropuntia_wolfii",14,59,7,0.0824837610125542,23.35,32.45,14.85,139.55,24.5,0.9,68.4,67.8,7.85,20.8,66.15,13.6,0.426999998092651,693.25,41.35,8.45000000000005,32.45,15.2500000000001,26.6,256.3,159.09,155,1.03077638149261,8.4688846982317e-05,17,1.58951079845428,0.481476545333862,6.85763661749661e-05,150,"33","33",NA,NA,"shrubby","arborescent",0.160774725,0.339960535293878,0.298260117851566,0.861359968928002,0.278568442894466,1.09387424273068,0.249769643150995,0.880033643920933,2005.741556
"176","Dendrocereus_nudiflorus",NA,NA,NA,NA,NA,NA,NA,NA,NA,NA,NA,NA,NA,NA,NA,NA,NA,NA,NA,NA,NA,NA,NA,NA,NA,NA,NA,NA,NA,NA,NA,NA,1000,"#N/A","#N/A","bat","derived","arborescent","arborescent",0.073710508,0.363871899980057,0.210630262984916,0.390246733887713,0.203504560216267,0.773077179227149,0.050636302226158,0.181013594577619,NA
"177","Denmoza_rhodacantha",17,61,9,0.259879469871521,12.45,18.05,6.65000000000003,288.35,60,3.2,87.75,152.95,13.35,148.9,13.35,12.1,0.488000011444092,493.85,23.95,0.150000000000034,24.5,17.65,7.30000000000004,498.4,107.505,1748.5,2.83355510234833,0.000204660449526273,42,3.55925858020782,1.20847487449646,0.000205707146960776,150,"11","11","bird","derived","barrel","compact",0.090158078,0.611581218166967,0.208899762595495,0.382255542458021,0.203018571874966,0.772773963250883,0.0629866377083839,0.272627763473202,192053.9819
"178","Discocactus_zehntneri",13,60,6,0.366306066513062,23.65,24.85,21.55,577.1,117,3.3,85.65,302.4,14.5,219.4,16.15,9.3,0.693499994277954,124.3,30.05,16.65,13.3,24.7500000000001,22,926.45,155.815,713.75,0.93017441034317,6.65165898681153e-05,16.75,1.55470740795135,0.528945863246918,7.04742451489437e-05,7,"11","11","moth","derived","globose_solitary","compact",0.261479357,1.54645566478149,0.227736649030974,0.426438941917282,0.212116108087301,0.801336665369781,0.128592928500564,0.530674670418143,12604.39168
"179","Disocactus_ackermannii",13,40,4,1.465407371521,22.3,24.65,19.1,1906.35,370.6,30,82.3,1061.3,107.5,490.9,137.8,8.4,0.560500001907349,213.45,29.2,14.1,15.2,24.25,19.9,2068.2,124.215,664.25,3.19858384132385,0.000268834628514014,43.5,3.35000002384186,1.31654006242752,0.0002771283761831,100,"11","11=0.80_12=0.20","bird","derived","Epiphytic","arborescent",0.218738587,0.783920337138444,0.391664379870301,1.3759504810976,0.363540315094413,1.24331355800012,0.448435724080837,1.16252406381024,18123.66231
"180","Disocactus_anguliger",NA,NA,NA,NA,NA,NA,NA,NA,NA,NA,NA,NA,NA,NA,NA,NA,NA,NA,NA,NA,NA,NA,NA,NA,NA,NA,NA,NA,NA,NA,NA,NA,NA,"#N/A","#N/A",NA,NA,"Epiphytic","arborescent",0.216781833,0.784516411929029,0.299524852231394,0.991130492410805,0.276798738317817,1.09052632279291,0.204684694153436,1.04145634386823,NA
"181","Disocactus_biformis",NA,NA,NA,NA,NA,NA,NA,NA,NA,NA,NA,NA,NA,NA,NA,NA,NA,NA,NA,NA,NA,NA,NA,NA,NA,NA,NA,NA,NA,NA,NA,NA,20,"11","11",NA,NA,"Epiphytic","arborescent",0.216781833,0.784516411929029,0.402270296154702,2.18885349615776,0.404278636615742,1.59850660811266,0.340201192867136,1.34860607663463,NA
"182","Disocactus_crenatus",15,41,4,2.1507842540741,18.7500000000001,20.15,16.45,2821.05,495.1,17.7,84.65,1292.95,65.25,705.7,116.45,9.45,0.642499995231628,134.55,26,11.6,14.2,19.45,16.8,1981.05,123.605,1403.25,6.89591860771179,0.000529483513673767,154.75,12.4821257591248,4.04309546947479,0.000687010760884732,100,"#N/A","#N/A",NA,NA,"Epiphytic","arborescent",0.218299843,0.783454834010949,0.304720055995773,0.737694097088217,0.288015425467204,0.968841194851938,0.164332439172257,0.60964086408371,NA
"183","Disocactus_eichlamii",13,39,7,2.45779061317444,12.7500000000001,13.35,11.7500000000001,2752.3,541.6,8.1,86.9,1311,44.6,978.9,97.8,9.6,0.73600001335144,62.4,19.2500000000001,6.25000000000006,13,13.15,11.95,1651.2,113.96,2375,3.04587316513062,0.000104973812995013,263.5,26.9481658935547,1.2008136510849,0.00040368631016463,40,"11","11",NA,NA,"Epiphytic","arborescent",0.218738587,0.783858925955792,0.624825547217013,2.90928551817811,0.479152051904599,1.81903466733621,0.520466031768446,1.78302105209862,NA
"184","Disocactus_lepidocarpus",NA,NA,NA,NA,NA,NA,NA,NA,NA,NA,NA,NA,NA,NA,NA,NA,NA,NA,NA,NA,NA,NA,NA,NA,NA,NA,NA,NA,NA,NA,NA,NA,NA,"#N/A","#N/A",NA,NA,"Epiphytic","arborescent",0.216781833,0.783383368911141,0.324920766715512,0.994130795127291,0.311999951218485,1.14606173087112,0.224306570880697,0.859177577237348,NA
"185","Disocactus_macdougallii",14,41.5,4,2.62004065513611,17.1000000000001,18,15.55,3501.4,723.35,13.8,89.7,1908.15,52.7,563.6,132.85,9.65,0.7,76.7,24.2,10.2,13.85,17.2,15.9,2017.1,131.535,1760.75,6.96523809432983,0.000500664231367409,183.5,14.688992023468,4.21342468261719,0.000880404346389696,45,"11","11",NA,NA,"Epiphytic","arborescent",0.218580503,0.784516411929029,0.309039481633819,0.991130490300558,0.292877831332524,1.09052620460019,0.22758291740088,1.04145634386823,NA
"186","Disocactus_macranthus",14,41,4,1.49461984634399,23.85,25.9,20.95,2033.45,394.15,30.2,77.4,1063.9,114.95,484.95,164.9,7.9,0.526500010490418,193.2,30.85,16.95,14.5,24.85,23.35,2142.85,129.415,381.25,3.76636075973511,0.000313191587338224,56,4.37364673614502,1.90290033817291,0.000316242367262021,90,"11","11",NA,NA,"Epiphytic","arborescent",0.218738587,0.783858925955792,0.329791712456107,0.859023429415587,0.314125269654883,1.02239764218911,0.34723295557343,0.998561325131574,44089.40821
"187","Disocactus_nelsonii",14,39,4,1.40001839399338,20.55,21.95,18.7500000000001,1791.1,332.25,27.4,74,869.6,98.8,516.85,139.3,9,0.647499990463257,132.05,27.7500000000001,13.6,13.7,21.15,19.85,1927.35,123.845,1153.25,5.52391791343689,0.000463212782051414,106.25,8.7127857208252,3.13279640674591,0.000509792967932299,120,"11","11",NA,NA,"Epiphytic","arborescent",0.216781833,0.784516411929029,0.402270282118679,2.18885349935848,0.404278607645208,1.59850658524135,0.340201192867136,1.34860607663463,71923.34699
"188","Disocactus_phyllanthoides",14,41,4,1.55515480041504,19.05,21.4,15.65,1895.5,329.3,45.65,67.5,897.65,150.1,627.6,168.95,8.2,0.553999996185303,230.85,25.8,10.9,15.1,21,16.55,1974,109.455,1157,6.15139675140381,0.000508597848238423,120.5,10.110996723175,3.57653212547302,0.00059937295736745,100,"11","11",NA,NA,"Epiphytic","arborescent",0.218738587,0.783920337138444,0.391664378193964,1.37595047187585,0.363540312098413,1.24331360410839,0.448435724080837,1.16252406381024,14386.36682
"189","Disocactus_quezaltecus",14,39,4,3.3651225566864,15.65,16.35,14.65,3712.25,659.45,34.45,74.3,1652.3,128.65,1293.1,141.9,8.3,0.73899998664856,67.5,20.7,9.85000000000002,11.3,15.95,14.65,1900.6,116.92,2006,8.20727252960205,0.000510961923282593,193.75,16.1116123199463,4.10835790634155,0.000910330098122358,35,"11","11",NA,NA,"Epiphytic","arborescent",0.218738587,0.783858925955792,0.624825549072099,2.90928551298846,0.479152055381213,1.81903475744079,0.520466031768446,1.78302105209862,1653.603719
"190","Disocactus_speciosus",12,39,4,0.742001891136169,20.15,22.35,17.95,1124.1,236.5,5.7,96.2,627.8,26.75,312.15,53.1,11.9,0.630000019073486,164.65,29.55,11.2500000000001,18.45,21.2500000000001,19.7500000000001,1523.5,127.52,1440.5,5.20493483543396,0.000414004447520711,93.5,7.7125825881958,2.77445793151855,0.000517254578880966,100,"#N/A","#N/A",NA,NA,"Epiphytic","arborescent",0.216781833,0.783383368911141,0.324920756231251,0.994130788289009,0.311999974448119,1.14606162116698,0.224306570880697,0.859177577237348,552025.4754
"191","Echinocactus_grusonii",NA,NA,NA,NA,NA,NA,NA,NA,NA,NA,NA,NA,NA,NA,NA,NA,NA,NA,NA,NA,NA,NA,NA,NA,NA,NA,NA,NA,NA,NA,NA,NA,130,"11","11","bee","ancestral","barrel","compact",0.056423007,0.143058027565641,0.207774492704192,0.3784171551169,0.202929320116036,0.772279702330673,0.0348037987722723,0.0580715935986481,NA
"192","Echinocactus_horizonthalonius",14,40,4,0.268124803900719,17.85,25.15,10.85,388.7,72.7,7.9,70.1,195.2,31.7,162.6,40.35,13.3,0.478999996185303,551.35,32.05,3.75000000000006,28.1,24.15,14.7500000000001,660.7,127.745,1422.75,1.1283341050148,8.42935769469477e-05,19,1.63857072591782,0.530832260847092,0.000102149719168665,50,"11","11","bee","ancestral","globose_solitary","compact",0.057021893,0.141982921506656,0.208107007640236,0.37848566276057,0.202944554753318,0.772281035528832,0.04709950697562,0.100229953157316,787068.7445
"193","Echinocactus_parryi",12,45,4,0.174205541610718,18.85,27.65,9.15000000000003,267.2,59.1,7,80.95,149.95,24.1,132.05,38.95,14,0.425,731.45,34.95,1.65000000000003,33.3,26.35,19.45,471.55,132.755,1256.25,0.658478379249573,4.55656863778131e-05,7,0.607613444328308,0.181025937199593,4.43487406300846e-05,45,"#N/A","#N/A",NA,NA,"globose_solitary","compact",0.057021893,0.141953139184295,0.207960860334436,0.378454730168918,0.202935898814631,0.772280049008261,0.0406838339152445,0.082602542562404,16958.11001
"194","Echinocactus_platyacanthus",14,37,4,0.341316148638725,17.65,20.9,13.35,484.6,88.85,8.65,70.85,238.25,39.8,182.25,43.25,12.5,0.590000009536743,314.95,27.55,6.50000000000003,20.8,20.15,14.85,799.95,121.255,1841,2.81666350364685,0.00021372280025389,40.75,3.42781734466553,1.31703251600266,0.000218615168705583,250,"#N/A","#N/A","bee","ancestral","barrel","compact",0.057021893,0.142123240796703,0.20863029646525,0.37865278142308,0.20299527508964,0.772280149389983,0.0597614595925056,0.131960236743,149697.7633
"195","Echinocactus_polycephalus",16,60,9,0.133718229830265,18.1,29.05,7.95000000000005,186.15,28.45,3.1,51.2,73.05,18,40,67.45,12.8,0.369500005245209,825.7,36.35,1.80000000000004,34.9,13.05,23.45,336.95,124.97,961.25,1.37925481796265,0.000112474379420746,23,1.96427178382874,0.651237487792969,0.000116118357254891,60,"11","11",NA,NA,"globose_caespitose","compact",0.056439548,0.143120839093147,0.207774570679185,0.378417176806287,0.202929411212532,0.772279174558596,0.033395758081454,0.0642574239472135,281959.1493
"196","Echinocactus_texensis",14,40,6,0.385353535413742,19.05,27.65,10.05,550.65,82.65,17.3,48.9,211.95,61,192.2,61.9,12.05,0.415000009536743,675.15,33.9,4.75000000000006,28.65,24.95,10.65,891,128.855,682.75,0.68179452419281,5.01340182381682e-05,9,0.79616105556488,0.26456207036972,5.51554403500631e-05,20,"11","11",NA,NA,"globose_solitary","compact",0.057021893,0.142123240796703,0.208630296161781,0.378652781415065,0.202995274690766,0.772280776664505,0.0597614595925056,0.131960236743,716117.9566
"197","Echinocereus_acifer",12,37,4,0.347083643078804,16.7500000000001,20.15,12.35,501,114.3,4,95.5,308.95,22.7,169.75,39.7,13.5,0.596000003814697,308.65,27.45,4.75000000000006,22.8,18.95,15.7500000000001,822.95,128.905,2107.75,1.07337403297424,8.269789032056e-05,20,1.79628866910934,0.664033472537994,8.76634148880839e-05,30,"#N/A","#N/A",NA,NA,"globose_solitary/globose_caespitose","compact",0.150854924,1.57499723804365,0.230624122554171,4.80174273887212,0.244610866003141,1.60874540794316,0.216864407755666,3.8018639383874,82912.44323
"198","Echinocereus_adustus",12,37,1,0.380400285124779,15.5,20.85,8.95000000000005,539.65,139.85,7.1,104.3,365.8,25.2,259.1,39.45,14.5,0.523000001907349,491.95,28.55,1.25000000000006,27.5,19.55,13.2500000000001,876.1,122.205,1952,4.11907577514648,0.000397095005610026,60,4.63929033279419,1.99688303470612,0.000432032786193304,19,"#N/A","#N/A",NA,NA,"globose_solitary","compact",0.150491966,1.54725818479167,0.2366387578833,1.10976141103273,0.231081350694532,1.04936900161418,0.190306811127747,1.21986919630801,47436.8563
"199","Echinocereus_arizonicus",13,45,6,0.321997597813606,14.95,23.3,6.95000000000005,442.55,101.05,8.75,81.6,243.35,33.95,213.75,80,13.9,0.448999977111816,675.15,31.05,0.250000000000057,31.75,22.2500000000001,16.65,739.95,118.61,1667.5,3.26617777347565,0.000276594233582728,48,3.71456289291382,1.5883641242981,0.000301407955703326,40,"#N/A","#N/A","bee, bird","derived","globose_caespitose","compact",0.151017347,1.57524329041084,0.281045168730579,5.2974554106897,0.292740823126977,1.81078779156095,0.319528719748242,5.2916361127149,123462.8589
"200","Echinocereus_barthelowanus",12,43,4,0.219929426908493,20.45,24.45,17.55,122.8,23,0.3,79.8,56,1.5,56,4.6,1.8,0.187999999523163,273.6,26.05,16.65,9.4,24.45,18.05,226.7,125.05,0,1.75,3.29952345055062e-05,3,0.0978320688009262,0.164339780807495,3.58839315595105e-05,30,"#N/A","#N/A",NA,NA,"cushion_forming","compact",0.145316063,0.564898715162843,0.273675204289335,0.67096788896267,0.259317552116613,0.960787906652207,0.207189899671784,0.784555939836519,NA
"201","Echinocereus_berlandieri",14,40,4,0.415758669376373,23.35,28.45,16.15,627.9,126.4,18,64.9,276.35,67.7,217.7,69,11.3,0.484999990463257,440.7,33.95,10.85,21.65,27.15,17.15,992.8,138.415,277.5,0.748695641756058,5.37642663402949e-05,11.5,1.02353578805923,0.331181451678276,6.24954664090183e-05,60,"11","11",NA,NA,"shrubby","arborescent",0.145880564,0.971020239319236,0.292236541646255,1.89336093746557,0.294763160099444,1.22807570260764,0.333871745710951,1.58717299460389,141349.4269
"202","Echinocereus_bonkerae",15,49,7,0.331450894474983,16.2500000000001,25.95,6.70000000000005,470.9,69.9,7.5,48.4,173.5,35,137.2,144.4,14,0.419000005722046,762.2,33.55,-0.0499999999999545,33.6,22.55,20.45,780.6,115.79,1301,4.40877532958984,0.000427570805186406,71.25,5.92924070358276,2.3471268415451,0.000479747206554748,20,"#N/A","#N/A",NA,NA,"globose_caespitose","compact",0.150559588,1.55623555744855,0.405357468518705,4.70910804084348,0.362471943347493,1.70027071636132,0.323186003904666,3.160285007184,28202.26667
"203","Echinocereus_brandegeei",12,39,3,0.125409215688705,22.55,28.35,16.5,196.55,59.2,0.5,112.1,128.45,2.4,103.85,44.2,11.9,0.503999996185303,460,34.5500000000001,11.45,23.2,28.15,23.65,354.6,135.92,324.75,4.83774495124817,0.000380941914045252,58,4.48456835746765,2.27969717979431,0.000347431603586301,100,"#N/A","#N/A",NA,NA,"shrubby","arborescent",0.145316063,0.564898715162843,0.263795350834232,0.607757347798095,0.24722548837649,0.918805764159256,0.158822447076085,0.598151325855138,42520.52187
"204","Echinocereus_bristolii",12,41,4,0.35288068652153,20.2500000000001,27.45,12.45,571.15,166.85,5.7,105.1,369.55,28,325,99.35,15,0.476999998092651,599.35,36.5500000000001,5.15000000000003,31.3,26.4,21.05,918.55,127.77,823.5,4.77256155014038,0.000414096197346225,71.75,5.76493620872498,2.25060999393463,0.000493760104291141,20,"#N/A","#N/A",NA,NA,"globose_solitary/globose_caespitose","compact",0.150559588,1.55601923178362,0.252731746692038,1.54122043756428,0.24536806401624,1.14721918019058,0.21277995572277,1.48870527976314,17101.14184
"205","Echinocereus_cinerascens",13,38,4,0.391037285327911,17.65,20.7500000000001,13.85,553.85,109,9.05,73.65,285.15,39.65,186.8,42.1,12.15,0.590999984741211,301.3,27.65,6.95000000000005,20.3,19.95,15.05,895.35,121.345,1824.75,3.04522514343262,0.000234284569160081,45.5,3.77367436885834,1.55128359794617,0.000229760138608981,30,"11","11","bee","ancestral","globose_solitary/globose_caespitose","compact",0.145775523,0.969363028476749,0.237721322346004,0.928670173732429,0.241217074836868,1.00753024480535,0.181030103559257,0.994608802250366,137464.8279
"206","Echinocereus_coccineus",14,41,4,0.26737454533577,18.2500000000001,26.35,9.45000000000005,397.4,71.8,8.6,71.05,191.05,32.3,165.9,42.3,13.5,0.444000005722046,648.5,33.15,2.45000000000005,29.7,24.85,13.35,673.7,128.98,1338.75,1.15158009529114,0.000102141813840717,17.5,1.54482841491699,0.552607417106628,0.000104195169114973,40,"22","11=0.23_22=0.77","bee, bird, ento","derived","globose_caespitose","compact",0.151017347,1.57524329041084,0.308619050712497,5.87472465654713,0.307660339321753,NA,0.334839650315583,6.36229574852215,346476.1967
"207","Echinocereus_dasyacanthus",14,44,6,0.233523346483707,18.2500000000001,26.55,9.05000000000001,350.7,66.65,8.2,69.5,178.75,31.2,159.95,39.1,13.5,0.432500004768372,680.4,33.55,2.20000000000005,31,25.35,13.95,603.1,128.86,1323,0.881671011447906,6.82736463204492e-05,14.25,1.2285031080246,0.377654075622559,7.20733405614737e-05,35,"22","22=0.83_44=0.17",NA,NA,"shrubby","arborescent",0.145491085,1.2597063309938,0.227778235701327,0.821125651210219,0.216082630089239,0.991992852448702,0.127595152282415,0.887550982219245,253756.7633
"208","Echinocereus_engelmannii",15,54,7,0.171731516718864,17.35,27.2500000000001,8.25000000000006,228.85,33.35,3.6,54.55,86.55,20.85,52.65,67.25,12.8,0.375999999046326,803.75,34.5500000000001,2.05000000000001,34.3,13.45,22.65,408.7,122.985,1079.5,1.44425469636917,0.000117687708552694,25,2.2337110042572,0.674650967121124,0.000141404525493272,60,"22","11=0.10_22=0.90","bee","ancestral","globose_caespitose","compact",0.150559588,1.55623555744855,0.413826462581664,4.70910804085134,0.366268999807802,1.70027071805527,0.441085490295837,3.160285007184,672400.5694
"209","Echinocereus_enneacanthus",14,40,4,0.26423616707325,19.7500000000001,26.95,12.45,396.85,73.4,9,66.35,190.45,36.15,163.25,42.25,13,0.465000009536743,569.85,33.55,5.25000000000006,27.6,25.7500000000001,15.65,672.9,130.98,1226,0.780624747276306,5.57558596483432e-05,12,1.08328425884247,0.304973393678665,5.93197055422934e-05,200,"11","11=0.85_22=0.15","bee","ancestral","globose_caespitose","compact",0.145880564,0.971020239319236,0.292236537482499,1.89336094912022,0.294763159142774,1.22807572693427,0.333871745710951,1.58717299460389,512618.4035
"210","Echinocereus_fasciculatus",14,49,6,0.27693572640419,18,26.65,8.95000000000005,412.05,83.2,6.35,71.75,201.95,29.35,174.15,93.4,13.95,0.426000022888184,710.25,34.2500000000001,2.05000000000001,32.2,25.35,21.45,695.4,124.75,1240,2.33644068241119,0.000205358417588286,34.75,2.72942209243774,1.14197623729706,0.000241033601923846,45,"22","11=0.17_22=0.67_33=0.16","bee","ancestral","globose_caespitose","compact",0.150559588,1.55623555744855,0.413826463103259,4.67606915248645,0.366268999331721,1.69359844981951,0.441085490295837,2.29342904597011,171052.2068
"211","Echinocereus_fendleri",15,49,7,0.263686433434486,14.9,24.2500000000001,5.75000000000006,355.2,69.95,9.1,64.9,176.75,36.2,156,54.4,13.45,0.41100001335144,745.5,31.85,-0.549999999999955,32.5,23.05,14.85,609.1,116.89,1623.75,1.1180340051651,9.46743384702131e-05,18.5,1.56046283245087,0.516597658395767,9.9169927125331e-05,25,"11","11","bee","ancestral","globose_caespitose","compact",0.145491085,1.25959812522814,0.211945245789763,0.512707625062523,0.205360089903519,0.860212088776783,0.105081208719018,0.691022118422786,515118.1161
"212","Echinocereus_freudenbergeri",15,35,4,0.185776762664318,22.8,28.95,15.35,290.2,48.6,7.4,60.2,132.1,29.35,121.45,33.15,12.2,0.473999977111816,533.1,34.35,8.55000000000001,25.8,27.7500000000001,17.65,508.5,139.22,765.5,0.60917466878891,3.09114457195392e-05,5,0.469902455806732,0.150570586323738,3.10838622681331e-05,15,"#N/A","#N/A",NA,NA,"globose_solitary/globose_caespitose","compact",0.150703872,1.56339482317948,0.226101334364759,2.57404492990384,0.2347864609453,1.33709253223104,0.182604143133698,1.56081234402945,745.4662553
"213","Echinocereus_grandis",14,40,4,0.186671197414398,21.7500000000001,28.35,16.15,95.6,27.75,0.1,94.5,50.45,0.8,45.85,18.6,1.8,0.128000003099442,470.6,29.65,15.3,14.3,27.2500000000001,21.45,178.05,142.94,129.5,7.53736901283264,0.000661968311760575,141,11.3935704231262,4.24067187309265,0.000749574333894998,50,"#N/A","#N/A",NA,NA,"globose_solitary","compact",0.151366857,1.55626210098875,0.484513341861046,4.14269159811991,0.402255032459752,1.63040171948082,0.493248739667116,2.91772391765916,79.65090893
"214","Echinocereus_klapperi",13,42,4,0.266633599996567,22.85,29.85,15.15,462.7,137.3,2.8,112.5,325.15,17.6,269.5,72,14.6,0.480000019073486,581.9,38.45,8.00000000000003,30.4,29.05,22.85,768.9,132.37,435.5,0.582961201667786,4.28190960519714e-05,7,0.546148359775543,0.223643630743027,5.58380870643305e-05,8,"#N/A","#N/A",NA,NA,"globose_caespitose","compact",0.150854924,1.57473120560396,0.231087224759547,4.71749591890289,0.245251342157727,1.59476689961734,0.253483912213812,2.33746164929417,19.14827943
"215","Echinocereus_knippelianus",14,37,4,0.31956747174263,16.85,20.7500000000001,11.95,439,82.45,9.5,66.2,215.3,44.35,181.3,50.5,12.4,0.568499994277954,357.5,26.95,5.75000000000006,21.5,20.05,13.95,734.85,119.92,1765.25,3.27603030204773,0.000194621308764908,43.75,3.60212063789368,1.46556049585342,0.000225118041271344,10,"11","11",NA,NA,"globose_caespitose","compact",0.145285939,0.562478237932416,0.227509325030077,0.446312737592218,0.21531887245091,0.81757310758397,0.118769876878369,0.491963774823079,35720.65319
"216","Echinocereus_laui",12,42,4,0.734397292137146,15.35,21,8.80000000000004,1022.2,287.8,15.4,96.2,646.3,58.85,598.65,156.25,14.6,0.517000007629395,487.5,29.65,1.45000000000005,28.2,20.2,15.45,1440.4,115.26,1655,5.6620306968689,0.000631477509159595,85.5,7.05687999725342,2.90356683731079,0.000568388088140637,10,"11","11",NA,NA,"shrubby","arborescent",0.145316063,0.562556720910026,0.215327248166681,0.400793437991547,0.206419460295173,0.786884870628518,0.102455470174573,0.466302260586212,160.4711043
"217","Echinocereus_leucanthus",NA,NA,NA,NA,NA,NA,NA,NA,NA,NA,NA,NA,NA,NA,NA,NA,NA,NA,NA,NA,NA,NA,NA,NA,NA,NA,NA,NA,NA,NA,NA,NA,30,"11","11","bee","ancestral","shrubby","arborescent",0.145285939,0.562376255651468,0.212369554918242,0.394748566071685,0.205369260354819,0.783093187036642,0.100995766912042,0.42214621468628,NA
"218","Echinocereus_longisetus",15,36,4,0.260020464658737,20.65,26.2500000000001,13.45,390.7,68.1,9.4,60.4,177,41.45,156.45,45.8,12.3,0.48899998664856,510.1,32.05,6.95000000000005,25.2,25.3,15.2500000000001,663.75,124.84,1040.5,1.31917756795883,8.36427498143166e-05,19.5,1.73357915878296,0.527967363595963,8.71299780556001e-05,50,"#N/A","#N/A",NA,NA,"globose_caespitose","compact",0.145278747,0.956184771393221,0.211047193319297,0.386758386232903,0.205039450281026,0.782156846779457,0.086707585348734,0.406543938586167,34092.0144
"219","Echinocereus_mapimiensis",14,37,4,0.169570960104465,22.05,27.85,14.7500000000001,270.7,50.25,5.3,70.3,135.2,23.55,122.2,28.1,12.6,0.484999990463257,507.5,34.0500000000001,7.45000000000005,26,26.7500000000001,17.65,477.2,139.935,1170.75,1.48823511600494,0.000108239553810563,21.25,1.84288877248764,0.640258699655533,0.000100476361694746,30,"#N/A","#N/A",NA,NA,"globose_caespitose","compact",0.145295221,0.956416757993645,0.212472800263357,0.401164338947363,0.206262080136408,0.793060451091035,0.108795169137847,0.502210055393612,1649.690659
"220","Echinocereus_maritimus",13,42,4,0.142385423183441,17.65,21.7500000000001,14.55,135.5,29.2,1.2,86.35,74.8,5.05,11.5,73.95,7,0.457999992370606,292,25.95,11.2500000000001,15.2,14.55,18.7500000000001,249.2,117.34,137.25,2.28360319137573,0.000178271788172424,30,2.55513286590576,1.1045401096344,0.000188797181181144,40,"11","11",NA,NA,"shrubby","arborescent",0.145316063,0.564898715162843,0.273675204864565,0.670967890718086,0.259317550527327,0.960788130946636,0.207189899671784,0.784555939836519,11711.13472
"221","Echinocereus_metornii",NA,NA,NA,NA,NA,NA,NA,NA,NA,NA,NA,NA,NA,NA,NA,NA,NA,NA,NA,NA,NA,NA,NA,NA,NA,NA,NA,NA,NA,NA,NA,NA,25,"#N/A","#N/A",NA,NA,"globose_solitary/globose_caespitose","compact",0.150474653,1.54014761062167,0.283454065201939,0.965023646269086,0.281585885945508,1.00996697921423,0.203541918677371,0.983588732864464,NA
"222","Echinocereus_mombergerianus",14,36,4,0.0384846609085798,24.7500000000001,33.7500000000001,15.7500000000001,69.7,11.1,0.4,62.1,27.6,2.9,16.2,27.6,14.7,0.432999992370605,710.9,42.45,8.35000000000002,34,15.7500000000001,27.85,130.9,141.255,14,0.242061465978622,2.27068812819198e-05,2,0.131255388259888,0.0644727274775505,2.30402056331513e-05,30,"#N/A","#N/A",NA,NA,"globose_solitary/globose_caespitose","compact",0.151017347,1.2597063309938,0.333136053384973,0.522468821850835,0.31756022064825,0.864385399989728,0.383120981858875,0.759306146903068,2288.746199
"223","Echinocereus_nicholii",14,49,6,0.148871324956417,22.55,31.05,14.15,244.1,55.7,1.3,71.95,120.95,10.6,100.85,64.75,13.1,0.426000022888184,674.4,37.65,7.45000000000005,30.8,30.7500000000001,25.65,433.9,138.16,457.25,0.5,3.01760765069048e-05,8,0.752973616123199,0.123310808092356,3.38153095071902e-05,60,"11","11",NA,NA,"globose_caespitose","compact",0.150388123,1.2597063309938,0.219996979421126,0.522468822463427,0.218338846918595,0.864385503027995,0.155277438733871,0.759306146903068,27156.02034
"224","Echinocereus_nivosus",NA,NA,NA,NA,NA,NA,NA,NA,NA,NA,NA,NA,NA,NA,NA,NA,NA,NA,NA,NA,NA,NA,NA,NA,NA,NA,NA,NA,NA,NA,NA,NA,12,"#N/A","#N/A",NA,NA,"globose_caespitose","compact",0.14578594,0.969363028476749,0.275013723409787,1.29544547203974,0.280792979938668,1.11752094008074,0.239823202893951,1.08604115395061,NA
"225","Echinocereus_ortegae",12,37,4,1.00386780500412,21.95,24.95,18.15,1558.55,401.6,11.1,109,1096.1,38.05,869.1,117.5,12.2,0.588000011444092,278.4,31.5,11.05,20.7,24.65,22.2500000000001,1893.55,116.58,640.75,6.20703768730164,0.000568736140849069,123,10.5928039550781,3.37538456916809,0.000683687598211691,40,"#N/A","#N/A",NA,NA,"globose_caespitose","compact",0.145491085,1.25959812522814,0.228938468115007,0.836683063304124,0.216873781099431,1.00100592462281,0.132750749182644,0.895464511155958,432.3623524
"226","Echinocereus_palmeri",12,38,4,0.331280365586281,16.15,21.9,9.05000000000001,480.85,123.1,6.8,102.35,320.5,27.05,223.1,38.05,14.5,0.501000022888184,519.05,29.55,1.25000000000006,28.3,20.55,13.85,794.7,125.375,1883,2.57920658588409,0.000240759836742654,37.25,3.010666847229,1.264927983284,0.000265176553511992,8,"#N/A","#N/A",NA,NA,"shrubby","arborescent",0.150559588,1.5558779514165,0.246064652668651,1.39681945021508,0.23849902557424,1.11601991678075,0.185913878181883,1.373307087909,70280.60751
"227","Echinocereus_pamanesii",NA,NA,NA,NA,NA,NA,NA,NA,NA,NA,NA,NA,NA,NA,NA,NA,NA,NA,NA,NA,NA,NA,NA,NA,NA,NA,NA,NA,NA,NA,NA,NA,35,"#N/A","#N/A",NA,NA,"globose_solitary","compact",0.150241802,1.3630331736526,0.275209928011004,1.52533761247335,0.26153040029295,1.16509563697246,0.207409809242919,1.33458914140422,NA
"228","Echinocereus_papillosus",13,51,6,0.416151076555252,23.15,29.65,14.95,637.4,90.2,29.3,38.45,227.3,92.8,186.35,97.1,10.9,0.419000005722046,571.4,36.0500000000001,10.05,26.1,28.2500000000001,15.35,1004.95,139.99,107,0.463512390851974,3.36098892148584e-05,5,0.436362951993942,0.165759861469269,3.64569241355639e-05,30,"11","11",NA,NA,"globose_solitary","compact",0.150474653,1.50733722273393,0.283454067625525,0.865295119007897,0.281585886143751,0.983449029973357,0.203541918677371,0.811640758743545,43692.90976
"229","Echinocereus_parkeri",14,36,4,0.308109328150749,17.4,20.85,12.65,437.8,72,9.6,63.55,194.15,45.05,180.7,48.7,12.6,0.592000007629395,333.05,27.45,5.95000000000005,21.4,20.35,13.65,733.1,120.04,1784.75,2.76663339138031,0.000186550612852443,38.25,3.49550461769104,1.27623403072357,0.000189987360499799,15,"#N/A","#N/A","bee","ancestral","globose_caespitose","compact",0.14578594,0.969363028476749,0.27501372502971,1.29544545339598,0.280792976315188,1.11752099450381,0.239823202893951,1.08604115395061,44412.3047
"230","Echinocereus_pectinatus",13,39,4,0.309128731489182,18.5,25.65,11.45,451.2,92.4,7.6,77.15,237.15,32.25,183.85,47.75,13.5,0.480999994277954,534.5,32.65,4.15000000000003,27.55,24.55,16.05,752.45,127.975,1386,1.69729763269424,0.000134228124807123,25.5,2.12443923950195,0.731212228536606,0.000142191478516906,35,"22","11=0.20_22=0.80","bee","ancestral","globose_solitary","compact",0.145491085,1.2597063309938,0.227778237375524,0.821125662461785,0.216082629152556,0.991992871182253,0.127595152282415,0.887550982219245,922725.6149
"231","Echinocereus_pentalophus",14,39,4,0.381274223327637,21.05,25.85,15.15,572.4,110.45,14.2,66.2,249.05,55.8,185.15,57.05,11.5,0.517499995231628,375,31.2,9.55000000000001,21.6,24.95,16.05,920.2,127.075,927.25,1.21834933757782,8.99057631613687e-05,17.75,1.46443772315979,0.555154949426651,9.24453197512776e-05,70,"11","11","bee","ancestral","cushion_forming","compact",0.145285939,0.562478237932416,0.227509325304384,0.446312738852469,0.215318874126106,0.817572771209308,0.118769876878369,0.491963774823079,220453.3942
"232","Echinocereus_polyacanthus",12,38,4,0.547664016485214,12.7500000000001,18.15,6.55000000000001,727.05,182.95,11,99.45,465.8,39.15,417.3,70.2,14.2,0.532000017166138,467.55,26.15,-0.249999999999943,26.4,17.35,11.65,1116.2,111.975,2237.25,5.40471410751343,0.000581207859795541,91.25,7.01999235153198,2.91708481311798,0.000608467671554536,30,"22","22",NA,NA,"globose_solitary/globose_caespitose","compact",0.151017347,1.57524329041084,0.333136054802429,5.87472466482638,0.317560219078586,NA,0.383120981858875,6.36229574852215,90618.55123
"233","Echinocereus_poselgeri",14,39,4,0.36861726641655,22.35,28.2500000000001,15.2500000000001,573.8,103.55,16.65,62.05,231.75,65.6,185.8,66.45,11.5,0.485500001907349,483,33.95,9.50000000000003,24.1,26.95,16.55,922.05,135.065,588.5,0.69597053527832,4.8718278776505e-05,9.5,0.867587566375732,0.27834053337574,5.14969924552133e-05,120,"11","11","bee","ancestral","shrubby","arborescent",0.145295221,0.956416757993645,0.212237120617273,0.401164338477994,0.206080767311438,0.79306099511113,0.0999444590860091,0.502210055393612,189371.4601
"234","Echinocereus_primolanatus",14,36,4,0.200112953782082,20.5,25.65,13.85,309.75,53.8,7.3,62.8,138.55,31.8,127.45,37.85,12.7,0.515499997138977,476.45,31.9,6.90000000000003,25.2,24.95,17.15,539.5,128.97,1214.25,3.0531712770462,0.000201160059077665,36.75,3.21919858455658,1.30645823478699,0.000205618518521078,12,"#N/A","#N/A",NA,NA,"globose_solitary","compact",0.150491966,1.54725818479167,0.236638757211919,1.10976141623574,0.23108134982387,1.04936903472912,0.190306811127747,1.21986919630801,9694.341805
"235","Echinocereus_pseudopectinatus",13,46,6,0.290245652198792,17.55,26.15,8.25000000000006,420.95,91.55,7.2,78,222.7,29.85,190.65,82.5,14,0.432999992370605,695.1,33.7500000000001,1.35000000000002,31.9,24.95,18.65,708.5,123.575,1330.5,2.1663955450058,0.000194838525203522,30.75,2.45166254043579,0.988496840000153,0.000197242196009029,20,"#N/A","#N/A",NA,NA,"globose_solitary","compact",0.151366857,1.55626210098875,0.484513353475368,4.14269159692815,0.402255029377768,1.63040194310935,0.493248739667116,2.91772391765916,364646.6333
"236","Echinocereus_pulchellus",13,38,4,0.39588925242424,16.65,19.7500000000001,12.85,581.15,133.6,6.15,82.1,334.5,30.85,173,43.05,12.9,0.599499988555908,277.8,26.95,5.75000000000006,21.3,18.85,15.2500000000001,931.8,124.735,2028.25,3.53438997268677,0.000284491019556299,51.5,4.19633555412292,1.77009892463684,0.000280732434475794,13,"#N/A","#N/A",NA,NA,"globose_solitary","compact",0.150241802,1.3630331736526,0.301245835561549,1.19037803468355,0.291540070732455,1.07895805250263,0.268642992981825,1.0984803624444,79251.70038
"237","Echinocereus_rayonesensis",15,38.5,4,0.453429847955704,16.2,19.7500000000001,11.55,592.95,115.05,13.35,65.1,277.8,55.3,234.9,57.5,11.4,0.590000009536743,329.35,25.3,5.95000000000005,19.3,19.15,11.95,947.35,120.42,1648,5.3960235118866,0.000384455648600124,100.25,8.84060001373291,3.25620830059052,0.000508848257595673,28,"#N/A","#N/A",NA,NA,"shrubby","arborescent",0.145880564,0.971020239319236,0.255669485339626,1.46683448788439,0.265503214521707,1.11297952518117,0.266883132956113,1.34695538923886,95.51817593
"238","Echinocereus_reichenbachii",14,41,7,0.408811137080193,18.2500000000001,27.15,8.75000000000006,575.05,88.7,18.2,47.4,223.3,64.45,203.7,66.1,11.9,0.397000002861023,724,33.5,3.55000000000001,29.9,24.2500000000001,9.65000000000003,923.7,126.67,657,0.69597053527832,5.41284443897894e-05,9.5,0.817291498184204,0.268144845962524,5.80237483518431e-05,40,"11","11",NA,NA,"globose_solitary/globose_caespitose","compact",0.150241802,1.36283989138022,0.249325681359102,0.814317427750827,0.233572956279734,0.971382813831881,0.160635384210625,0.890253873120854,687746.5909
"239","Echinocereus_rigidissimus",13,47,6,0.315093472599983,17.7500000000001,26.15,9.05000000000001,472.65,114.45,6.6,85,268.95,31.4,236.85,98.05,14.3,0.45,653.55,33.95,2.20000000000005,31.7,24.95,20.95,783.1,124.035,1284,3.92056620121002,0.000348061003023759,58,4.64013600349426,1.88674587011337,0.000380803714506328,30,"11","11",NA,NA,"globose_solitary","compact",0.145285939,0.562376255651468,0.209114567227893,0.38252673271059,0.203827988116726,0.776507919935785,0.0870536392592343,0.3691715234599,96609.38957
"240","Echinocereus_russanthus",14,42,4,0.243184484541416,18.9,26.65,10.15,366.8,75.25,9.05,78,201.05,33.5,181,38.35,13.6,0.442000007629395,646.1,33.65,3.15000000000003,30.6,25.45,14.35,627.7,127.295,1328.25,1.45236873626709,0.000115782077045878,20,1.64855772256851,0.606919258832932,0.000117921728815418,25,"11","11",NA,NA,"globose_solitary/globose_caespitose","compact",0.145491085,1.25959812522814,0.228938466940084,0.836683073539776,0.216873786488994,1.00100588284727,0.132750749182644,0.895464511155958,46758.41822
"241","Echinocereus_santaritensis",14,53,6,0.276735559105873,17.2500000000001,26.05,8.05000000000001,396.85,89.1,7.5,77.35,214.65,31.65,189.65,86.7,13.9,0.434000015258789,693.6,33.45,1.25000000000006,32.3,25.05,21.45,672.9,121.95,1337.5,1.50193482637405,0.000120346991025144,22.5,1.84551578760147,0.648469716310501,0.000143755423778202,30,"#N/A","#N/A",NA,NA,"globose_caespitose","compact",0.151017347,1.57524329041084,0.497721613828082,5.82389957451806,0.377441594195687,1.96529229768933,0.44549292349254,6.84656075562603,32995.64043
"242","Echinocereus_scheeri",12,37,4,0.596157878637314,20.95,25.45,15.15,947.4,257.75,8.15,103.15,624.4,34.55,489.25,118.4,14.1,0.542000007629395,431.7,33.35,7.35000000000002,26.2,24.65,21.4,1363.95,122.87,843.5,6.56190419197083,0.000584040826652199,128.75,10.6818323135376,3.76942348480225,0.000753849046304822,70,"11","11",NA,NA,"shrubby","arborescent",0.150854924,1.57473120560396,0.230842403543681,4.76920412783974,0.244903652786153,1.60189637988301,0.239752178245922,3.13508367498382,48616.6408
"243","Echinocereus_schereri",13,35,1,0.239586912095547,20.3,25.5,14.05,393.8,90.3,3.8,95.05,243.75,17.05,162.3,28.3,14.6,0.542000007629395,451.2,32.15,5.20000000000005,27,23.95,18.55,668.35,125.535,1539.25,6.55452799797058,0.000565621652640402,82.25,6.54440212249756,2.67916941642761,0.000534281105501577,22,"#N/A","#N/A",NA,NA,"globose_solitary","compact",0.150241802,1.3630331736526,0.301245834920426,1.52533760184153,0.291540063449101,1.16509526331193,0.268642992981825,1.33458914140422,96.15031889
"244","Echinocereus_schmollii",13,40,4,0.365366443991661,17.8500000000001,20.6000000000001,14.55,525.05,97.1,6.6,78.7,276.55,30.95,151.7,30.95,12.15,0.604999995231629,241.25,27.7,7.60000000000005,20.1,19.15,14.55,856.2,123.33,1864.25,7.81984424591064,0.000618332822341472,95.25,6.60930299758911,3.96013116836548,0.000710829393938184,25,"#N/A","#N/A","bee","ancestral","shrubby","arborescent",0.145775523,0.969363028476749,0.237721323138585,0.928670169739962,0.241217063736155,1.00753011952555,0.181030103559257,0.994608802250366,NA
"245","Echinocereus_sciurus",11,40,1,0.308798611164093,23.65,27.35,20.15,388.2,161.9,0.3,141.6,297.1,1.8,275.3,41.1,7.1,0.471000003814697,310.6,31.45,16.55,15,27.35,22.95,660,134.44,69,5.13527917861938,0.000248539901804179,35,3.22058773040771,1.88154935836792,0.000226892327191308,20,"#N/A","#N/A",NA,NA,"globose_caespitose","compact",0.151366857,1.55609478263814,0.275399892933537,2.6235157904727,0.267533148667611,1.35712251645217,0.250841929821983,1.7075842914447,NA
"246","Echinocereus_scopulorum",13,41,4,0.130189254879951,23.7,31.2500000000001,15.85,187.75,43.45,0.5,84,106.3,3.9,98.95,47.4,11.4,0.426500010490418,598.4,36.65,10.2500000000001,26.5,31.15,25.9,339.7,137.875,190.5,0.55901700258255,3.35392305714777e-05,8,0.749504953622818,0.12944033741951,3.26569042954361e-05,40,"#N/A","#N/A",NA,NA,"globose_solitary","compact",0.151366857,1.55626210098875,0.464709582443313,3.98120582326574,0.395083380944433,1.59934756364918,0.339189400258922,2.32812709991744,13667.62051
"247","Echinocereus_spinigemmatus",12,38,1,0.375520348548889,18.5,21.85,14,581.7,145.3,3.15,100,367.65,19.15,245.1,60,14,0.590000009536743,314.6,29.85,5.95000000000005,23.8,21.05,18.7500000000001,932.5,120.23,1777.25,4.98354458808899,0.000429633990279399,74.5,5.8972544670105,2.69138407707214,0.000421111442847177,30,"#N/A","#N/A",NA,NA,"globose_caespitose","compact",0.150363116,1.36282038234992,0.218127379447047,0.554372526817931,0.214288094994721,0.878738208587774,0.140820914956194,0.72920090351447,1677.813094
"248","Echinocereus_stolonifer",NA,NA,NA,NA,NA,NA,NA,NA,NA,NA,NA,NA,NA,NA,NA,NA,NA,NA,NA,NA,NA,NA,NA,NA,NA,NA,NA,NA,NA,NA,NA,NA,30,"#N/A","#N/A",NA,NA,"globose_caespitose","compact",0.142738715,0.539831801645417,0.20906097300408,0.382801059031015,0.203397462418936,0.774435924343936,0.0592948007305926,0.228584814532289,NA
"249","Echinocereus_stramineus",14,39,4,0.268689379096031,18.95,26.05,11.65,389.4,70.3,9,65.25,185.6,35.65,161.4,40.3,13.1,0.466499996185303,578.25,32.85,4.65000000000003,28,24.95,14.55,661.8,129.2,1310,0.866025388240814,6.50963811494876e-05,14,1.2100288271904,0.375009417533875,7.30228493921459e-05,45,"22","11=0.25_22=0.75","bee","ancestral","cushion_forming","compact",0.145880564,0.970485240358741,0.257082065348644,1.44287856397472,0.266802246138044,1.10745718644413,0.291344458616638,1.16051127768411,574946.1194
"250","Echinocereus_subinermis",12,36,4,0.608154475688934,21.7500000000001,25.95,16.5,971.95,260.45,7.75,104,644.5,33.5,497.55,110.4,13.6,0.551999998092651,397.1,33.2500000000001,8.95000000000005,25,25.15,22.2500000000001,1387.9,122.135,748.5,6.77250504493713,0.000572580611333251,136,11.5993704795837,3.88010919094086,0.000753507047193125,33,"#N/A","#N/A",NA,NA,"globose_solitary/globose_caespitose","compact",0.145316063,0.562556720910026,0.217271471568817,0.400793438173724,0.207485481390449,0.786885226923418,0.113723628325383,0.466302260586212,57762.36649
"251","Echinocereus_triglochidiatus",16,50,7,0.264372155070305,10.45,22.05,-1.24999999999994,295.65,39.7,12.7,33.95,104.9,45.6,71.9,65.1,12.8,0.345000004768372,897.85,30.2500000000001,-7.24999999999994,37.2,12.95,14.5,509.55,102.835,1880,2.05204892158508,0.000176323199411854,32,2.82885527610779,1.02029603719711,0.000196250191947911,40,"11","11","bird","derived","globose_caespitose","compact",0.151017347,1.57524329041084,0.497721623983139,5.82389957978333,0.377441594016594,1.96529216416396,0.44549292349254,6.84656075562603,708147.9115
"252","Echinocereus_viereckii",14,38,4,0.485434174537659,19.85,23.85,14.2500000000001,710.6,152.3,16,69.6,329.1,61.2,252.25,62.8,11.4,0.538499999046326,389.45,29.55,8.45000000000005,20.7,23.2500000000001,14.65,1096.2,122.67,1009.5,3.8717223405838,0.000269431591732427,55.5,4.6437246799469,1.98693370819092,0.000281208049273118,50,"#N/A","#N/A",NA,NA,"shrubby","arborescent",0.145880564,0.970485240358741,0.25401189189594,1.39166735005938,0.264061544788039,1.09808870960301,0.230280832211204,0.914152537940652,26957.8574
"253","Echinocereus_waldeisii",14.5,36,4,0.229031980037689,20.05,23.55,15.3500000000001,351.4,60.2,8.8,60.1,150.7,37.1,140.9,38.5,12.6,0.580000019073486,329.55,30.55,8.85000000000005,21.7,22.8500000000001,16.7,604.2,137.105,1337.25,3.60731652379036,0.00024787016081973,24.5,2.071607619524,1.5990914106369,0.000148652114148717,120,"#N/A","#N/A",NA,NA,"shrubby","arborescent",0.145285939,0.562376255651468,0.212369554973833,0.394748566631234,0.205369258923432,0.783093271566025,0.100995766912042,0.42214621468628,NA
"254","Echinocereus_websterianus",16,42,4,0.341802626848221,23.15,29.55,17.2500000000001,228.5,73.4,0.4,110,148.7,2.4,148.7,43.1,2.3,0.149000000953674,485.8,30.85,15.65,15.2,29.55,23.65,408.1,142.8,0,8.26868152618408,0.000670822919346392,48.5,2.99460935592651,5.23148393630981,0.000345161999575794,60,"#N/A","#N/A",NA,NA,"globose_caespitose","compact",0.151366857,1.5559156317455,0.275399891588858,1.28695775617955,0.267533146394645,1.09126943504087,0.250841929821983,1.34481038325922,2.980055177
"255","Echinopsis_ancistrophora",17,46,6,0.903802752494812,18.05,21.85,13,1189.55,244.05,6.45,90.95,666.55,25.4,620.45,30.15,9.6,0.511999988555908,349.55,26.15,7.15000000000003,18.9,21.7500000000001,13.05,1531.85,100.295,1104.5,4.68040060997009,0.000444527031504549,89,7.14130568504333,2.43544733524323,0.00056309814681299,NA,"#N/A","#N/A","bee, moth","derived","globose_solitary/globose_caespitose","compact",0.573539714,1.71342003758202,0.389106406702602,2.2653691726654,0.392009004661654,1.50821625913867,0.384404807817927,1.26728647434945,39431.09097
"256","Echinopsis_angelesiae",NA,NA,NA,NA,NA,NA,NA,NA,NA,NA,NA,NA,NA,NA,NA,NA,NA,NA,NA,NA,NA,NA,NA,NA,NA,NA,NA,NA,NA,NA,NA,NA,15,"#N/A","#N/A","moth","derived","shrubby","arborescent",0.468018243,0.972228560331638,0.295136178128508,2.55160788430797,0.281828713071785,1.35434618242918,0.176698892902658,1.90128023482149,NA
"257","Echinopsis_arachnacantha",14,47,6,0.656382650136948,16.35,18.35,13.6,791.2,155.4,13.4,73.3,401.8,44.8,379.95,44.8,8.5,0.642999982833862,194.35,22.15,9.05000000000001,13.2,18.3,13.6,1191.95,108.585,1900.25,6.14791417121887,0.000518569053383544,138.75,11.9028401374817,3.57061052322388,0.000680814497172832,2,"#N/A","#N/A","bee","ancestral","globose_solitary","compact",0.289155155,1.04843255927635,0.239794522841056,0.445081619101021,0.217094574819112,0.819375050483328,0.112617307645693,0.468225178538044,2504.144314
"258","Echinopsis_atacamensis",18,58,9,0.513599932193756,8.15000000000003,11.2500000000001,3.85000000000002,522.8,147.6,1.8,114.05,367.1,7.9,322.7,8.15,12.35,0.609000015258789,327.55,17.65,-3.39999999999998,20.3,11.2,4.25000000000006,784.4,105.47,3502.25,4.71264004707336,0.000340100581524894,98.75,8.0630931854248,2.53278970718384,0.000468567130155861,1000,"11","11","moth, bee, bird, bat","derived","arborescent","arborescent",0.090203961,0.610488995920172,0.219556787045308,0.42428418550306,0.207171353233077,0.778508096453768,0.0925446613354327,0.3357144050551,77684.64073
"259","Echinopsis_aurea",15,57,6,0.662971824407578,16.45,22.15,10.05,769,149.05,6.3,78.45,404.8,26.7,394.05,26.7,10.1,0.440999984741211,482.1,27.5,4.65000000000003,22.8,21.8,10.05,1144.8,114.085,847.25,1.22447896003723,0.000107168722024653,22.25,1.84541040658951,0.599973559379578,0.000121883640531451,10,"11","11","bee","ancestral","globose_solitary/globose_caespitose","compact",0.091034246,0.610514556512274,0.217679452290156,0.436033924246688,0.205332494282329,0.781397763986622,0.0811322988184536,0.375685824517179,70450.90997
"260","Echinopsis_backebergii",16,44,7,1.00468480587006,9.40000000000003,10.7,7.85000000000002,1019.7,220.6,8.4,85.7,561.8,32.5,356.7,35.25,10.05,0.721000003814697,86.15,15.95,1.50000000000003,14,10.3,7.95000000000005,1252.55,102.25,3604.5,7.68610239028931,0.00056261575082317,190.5,16.917160987854,4.43533945083618,0.000853738456498832,8,"#N/A","#N/A","bee","ancestral","globose_solitary/globose_caespitose","compact",0.104677584,0.66872467454901,0.214784249048716,0.395320291563509,0.204314052990202,0.777127117009761,0.0839451861799649,0.353976779761589,3576.253701
"261","Echinopsis_breviflora",15,47,7,1.53565460443497,8.95000000000005,10.95,6.25000000000006,1360.4,285.8,10.4,87.9,774.3,39.1,767.8,39.1,8.7,0.648000001907349,177.2,14.55,0.750000000000057,13.6,10.95,6.25000000000006,1313.5,93.735,3345,7.26721954345703,0.000655221054330468,212.5,18.0925540924072,4.62954998016357,0.00103346211835742,6,"#N/A","#N/A","bee","ancestral","globose_solitary","compact",0.091475497,0.612774692974102,0.327250649482331,0.744515516564968,0.313940510159755,1.08436581005335,0.226836505434694,0.724959553911016,1017.475746
"262","Echinopsis_caineana",15,49,6,0.516358137130737,14.5,16.15,12.65,682.3,156.5,3.5,92.5,391.4,13.7,215.8,13.7,12,0.692999982833862,130.15,22.15,4.75000000000003,17.3,15.05,12.65,1061.45,117.35,2849.25,6.97259759902954,0.00056198742822744,148,12.3946657180786,4.26423740386963,0.000728518352843821,29,"#N/A","#N/A","bee","ancestral","globose_solitary","compact",0.091217707,0.624485012124819,0.211762348111,0.392246512833885,0.203620962424924,0.774875388366394,0.0772121445446766,0.327490667802979,565.7480158
"263","Echinopsis_calochlora",15,61,6,0.836491793394089,25.55,27.15,22.95,1267.5,229.3,14.5,68.9,608,65.65,430.95,88.35,8.8,0.603999996185303,163.75,32.35,17.65,14.7,26.65,23.2500000000001,1667.05,137.865,202,0.780624747276306,5.93654931435594e-05,9,0.703708708286285,0.302506223320961,5.14088569616433e-05,3,"#N/A","#N/A","moth","derived","globose_solitary/globose_caespitose","compact",0.091475497,0.610514556512274,0.260499456668479,0.531522521614101,0.239046944159491,0.860013584915451,0.144772986009541,0.531133083323547,253343.8024
"264","Echinopsis_calorubra",14,50,6,0.720329165458679,14.1,15.95,11.65,846.1,178.8,5.45,87.5,463.8,21.4,390.8,21.85,10.2,0.681500005722046,164.7,20.65,4.95000000000005,15.95,15.65,11.7,1242.55,106.825,2549.25,6.58092641830444,0.000548464391613379,142,12.0320076942444,3.7986968755722,0.000673429225571454,7,"#N/A","#N/A","bee","ancestral","globose_solitary/globose_caespitose","compact",0.573539714,1.82507983427189,1.36400679579255,6.28899985605655,NA,NA,0.934079965646682,3.99965624633473,8594.879646
"265","Echinopsis_camarguensis",15,49,7,0.503191083669662,12.95,14.7500000000001,10.15,639.5,165.55,2,102.4,402.8,9.1,225.85,12,13.6,0.640499997138977,185.35,21.85,0.650000000000034,21.3,14.2500000000001,10.2500000000001,1007.6,109.495,3138,6.19696021080017,0.000601867272052914,134,11.2718029022217,3.51296734809875,0.000755716435378417,50,"#N/A","#N/A",NA,NA,"shrubby/columnar","arborescent",0.469848164,0.936389030525525,0.317019515440062,0.571372328336462,0.304019720311036,0.884450456049557,0.298758033219914,0.615358758444612,4912.517454
"266","Echinopsis_candicans",15,61,9,0.386028647422791,15.7500000000001,23.05,8.45000000000005,476.65,80.9,11.7,55.35,206.6,44.15,198.3,44.5,11.3,0.423999977111816,554.9,30.2,3.65000000000003,26.4,22.05,8.65000000000003,780.85,117.32,417.25,0.463512390851974,3.29508275171975e-05,5,0.399168938398361,0.136082492768764,3.1941326597007e-05,60,"#N/A","#N/A","moth","derived","shrubby","arborescent",0.479952736,0.971646957796684,0.435303248914268,2.35591963160421,0.371853618710499,1.31687978403898,0.444841438920315,1.20851679928599,624109.398
"267","Echinopsis_cardenasiana",NA,NA,NA,NA,NA,NA,NA,NA,NA,NA,NA,NA,NA,NA,NA,NA,NA,NA,NA,NA,NA,NA,NA,NA,NA,NA,NA,NA,NA,NA,NA,NA,9,"#N/A","#N/A","bee","ancestral","globose_solitary/globose_caespitose","compact",0.573539714,1.71342003758202,0.389106406367342,2.26536916762039,0.392009005245201,1.50821639224082,0.384404807817927,1.26728647434945,NA
"268","Echinopsis_chamaecereus",NA,NA,NA,NA,NA,NA,NA,NA,NA,NA,NA,NA,NA,NA,NA,NA,NA,NA,NA,NA,NA,NA,NA,NA,NA,NA,NA,NA,NA,NA,NA,NA,30,"11","10=0.33_11=0.67","bee","ancestral","shrubby","arborescent",0.113425028,0.63858006733169,0.869141580502449,2.25649477885489,0.449194041602708,NA,0.154282530342936,0.569423184859025,NA
"269","Echinopsis_chiloensis",15,56,7,0.494696065783501,13.95,18.65,9.15000000000003,561.55,133.35,2.2,103.3,358.35,9.6,10.1,345.5,10.9,0.494000005722046,426.55,25.55,3.95000000000005,23.1,9.55000000000001,18.55,826.6,103.775,677,5.1733615398407,0.000397126190364361,112.25,9.37796878814697,3.03670525550842,0.000611332739936188,800,"11","11","bee, moth, ento","derived","shrubby","arborescent",0.090203961,0.611778615285349,0.262167821244762,0.485610550701809,0.245440502793346,0.811553634322743,0.141347009631859,0.383691669739908,79347.84664
"270","Echinopsis_chrysantha",18,56.5,9,1.10326433181763,9.35000000000002,11.65,6.10000000000002,1172.2,322.25,3.3,114.8,830.95,13.2,830.95,13.2,11.3,0.678999996185303,222.4,16.95,0.0500000000000114,16.5,11.65,6.10000000000002,1281.85,106.68,3227.5,4.91768074035645,0.000416516690165736,100.75,8.48884677886963,2.7411025762558,0.000512155966134742,6,"#N/A","#N/A","bee","ancestral","globose_solitary","compact",0.091475497,0.612774692974102,0.327250650344663,0.744515519010892,0.313940507940397,1.08436600503896,0.226836505434694,0.724959553911016,197.7173256
"271","Echinopsis_chrysochete",16,50,6,0.86107262969017,10.3,12.2500000000001,7.55000000000001,919.8,216.1,4.6,97.4,566.8,19.55,483.4,20.45,11,0.663000011444092,179.8,17.35,0.700000000000045,16.7,12.15,7.65000000000003,1195.25,99.91,3259,6.28722834587097,0.000501315080327913,139.25,12.3206224441528,3.66102945804596,0.000747795245843008,NA,"#N/A","#N/A","bee","ancestral","globose_solitary/globose_caespitose","compact",0.573700701,1.82356017048383,0.487606262787857,4.13055013538098,0.434169070384038,1.66215643374902,0.683658836393374,2.65375193236527,14391.30005
"272","Echinopsis_cinnabarina",15,51,6,0.497686699032784,14.15,16.05,11.85,615.55,140.1,3,90.75,355.75,12.2,242.15,13.85,11.1,0.669000005722046,160.9,21.05,4.65000000000003,16.6,15.7500000000001,11.85,976.85,106.7,2592.25,6.61408257484436,0.000596741389017552,145.75,12.4016213417053,3.89535510540009,0.000720659678336233,15,"#N/A","#N/A","bee","ancestral","globose_solitary","compact",0.573700701,1.82356017048383,0.406681306971554,3.19938507475871,0.385677561308048,1.47338475872165,0.362508435421309,1.94385393368405,28974.85834
"273","Echinopsis_coquimbana",NA,NA,NA,NA,NA,NA,NA,NA,NA,NA,NA,NA,NA,NA,NA,NA,NA,NA,NA,NA,NA,NA,NA,NA,NA,NA,NA,NA,NA,NA,NA,NA,100,"#N/A","#N/A",NA,NA,"shrubby","arborescent",0.090203961,0.611778615285349,0.262167823577595,0.650992603594668,0.245440502536365,1.03317725102221,0.141347009631859,0.611014574218818,NA
"274","Echinopsis_densispina",16,51,6,0.871712535619736,9.95000000000005,12.15,6.85000000000002,967.85,221.8,7,99.55,609.15,22.95,523.2,22.95,11.4,0.657999992370605,219.45,17.45,-0.349999999999966,17.3,12.1,6.85000000000002,1275.5,107.27,3118,7.05542707443237,0.000467320292955264,178.75,16.0900497436523,4.43704986572266,0.00075404072413221,8,"#N/A","#N/A","bee","ancestral","globose_solitary","compact",0.091475497,0.612774692974102,0.306626015681125,0.670055908540189,0.287995188469438,0.99343300542635,0.214138402563326,0.687014290577822,578.395359
"275","Echinopsis_deserticola",16,69,9,0.0350543987005949,15.7500000000001,18.65,12.85,38.7,9.8,0.75,101.3,23.7,2.7,3.6,23.6,9.9,0.58899998664856,223.4,24.4,8.15000000000003,16.4,12.85,18.15,73.4,113.14,635.75,3.53884267807007,0.00024690170539543,56,4.80818891525269,1.85396981239319,0.000327461006236263,150,"#N/A","#N/A",NA,NA,"shrubby","arborescent",0.090203961,0.610488995920172,0.219556785144145,0.424463126146103,0.207171352089454,0.778563008239594,0.0925446613354327,0.386787318483701,35539.28823
"276","Echinopsis_ferox",17,55.5,9,0.602533310651779,8.65000000000003,11.35,4.85000000000002,688.2,198.5,1.5,113.35,466.3,6.2,270.15,8.8,13.6,0.653999996185303,229.1,18.05,-3.04999999999995,20.7,11,4.95000000000005,1012.5,112.82,3753.5,4.32967615127563,0.000335923774400726,73.75,5.9463529586792,2.30109167098999,0.000383472826797515,20,"#N/A","#N/A","bee","ancestral","globose_solitary","compact",0.573700701,1.82356017048383,0.487606263893303,4.13055013065112,0.434169070542928,1.66215622797794,0.683658836393374,2.65375193236527,95395.44287
"277","Echinopsis_formosa",19,64,9,0.282734125852585,6.05000000000001,8.95000000000005,2.35000000000002,294.55,91.05,3.4,122.4,215.9,10.3,122.65,15.3,13.5,0.678000020980835,267.2,16.15,-3.89999999999998,19.7,8.45000000000005,4.15000000000003,515.1,106.805,3867.25,3.01946783065796,0.000195993852685206,51.75,4.97227454185486,1.4612295627594,0.000190773200301919,150,"#N/A","#N/A","bee","ancestral","globose_caespitose/globose_solitary","compact",0.479952736,0.972228560331638,0.406131524340138,2.55160788661868,0.359985878848677,1.35434619434449,0.338720626392543,1.90128023482149,1890.02325
"278","Echinopsis_haematantha",15,50,6,0.303069710731506,14.55,18.2500000000001,10.2500000000001,376.7,97.5,2.5,101.2,241.3,10.2,241.3,10.2,11.9,0.6,322.8,23.15,3.25000000000006,19.9,18.2500000000001,10.2500000000001,642.7,115.9,1847,2.70416355133057,6.32604642305523e-05,17.5,1.54174637794495,0.780295491218567,0.000113474918180145,12,"#N/A","#N/A","bee","ancestral","globose_solitary/globose_caespitose","compact",0.091475497,0.612774692974102,0.306626013282488,0.670055907792094,0.287995188768278,0.99343272886659,0.214138402563326,0.687014290577822,NA
"279","Echinopsis_hahniana",15,62,9,1.06461119651794,23.65,27.15,19.45,1542.45,198.5,41.4,42.3,574.05,154.15,537.45,248.5,9,0.519000005722046,311.1,32.15,14.85,17.3,26.85,19.55,1882.1,142.215,129,0.726184368133545,4.99368379678344e-05,9,0.788309037685394,0.263845354318619,4.93556472065393e-05,75,"#N/A","#N/A","moth","derived","columnar","arborescent",0.446964363,0.962238467591503,0.978729680243787,5.30155731103101,0.508436685186814,NA,0.513592233339137,2.96727894563387,972.2485517
"280","Echinopsis_hertrichiana",NA,NA,NA,NA,NA,NA,NA,NA,NA,NA,NA,NA,NA,NA,NA,NA,NA,NA,NA,NA,NA,NA,NA,NA,NA,NA,NA,NA,NA,NA,NA,NA,6,"#N/A","#N/A","bee","ancestral","globose_solitary/globose_caespitose","compact",0.571823837,1.82427668992071,0.35467299610206,2.25672498549509,0.343839110877372,1.2940997315181,0.273211459989971,1.46695117620912,NA
"281","Echinopsis_huascha",16,60,9,0.282308876514435,18.7500000000001,23.65,12.8,382.6,87,3.4,93.75,219.75,13.55,219.35,13.55,10.8,0.476999998092651,444.75,28.7500000000001,6.15000000000003,22.55,23.6,12.8,648.95,114.695,1070.75,0.780624747276306,5.49550968571566e-05,17,1.678158223629,0.310782015323639,5.93947024754016e-05,100,"#N/A","#N/A","bee","ancestral","shrubby","arborescent",0.479952736,0.972817163674638,1.01996115978553,5.019601939082,0.489270490587919,1.89457906293272,0.966500370103269,3.42928535139635,32798.64281
"282","Echinopsis_lageniformis",13,46,6,0.539618313312531,16.35,17.95,14.05,681.75,136.5,7.7,78.1,352.65,27.6,324,27.6,10,0.68899998664856,158.1,22.85,8.25000000000006,14.5,17.85,14.05,1060.8,110.96,2248.5,6.68457889556885,0.000618816644418985,149.5,12.3581829071045,3.76461255550385,0.000811240053735673,500,"#N/A","#N/A","moth","derived","arborescent","arborescent",0.090147342,0.611544248932797,0.340356025110508,1.04671340604378,0.34088916298227,1.38012041906961,0.106469526503119,0.446236430141925,183.1759736
"283","Echinopsis_lateritia",16,50.5,6,0.509641021490097,12.95,14.85,10.2,646.75,164.3,2,102.1,404.2,9.4,226.95,12,13.6,0.640000009536743,185.35,21.7500000000001,0.750000000000057,21.3,14.45,10.35,1016.8,109.66,3076.75,6.34519791603088,0.000556186132598668,119.5,9.91484546661377,3.4772537946701,0.000733671273337677,NA,"#N/A","#N/A","bee","ancestral","globose_solitary","compact",0.573700701,1.77632330950274,0.369411292987268,2.08424682906078,0.368824959946719,1.38923240586279,0.362778853670304,1.34550516195209,6159.948932
"284","Echinopsis_leucantha",16,61,9,0.421066015958786,16.35,23.35,9.35000000000002,522.25,92.65,8,70.3,239.5,32.3,234.4,32.45,11.1,0.432999992370605,544.4,30.65,3.85000000000002,25.8,22.7500000000001,9.45000000000005,846.35,119.415,470.5,0.463512390851974,3.19007722282549e-05,6,0.519458174705505,0.13525103777647,3.26694425893947e-05,35,"11","11","moth, bee, bird","derived","globose_solitary/globose_caespitose","compact",0.090158078,0.611701628189048,0.222737485805672,0.431643462169572,0.208567369113187,0.793288847888356,0.102986924817284,0.438947962425209,611563.9863
"285","Echinopsis_mamillosa",15,48,6,0.78446701169014,14.15,16.7500000000001,10.85,933.8,194.35,3.8,91.95,530,15.8,496.65,15.85,10.1,0.607999992370606,237.3,20.7500000000001,4.20000000000005,16.85,16.65,10.85,1310.6,98.98,2178.5,6.9953887462616,0.000599460297962651,178,15.4949331283569,4.20094633102417,0.000906493165530264,30,"11","11","moth, bee","derived","globose_solitary","compact",0.091217707,0.624485012124819,0.211762347347895,0.392246513041112,0.203620962210702,0.774875404255403,0.0772121445446766,0.327490667802979,10935.7041
"286","Echinopsis_marsoneri",17,53,7,0.848268747329712,8.25000000000006,10.55,5.05000000000001,889.3,235.6,2.15,108.8,595.75,10,481.3,10,12.2,0.665999984741211,216.55,16.55,-1.84999999999997,18.25,10.35,5.05000000000001,1217.8,100.13,3808.25,4.53069949150085,0.000396013958379626,87,7.43487882614136,2.53996324539185,0.000516387081006542,8,"#N/A","#N/A",NA,NA,"globose_solitary","compact",0.090460536,0.610273913234854,0.209811984043259,0.389860977756022,0.203149848812325,0.772657263953821,0.063251930020719,0.23719247329306,876.5429942
"287","Echinopsis_maximiliana",16,44,7,1.47091978788376,7.35000000000002,8.75000000000006,5.55000000000001,1371.45,298.85,10.4,84.2,749.15,47.3,411.15,51,10.25,0.707999992370606,114.45,13.65,-1.84999999999997,14.35,8.15000000000003,5.75000000000006,1166.5,100.51,3988.25,5.07335305213928,0.000375214047380723,105.5,9.04790639877319,2.85127580165863,0.000487993223941885,20,"#N/A","#N/A","bird","derived","globose_caespitose/columnar","both",0.571823837,1.82457053429174,0.53331161711313,5.19358972184302,0.475960157920108,1.8982906916156,0.647239704968022,3.14654907793178,93173.4824
"288","Echinopsis_mirabilis",15,59,7,0.32766854763031,19.7500000000001,26.15,12.7500000000001,461.7,97.55,3.4,81.8,254.1,15.2,254.1,15.2,11,0.432999992370605,532.45,32.45,6.70000000000005,25.25,26.05,12.7500000000001,767.5,130.375,427,0.330718904733658,2.45268574872171e-05,3,0.180392995476723,0.073557622730732,2.26808033403358e-05,15,"#N/A","#N/A","moth","derived","globose_solitary","compact",0.090158078,0.611701628189048,0.211984825882269,0.394801124537996,0.203626954586186,0.775558629081761,0.0806030269430038,0.350886334469933,49169.42415
"289","Echinopsis_obrepanda",15,49,6,0.618800312280655,13.65,15.2500000000001,11.2500000000001,753.15,166.65,3.9,90.15,430,15.85,292.85,17.15,11,0.669999980926514,148.5,20.55,3.65000000000003,16.6,14.85,11.2500000000001,1146.5,105.715,2811.25,6.83910799026489,0.000587966584134847,159.25,13.8020329475403,4.02133417129517,0.00076738020288758,7,"#N/A","#N/A","bee","ancestral","globose_solitary/globose_caespitose","compact",0.573539714,1.82507983427189,0.463712569538462,3.97576113360648,0.316024369918688,1.20747872232195,0.473733759188078,2.03153770138078,40249.29429
"290","Echinopsis_oligotricha",NA,NA,NA,NA,NA,NA,NA,NA,NA,NA,NA,NA,NA,NA,NA,NA,NA,NA,NA,NA,NA,NA,NA,NA,NA,NA,NA,NA,NA,NA,NA,NA,NA,"#N/A","#N/A","bee","ancestral","globose_solitary","compact",0.573539714,1.82463701193674,0.337535056444896,1.90055448050936,0.316024369024549,1.20747846453005,0.318136067509686,1.40358767660098,NA
"291","Echinopsis_oxygona",14,42,7,1.1304914355278,19.15,24.55,13.65,1453.55,174.45,60.25,28.1,466,213.9,401.8,214.4,9.1,0.432999992370605,428.75,30.35,8.95000000000005,21,21.95,14.45,1816.65,121.23,70,0.661437809467316,5.55955612071557e-05,7.5,0.594105511903763,0.26494488120079,5.50063214177499e-05,30,"#N/A","#N/A","moth","derived","globose_caespitose","compact",0.091475497,0.610514556512274,0.260499453117704,0.531522522148581,0.239046943371665,0.860012838029744,0.144772986009541,0.531133083323547,445945.4791
"292","Echinopsis_pachanoi",16,42,6,1.50202929973602,15.3,15.7500000000001,14.4,1654.4,240.55,58.75,35.7,626.5,206.2,537.4,237.9,7.6,0.779500007629395,62.55,20.3,10.2,9.9,15.65,14.65,1595.35,102.385,2092.25,7.16368269920349,0.000493873580126092,166,14.5142307281494,4.15782141685486,0.000704003003193066,600,"#N/A","#N/A","moth","derived","columnar","arborescent",0.090147342,0.611544248932797,0.340356046355349,1.04671340622313,0.34088911799133,1.38012081132487,0.106469526503119,0.446236430141925,127758.3202
"293","Echinopsis_pentlandii",16,47,7,1.02708357572556,8.65000000000003,10.2500000000001,6.45000000000005,1050.15,245.35,7.15,90.6,597.2,29.55,311.35,34.7,11.7,0.671999979019165,147.3,15.15,-1.94999999999999,17.3,9.55000000000001,6.45000000000005,1200.6,107.87,3861,3.58708608150482,0.000271616023383103,61.25,4.97837018966675,2.13678455352783,0.000301300111459568,NA,"#N/A","#N/A","bee","ancestral","globose_caespitose","compact",0.573700701,1.82357848949442,0.414420062275751,3.03926888308446,0.390926092031957,1.44337013690944,0.491542096865486,1.47015174809469,74062.68222
"294","Echinopsis_pugionacantha",16,50,6,0.517384052276611,12.05,13.7500000000001,9.65000000000003,637.5,162.45,2.1,101.7,394.7,9.05,224.65,13,12.9,0.655000019073486,171,20.4,1.15000000000003,19.8,13.4,9.75000000000006,1005.05,109.13,3284,6.13503527641296,0.000575857702642679,119.5,9.66867017745972,3.5077211856842,0.000691421184455976,15,"#N/A","#N/A","bee","ancestral","globose_solitary/globose_caespitose","compact",0.573700701,1.77632330950274,0.369411293511299,2.08424681335718,0.368824959778023,1.38923249749027,0.362778853670304,1.34550516195209,13727.75168
"295","Echinopsis_rojasii",14,47,6,0.630737394094467,16.95,19.05,14.15,767.95,155.35,11.9,77.05,396.35,40.8,366.55,41,9.5,0.653500008583069,207.4,23.45,8.90000000000003,14.6,18.95,14.15,1164.85,111.32,1787.75,6.88051962852478,0.000562122266273946,143,12.3274507522583,3.81794917583466,0.000718827126547694,NA,"#N/A","#N/A","bee","ancestral","globose_solitary/globose_caespitose","compact",0.573539714,1.82507983427189,1.36400679680338,6.28899985408895,NA,NA,0.934079965646682,3.99965624633473,8485.766897
"296","Echinopsis_rowleyi",16,51,6,0.740843564271927,13.95,18.6,8.25000000000006,778.7,161.9,6.8,82.3,420.15,27,419.35,27,9.9,0.480999994277954,416.55,22.95,2.65000000000003,20.4,18.55,8.30000000000004,1149.25,98.12,1534,5.14838361740112,0.000425146979978308,99.75,8.19877862930298,2.48752629756927,0.000587929942412302,100,"#N/A","#N/A","bee","ancestral","shrubby","arborescent",0.479952736,0.972817163674638,0.669690180694912,3.86619457354109,0.432421813019968,1.62215765806719,0.626369202150732,2.22704802454115,4704.131133
"297","Echinopsis_saltensis",17,54,6,0.609737873077393,11.85,15.1,7.45000000000005,670.1,173.4,3,105.8,439.9,11.6,426.65,11.6,11.5,0.577500009536743,324.55,20.05,0.750000000000057,19.5,15,7.45000000000005,986.4,105.445,2487,5.4870011806488,0.000379187113139778,106.25,8.47292232513428,2.90926110744476,0.000521864421898499,12,"11","11","bee","ancestral","globose_solitary/globose_caespitose","compact",0.113425028,0.63858006733169,0.869141343207061,2.25649477724839,0.449194040853735,NA,0.154282530342936,0.569423184859025,9525.128733
"298","Echinopsis_schickendantzii",16,48,6,0.942192703485489,14.15,16.8,10.4,1066.75,221.95,7.4,86.55,593.05,29.55,568.95,30.85,10,0.579500007629395,263.45,20.95,4.15000000000003,17,16.7500000000001,10.45,1296.1,97.405,2134,6.85722088813782,0.000587464397540316,159.75,13.7568292617798,4.00011706352234,0.000772565428633243,25,"#N/A","#N/A","moth, bee","derived","shrubby","arborescent",0.446964363,0.962238467591503,0.97872968006879,5.3015573093006,0.508436685105222,NA,0.513592233339137,2.96727894563387,53877.2692
"299","Echinopsis_schieliana",15,45,7,1.04308325052261,13.8,14.8,12.2500000000001,1171.4,203.15,32.35,55.1,519.6,116.4,461.7,120.1,8.5,0.746999979019165,99.55,18.55,7.05000000000004,11.4,14.75,12.35,1496.45,97.355,2448,8.15618848800659,0.00047007757530082,273.75,24.2768630981445,4.34230256080627,0.000728332030121237,4.5,"#N/A","#N/A","bee","ancestral","globose_caespitose","compact",0.571823837,1.82457053429174,0.533311618993172,5.19358973238853,0.475960158240778,1.89829068440635,0.647239704968022,3.14654907793178,210.9221301
"300","Echinopsis_spiniflora",15,57,7,0.472551494836807,19.85,25.8,12.7500000000001,655.95,128.85,5.6,78,332,22.55,330.75,22.55,10.5,0.438000011444092,506.3,31.65,6.85000000000002,24,25.7500000000001,12.7500000000001,1028.5,124.24,397.25,0.496078372001648,3.32446707034251e-05,6.5,0.573625922203064,0.121675044298172,3.3353409889969e-05,NA,"#N/A","#N/A",NA,NA,"globose_solitary","compact",0.090158078,0.611614322478555,0.20931730077402,0.383773610369754,0.203075611085548,0.773068219935686,0.0672137115215908,0.292715710919525,60373.87443
"301","Echinopsis_strigosa",16,64,9,0.167956054210663,17.45,23.2500000000001,10.15,214.85,47.45,2.6,88.65,124.3,11.3,124.1,11.3,11.35,0.469000005722046,514.7,29.15,3.65000000000003,24.8,23.15,10.15,385.45,117.045,1046,0.70710676908493,5.12432307004929e-05,14,1.33706623315811,0.250528290867805,4.85406271764077e-05,60,"#N/A","#N/A","moth","derived","shrubby","arborescent",0.479952736,0.972817163674638,1.01996116252703,5.01960193177897,0.48927049060842,1.8945791162126,0.966500370103269,3.42928535139635,97607.16153
"302","Echinopsis_tacaquirensis",16,51,6,0.495878323912621,12.35,14.1,10.05,604.9,152.55,2.15,100,372.5,8.55,201.65,11.7,12.35,0.65,162.65,20.2,1.55000000000001,18.8,13.7,10.1,963,108.345,3192.5,6.16361260414124,0.000548730749869719,115.25,9.77166748046875,3.52799487113953,0.000647483742795885,250,"#N/A","#N/A","moth","derived","shrubby","arborescent",0.091355357,0.625436896863535,0.213209311134063,0.396327439739453,0.204018239067483,0.776341538026087,0.0828835637487383,0.350869921640081,20914.14535
"303","Echinopsis_tarijensis",16,50,7,0.665487289428711,9.75000000000006,11.85,6.95000000000005,747.7,189.7,3.2,96,456.5,12.8,253.55,14.55,12.3,0.665000009536743,162.9,17.9,-1.54999999999995,18.4,11.35,7.05000000000001,1080.45,107.745,3686.5,5.30587077140808,0.000436664442531765,104.75,8.85666418075562,3.0704687833786,0.000550915050553158,500,"#N/A","#N/A","bee","ancestral","columnar","arborescent",0.446964363,0.945301348348255,0.312625010159046,1.5142834955643,0.293789690384866,1.17037076785957,0.215091351969187,1.20070405154517,92347.09122
"304","Echinopsis_tegeleriana",16,49,7,0.99102908372879,5.55000000000001,6.50000000000003,4.50000000000003,932.35,190.2,9.55,85,535.6,40.85,513.1,41.8,11.8,0.775,88.9,12.95,-1.94999999999999,15.4,6.45000000000005,4.50000000000003,1001.9,98.085,3974,5.05883288383484,0.000346212444128469,110,9.77787256240845,2.9498496055603,0.000488605379359797,9,"#N/A","#N/A","bee","ancestral","globose_solitary/globose_caespitose","compact",0.571823837,1.82457053429174,0.383282466151881,3.36357488608959,0.375157573071736,1.49972130568771,0.388745765437514,1.97120086223714,2223.06368
"305","Echinopsis_terscheckii",16,54,7,0.561540424823761,15.85,19.95,10.8,655.5,160.05,3.8,95.35,412,14.55,381.2,15.65,10.3,0.504500007629395,379.65,24.45,4.75000000000006,20.1,19.95,10.8,955.45,105.345,1490.5,3.87981748580933,0.000289178176899441,63.25,5.41892576217651,1.98157799243927,0.000354663090547547,1200,"#N/A","#N/A","bee, bird, moth, ento, bat","derived","arborescent","arborescent",0.090203961,0.611778615285349,0.234994317731776,0.650992604357065,0.217124405552241,1.03317772280525,0.0945421462355807,0.611014574218818,175151.5002
"306","Echinopsis_thelegona",16,49,6,0.578735530376434,18.35,22.45,13.15,729.05,177,3.6,105.2,454.7,11.55,386.45,12.9,10.1,0.501999998092651,382.4,27.05,7.15000000000003,20,22.45,13.15,1118.6,104.24,1000,2.86921811103821,0.0002401333549642,37,3.124840259552,1.28537291288376,0.000261253051576205,200,"11","11","bee, moth","derived","shrubby","arborescent",0.469848164,0.950728846492288,0.317019514512981,0.944372702293649,0.304019720239187,1.01723944689909,0.298758033219914,0.828945352092599,10991.21776
"307","Echinopsis_thelegonoides",17,45,6,1.21978360414505,15.65,19.55,11.05,1420.75,309.9,8.7,98.1,859.85,30.35,841,30.7,9.15,0.48899998664856,363.85,23.6,5.55000000000001,18.1,19.55,11.05,1712.9,91.51,1441,5.5761706829071,0.00047946120321285,120.75,10.4948048591614,3.18534588813782,0.000651836220640689,600,"#N/A","#N/A","moth","derived","arborescent","arborescent",0.446964363,0.962238467591503,0.896774416532172,5.1268068472375,0.488791455509165,1.15189761565326,0.280648745523334,1.68165527318357,1537.60858
"308","Echinopsis_thionantha",17,56,9,0.511208266019821,11.8,15.05,7.65000000000003,580.6,152.45,2.3,105.3,381.6,9.5,368.8,9.5,12.1,0.605999994277954,309.8,20.35,0.550000000000011,19.8,15.05,7.65000000000003,868.65,106.56,2543.75,4.70680665969849,0.000347679204423912,75.75,6.06514453887939,2.27094173431396,0.000412747889640741,12,"#N/A","#N/A","bee, ento","derived","globose_solitary","compact",0.090158078,0.611609615068188,0.210096227556325,0.38711542045567,0.203204398928533,0.773739500500934,0.0724286327201251,0.316758872494185,20119.70596
"309","Echinopsis_tiegeliana",14,56,6,0.580652862787247,14.65,17.05,11.35,701.95,156.4,1.9,98.7,421.15,7.8,421.15,7.8,10.4,0.625,238.85,21.05,4.45000000000005,16.6,17,11.35,1085.65,105.265,2159.25,4.39992904663086,0.000364483130397275,77.5,5.94314813613892,2.18749248981476,0.000451222120318562,6,"#N/A","#N/A","bee","ancestral","globose_solitary/globose_caespitose","compact",0.556488602,1.5240821567394,0.265469137108754,0.57626546633744,0.238188765060889,0.887590158579884,0.151099718744934,0.61869386009853,1686.199836
"310","Echinopsis_vasquezii",15,47,6,2.03638195991516,11.05,12.7,8.65000000000003,1900.95,336.8,36,67.9,912.85,117.3,858.8,117.3,7.6,0.642000007629395,166.7,16.1,4.45000000000005,11.7,12.65,8.65000000000003,1441.95,103.48,3085,6.99720549583435,0.000503337651025504,149.25,12.9787149429321,3.93636178970337,0.000595560966758057,80,"#N/A","#N/A","moth","derived","shrubby","arborescent",0.437718175,0.933171738722347,0.236482617809397,0.640544745898825,0.215095056628945,0.914846847818355,0.119320545894539,0.635237333460725,473.7883661
"311","Echinopsis_volliana",15,47,7,0.670377671718597,13.2500000000001,14.85,11.2,823.45,185.25,4.6,89,465.55,17.85,261.8,17.85,12.35,0.667999982833862,137.9,21.05,2.30000000000004,18.4,13.7500000000001,11.2500000000001,1209.15,111.46,3187.75,6.48010730743408,0.000560340558877215,140.25,12.061981678009,3.82168936729431,0.000719713018042967,NA,"#N/A","#N/A","moth","derived","shrubby/columnar","arborescent",0.446964363,0.945301348348255,0.312625010749675,1.51428349773381,0.29378969033526,1.17037094805646,0.215091351969187,1.20070405154517,3670.050246
"312","Echinopsis_walteri",NA,NA,NA,NA,NA,NA,NA,NA,NA,NA,NA,NA,NA,NA,NA,NA,NA,NA,NA,NA,NA,NA,NA,NA,NA,NA,NA,NA,NA,NA,NA,NA,16,"#N/A","#N/A","bee, moth, ento","derived","globose_caespitose","compact",0.113425028,0.835186696914049,0.21155680581769,0.411313710649283,0.203510291823517,0.790276239065708,0.0784839076403817,0.377983786233152,NA
"313","Echinopsis_yuquina",15,51,6,0.61070790886879,11.45,13.2500000000001,9.05000000000001,700.7,159.85,3.85,94.45,415.5,15.8,362.55,16.7,11.75,0.658500003814697,169,18.85,1.00000000000003,17.85,13.05,9.15000000000003,1084.15,97.045,3234.5,4.88620519638062,0.000397857002099045,61,5.12095737457275,2.04604911804199,0.00040047979564406,15,"#N/A","#N/A","bee","ancestral","globose_caespitose","compact",0.091355357,0.625436896863535,0.21320930997915,0.396327439480741,0.204018237722362,0.776341518196685,0.0828835637487383,0.350869921640081,1.524809535
"314","Epiphyllum_baueri",15,42,4,3.21531629562378,25.35,25.85,25.05,3356.75,549.35,45.3,50.9,1314.25,197.45,800.6,1196.6,4.6,0.784000015258789,28.55,28.45,22.85,5.85,25.15,25.5,2498.8,120.42,136.5,3.74478435516357,0.000331943228957243,61.75,5.12720990180969,1.96462672948837,0.000385686711524613,NA,"#N/A","#N/A",NA,NA,"Epiphytic","arborescent",0.202748451,0.769053748855832,0.264485967320967,0.542668259950387,0.23987071820277,0.854400711458014,0.179510193458545,0.563404049319519,9527.683626
"315","Epiphyllum_cartagense",15,38.5,4,3.14043581485748,20.35,21.15,19.6,3769.95,512.6,80.75,52.45,1427.35,278.9,838.3,681.05,7,0.701999998092651,61.7,26.05,16.15,10,20.2500000000001,20.35,2234.3,113.58,1078.25,5.49979662895203,0.00041018430783879,119.5,10.4036068916321,2.92897164821625,0.00059089667047374,200,"#N/A","#N/A",NA,NA,"Epiphytic","arborescent",0.202748451,0.769507526436718,0.283146012354864,0.601597159608355,0.259552574216589,0.909483366309197,0.220607563828514,0.715271225128454,17058.60308
"316","Epiphyllum_hookeri",14,40,4,1.32112830877304,24.95,26.2500000000001,22.85,1793.4,312.25,31.45,63.5,839.4,114.95,445.65,204.7,8,0.627500009536743,130.85,30.85,18.7500000000001,13.25,25.45,24.45,1992.9,129.085,231,2.826700091362,0.000195141830772627,31.75,2.36932408809662,1.14296102523804,0.00019504166994011,75,"11","11",NA,NA,"Epiphytic","arborescent",0.202748451,0.769507526436718,0.356460875876991,0.920921300479091,0.351748477678055,1.25189423573354,0.327300307932394,1.07386467555446,921314.8713
"317","Epiphyllum_oxypetalum",14,40,4,1.57340657711029,23.55,25.55,21.05,2152.3,370.15,40.7,69.3,987.55,147.1,552.1,186,8.3,0.58600001335144,172.6,30.7500000000001,16.45,14.4,24.55,22.65,2098.5,128.03,606,3.95752775669098,0.000320451756124385,56.75,4.48045778274536,1.97411751747131,0.000312516509438865,300,"#N/A","#N/A","moth","derived","Epiphytic","arborescent",0.202748451,0.768952288666902,0.280995310941281,0.640888900423247,0.259406576637783,0.957560455927035,0.195480374859442,0.750072863876761,139160.0301
"318","Epiphyllum_phyllanthus",15,45,6,1.48216581344604,24.2500000000001,25.45,22.85,2005.05,310.75,52.85,54.05,870.95,193.55,553.35,308.5,7.6,0.718499994277954,72.8,29.65,18.7500000000001,10.5,24.55,23.15,2107.2,120.66,278.75,1.68400979042053,0.000150498730363324,19.5,1.48749941587448,0.69233363866806,0.000137892362545244,250,"11","11","moth","derived","Epiphytic","arborescent",0.202748451,0.769507526436718,0.356460872258639,0.920921302553922,0.351748477321236,1.25189412686847,0.327300307932394,1.07386467555446,1658695.228
"319","Epiphyllum_pumilum",14,40,4,1.503278195858,21.7500000000001,23.6,19.35,2096.4,358.45,49.05,65.05,917.55,172.4,542.7,240.65,8.8,0.602500009536743,168.5,29,14.85,14.6,22.7500000000001,21.2,2132.65,127.27,822.75,4.84606790542603,0.000398744625272229,78.25,6.55824184417725,2.53457891941071,0.000381381658371538,500,"#N/A","#N/A",NA,NA,"Epiphytic","arborescent",0.202748451,0.768952288666902,0.280995306837726,0.640888898772892,0.259406575869345,0.957560375938198,0.195480374859442,0.750072863876761,32669.97193
"320","Epiphyllum_thomasianum",14,39,4,1.56203591823578,23.95,25.2,22.2500000000001,2077.9,343.45,35.25,64.5,924.9,133.7,495.85,267.1,7.6,0.63899998664856,101.1,30.2500000000001,18.2500000000001,12.4,24.2500000000001,23.65,2094.65,126.525,475.75,4.44189620018005,0.00035549356834963,74.75,6.16397762298584,2.36269068717957,0.00040057314618025,500,"#N/A","#N/A",NA,NA,"Epiphytic","arborescent",0.202748451,0.768952288666902,0.248516729772934,0.533316481982944,0.225101267224273,0.846851629872449,0.115412342704242,0.557629435103483,304718.9627
"321","Epithelantha_bokei",15,39,4,0.247432693839073,19.15,26.15,11.15,371.25,63.7,9.5,62.8,170.65,35.9,168.7,37.8,13,0.478999996185303,553,32.5,4.45000000000005,26.6,25.7500000000001,12.55,634.45,125.955,1155.25,2.60518848896027,0.000217683322262019,34.25,2.7409702539444,1.21352875232697,0.000202993651328143,3,"#N/A","#N/A",NA,NA,"globose_solitary","compact",0.038688072,0.556852865377484,0.209939040484588,0.392440367626751,0.20335838088629,0.773853891305267,0.0615591939726548,0.243638169886439,52463.37111
"322","Epithelantha_micromeris",14,40,4,0.25133889913559,18.35,26.55,9.95000000000005,370.55,64.25,9.4,63.5,172.4,37.5,154.5,43.7,13,0.438000011444092,653.9,33.05,4.05000000000001,28.8,24.95,13.7500000000001,633.4,129.365,1246,0.780624747276306,5.93120130361058e-05,13,1.14516884088516,0.320900127291679,6.33334602753166e-05,9,"11","11","bee","ancestral","globose_solitary/globose_caespitose","compact",0.038688072,0.556852865377484,0.209939045473541,0.392440367856468,0.203358355051844,0.773853961760343,0.0615591939726548,0.243638169886439,639644.3693
"323","Eriosyce_aspillagae",13,54,6,0.471865087747574,14.95,20.55,9.45000000000005,606.6,146.8,0.8,106.7,398.4,5.6,5.6,372,12.3,0.498000001907349,437.8,29.35,4.75000000000006,24.6,9.95000000000005,20.55,965.2,109.68,125,0.526634335517883,3.87702857551631e-05,5.5,0.498835504055023,0.195858120918274,4.79857553727925e-05,NA,"#N/A","#N/A",NA,NA,"globose_solitary","compact",0.538687671,0.811857429774799,0.271361221467865,0.44470263685585,0.292041409653322,0.816539845427093,0.292382795818832,0.52984363763155,NA
"324","Eriosyce_aurata",15,59,9,0.218697369098663,14.35,18.55,9.65000000000003,258,74.45,2.7,101.65,156.1,9.85,10.7,155.5,10.6,0.507999992370605,380.8,24.45,4.15000000000003,21.6,10,18,456.6,106.3,1173.75,5.4939591884613,0.000455825254903175,131.5,11.0848846435547,3.25246512889862,0.000707434373907745,100,"#N/A","#N/A","bee","ancestral","barrel","compact",0.078459719,0.340157042237786,0.297384443569636,0.50275947031977,0.286239424148187,0.849478503223773,0.19325091011667,0.344882641412813,44524.79198
"325","Eriosyce_bulbocalyx",14,65,9,0.224772736430168,18.2,24.65,10.7500000000001,302.8,71.85,2.8,90,179.35,12,179.35,12,10.5,0.431500005722046,556.05,30.05,4.85000000000002,24.9,24.65,10.7500000000001,528.55,117.545,689.75,0.496078372001648,3.12655320158228e-05,9,0.800342559814453,0.154478058218956,3.39286234520841e-05,20,"#N/A","#N/A",NA,NA,"globose_solitary","compact",0.276970079,0.569550664305461,0.266618571662519,0.428756427971832,0.241593770806527,0.78252933889368,0.128990809797572,0.252338317033443,7207.804226
"326","Eriosyce_calderana",NA,NA,NA,NA,NA,NA,NA,NA,NA,NA,NA,NA,NA,NA,NA,NA,NA,NA,NA,NA,NA,NA,NA,NA,NA,NA,NA,NA,NA,NA,NA,NA,NA,"#N/A","#N/A",NA,NA,"globose_solitary","compact",0.57012189,0.958663955120573,0.623863360694675,0.710661475595422,0.364290606061978,0.937220890197712,0.547187715659579,0.926313845053302,NA
"327","Eriosyce_chilensis",NA,NA,NA,NA,NA,NA,NA,NA,NA,NA,NA,NA,NA,NA,NA,NA,NA,NA,NA,NA,NA,NA,NA,NA,NA,NA,NA,NA,NA,NA,NA,NA,NA,"#N/A","#N/A","bee","ancestral","globose_solitary","compact",0.09720919,NA,0.39349378554671,NA,0.385714755833501,NA,0.150783112447449,NA,NA
"328","Eriosyce_confinis",16,74,9,0.0263331914320588,15.65,18.85,12.7500000000001,31.25,9.5,0.2,128.35,24.3,0.8,1.5,24.3,11.3,0.598999977111816,241.35,25.85,7.20000000000005,18.8,12.7500000000001,18.35,59.4,113.62,287.75,1.82752394676208,0.000111486999230692,32.5,2.75612545013428,0.938692390918732,0.000128051433421206,NA,"#N/A","#N/A",NA,NA,"globose_solitary","compact",0.57012189,0.959545543681643,1.84824530624121,2.13214077603126,0.450063545149845,1.32750245877515,0.850857273952235,1.4825244971907,2963.488163
"329","Eriosyce_crispa",NA,NA,NA,NA,NA,NA,NA,NA,NA,NA,NA,NA,NA,NA,NA,NA,NA,NA,NA,NA,NA,NA,NA,NA,NA,NA,NA,NA,NA,NA,NA,NA,15,"#N/A","#N/A",NA,NA,"globose_solitary","compact",0.568926732,0.956768491308392,0.469942424734068,0.591251048866753,0.346905077181453,0.893456019328883,0.393432972521863,0.686205742759875,NA
"330","Eriosyce_curvispina",16,53,7,0.638636767864227,13.2500000000001,18.2500000000001,7.85000000000002,719.4,174,4.95,98.35,442.3,18.95,18.95,430.95,11.2,0.488499999046326,454.45,24.8,2.55000000000001,23.8,8.25000000000006,18.2500000000001,857.45,100.82,1035,5.81718015670776,0.00045237792073749,151.5,12.8805465698242,3.65937995910645,0.000716058100806549,NA,"#N/A","#N/A","bee","ancestral","globose_solitary","compact",0.538687671,0.811857429774799,0.271361242179035,0.444702635270554,0.29204140879807,0.816539554462921,0.292382795818832,0.52984363763155,67756.18178
"331","Eriosyce_engleri",13,53,6,0.36928328871727,14.05,19.55,8.45000000000005,461.15,110.75,1.7,105.9,302.9,6,6,286.05,12.95,0.509999990463257,438,27.8,2.25000000000006,25.65,9.05000000000001,19.55,766.7,103.94,908.25,6.28085827827454,0.000428937433753163,158.75,13.8322038650513,3.58170020580292,0.000847995688673109,30,"#N/A","#N/A",NA,NA,"columnar","arborescent",0.403701786,0.674085789058491,0.306131327794764,0.49151333279877,0.299725121954116,0.840906645073519,0.193652838168952,0.374804577881919,1151.685136
"332","Eriosyce_esmeraldana",NA,NA,NA,NA,NA,NA,NA,NA,NA,NA,NA,NA,NA,NA,NA,NA,NA,NA,NA,NA,NA,NA,NA,NA,NA,NA,NA,NA,NA,NA,NA,NA,10,"#N/A","#N/A",NA,NA,"geophytic","compact",0.57012189,0.959545543681643,1.22295988011012,1.3966393413041,0.417099878471928,1.1421281073857,0.634739486010473,1.09569922421625,NA
"333","Eriosyce_garaventae",16,54,9,0.574776411056519,13.45,18.35,8.45000000000005,682.5,168.25,1.9,110.5,460.6,5.9,5.9,437.15,12,0.51949999332428,392.5,25.7500000000001,2.75000000000006,23.2,9.05000000000001,18.35,1061.7,92.59,977.75,6.12948846817017,0.00055428413907066,244.25,20.8948822021484,3.91457712650299,0.00131964887259528,NA,"#N/A","#N/A",NA,NA,"globose_solitary","compact",0.403701786,0.674085789058491,0.306131320985858,0.491513333554995,0.299725120878967,0.840906589648445,0.193652838168952,0.374804577881919,12.63637913
"334","Eriosyce_heinrichiana",14,61,6,0.150777384638786,15.05,18.5,11.45,169.65,55.95,1.1,124.75,119.1,3.6,5,116.75,9,0.525,273.7,24.55,7.75000000000006,16.8,11.7500000000001,18.45,308.7,107.005,418.5,4.63512420654297,0.000403743717470206,81.5,6.84560918807983,2.49418270587921,0.000492072635097429,8,"#N/A","#N/A","bee","ancestral","globose_solitary","compact",0.567517327,0.948928493761957,1.24177969953704,1.42799009267159,0.416273659744711,1.16941145786478,0.73878549558032,1.29394756119149,11131.27213
"335","Eriosyce_iquiquensis",NA,NA,NA,NA,NA,NA,NA,NA,NA,NA,NA,NA,NA,NA,NA,NA,NA,NA,NA,NA,NA,NA,NA,NA,NA,NA,NA,NA,NA,NA,NA,NA,NA,"#N/A","#N/A",NA,NA,"globose_solitary","compact",0.570413175,0.959503294519394,2.06781576292961,2.41665895704178,0.459415395488095,1.38559700357369,0.983337299831815,1.61772387314826,NA
"336","Eriosyce_islayensis",17,72,9,0.0536671243607998,18.2500000000001,20.7500000000001,15.7500000000001,51.75,9.6,1.7,54.7,23.45,6.75,17.8,9.5,6.1,0.564499998092651,167.75,24.15,13.05,10.9,19.15,17.95,97.7,118.92,709.25,3.53636109828949,0.000248240539804101,53.5,4.62388134002686,1.71399462223053,0.000247883450356312,40,"#N/A","#N/A","bee","ancestral","globose_solitary","compact",0.078459719,0.340157042237786,0.276677817937333,0.451235603017812,0.260839161109717,0.801092213101984,0.128154035058429,0.217411716507049,21260.8326
"337","Eriosyce_laui",NA,NA,NA,NA,NA,NA,NA,NA,NA,NA,NA,NA,NA,NA,NA,NA,NA,NA,NA,NA,NA,NA,NA,NA,NA,NA,NA,NA,NA,NA,NA,NA,NA,"#N/A","#N/A",NA,NA,"globose_solitary","compact",0.077503747,0.33637261667343,0.211622218243267,0.379054069561139,0.203617939007782,0.772283148955143,0.0646738168393202,0.128113149910333,NA
"338","Eriosyce_napina",15,68,9,0.0425616186112165,15.45,18.65,12.35,45.8,13.6,0.5,121.65,33.1,1.75,2.8,32.85,9.9,0.578999996185303,254.7,24.85,7.85000000000002,17,12.35,18.15,86.7,109.285,465.75,4.00845110416412,0.000352271366864443,67.75,5.50709557533264,2.13631093502045,0.000431330321589485,6,"#N/A","#N/A","bee","ancestral","globose_solitary","compact",0.536584333,0.809547881032055,0.255810835179623,0.416551623752746,0.283013613946535,0.79837709519609,0.183939795702973,0.34212011139394,4527.108655
"339","Eriosyce_occulta",NA,NA,NA,NA,NA,NA,NA,NA,NA,NA,NA,NA,NA,NA,NA,NA,NA,NA,NA,NA,NA,NA,NA,NA,NA,NA,NA,NA,NA,NA,NA,NA,5,"#N/A","#N/A",NA,NA,"geophytic","compact",0.570413175,0.959503294519394,1.76134340248235,2.19758299188822,0.444569080504983,1.32761015464352,0.926031347338,1.66829330118727,NA
"340","Eriosyce_odieri",16,70,9,0.0428569950163364,15.55,18.2500000000001,13.05,44.55,10.4,1.5,73.2,25.2,5.75,6.2,23.5,7.55,0.56399998664856,202.75,22.7500000000001,9.10000000000002,13.5,13.35,18.15,84.3,108.95,359.5,3.0605092048645,0.000229300225328188,55.25,4.79193758964539,1.66328722238541,0.000259980282862671,8,"#N/A","#N/A",NA,NA,"geophytic","compact",0.570413175,0.959503294519394,0.990549373792713,1.25129102786304,0.398881732709507,1.0934651984152,0.681914640881946,1.3082687101244,2860.161314
"341","Eriosyce_paucicostata",16,66,9,0.0379140730947256,15.85,18.05,13.95,39.65,7,1.7,47.35,17.4,5.95,7.65,16.2,6.9,0.612000012397766,153.65,21.8,9.90000000000003,10.7,14.15,15.65,75.2,114.615,1041.25,4.7685968875885,0.000387452426366508,107.25,9.57085227966309,2.90893721580505,0.000560644752113149,30,"#N/A","#N/A",NA,NA,"globose_solitary","compact",0.57012189,0.958861049929428,0.646844506213405,0.744767344404943,0.366824791598565,0.948887000007789,0.591556744759661,0.998430606560514,2750.594052
"342","Eriosyce_recondita",16,70,9,0.0240961536765099,16.95,20.15,14.55,28.2,4.05,1.2,38,10.85,4,4,10.35,7.2,0.541499996185303,217.1,23.95,11.05,13.2,14.95,20.05,53.65,112.5,233,2.75494384765625,0.000193532068806235,51.5,4.57153797149658,1.29920446872711,0.000202103248739149,5,"#N/A","#N/A",NA,NA,"globose_solitary","compact",0.570413175,0.959503294519394,2.06781613993582,2.41665893977219,0.459415395549548,1.3855970298638,0.983337299831815,1.61772387314826,622.9410734
"343","Eriosyce_rodentiophila",16,67,9,0.0370813645422459,15.95,18.55,13.55,40.95,8.2,1.6,61.4,19.4,5.6,6.85,17.7,8.7,0.584000015258789,196.2,23.1,8.55000000000001,14.75,14.05,18.2500000000001,77.6,111.48,554.5,4.09028911590576,0.0003328456368763,83,7.07947587966919,2.36958599090576,0.000479310110677034,NA,"#N/A","#N/A",NA,NA,"globose_solitary","compact",0.078459719,0.340157042237786,0.297384444198205,0.502759471068166,0.286239425014493,0.849478717880016,0.19325091011667,0.344882641412813,2554.172016
"344","Eriosyce_senilis",13,54,6,0.300000727176666,15.4,20.05,10.15,359.35,94.5,2.85,105.45,228.05,9.2,9.2,224.95,10.8,0.490499997138977,414.65,26.65,4.75000000000006,22.2,10.45,20.05,616.35,106.015,829.5,5.62846755981445,0.000448944847448729,124.75,10.7794528007507,3.41361474990845,0.000704613863490522,18,"#N/A","#N/A",NA,NA,"globose_solitary","compact",0.567517327,0.948928493761957,1.13382851046013,1.29116259967867,0.409642771000435,1.1309402844037,0.595230750394082,1.0434430292676,6721.886643
"345","Eriosyce_simulans",NA,NA,NA,NA,NA,NA,NA,NA,NA,NA,NA,NA,NA,NA,NA,NA,NA,NA,NA,NA,NA,NA,NA,NA,NA,NA,NA,NA,NA,NA,NA,NA,NA,"#N/A","#N/A","bee","ancestral","globose_solitary","compact",0.567517327,0.948928493761957,1.2417795265676,1.42799009662236,0.416273663118233,1.16941162257873,0.73878549558032,1.29394756119149,NA
"346","Eriosyce_sociabilis",NA,NA,NA,NA,NA,NA,NA,NA,NA,NA,NA,NA,NA,NA,NA,NA,NA,NA,NA,NA,NA,NA,NA,NA,NA,NA,NA,NA,NA,NA,NA,NA,NA,"#N/A","#N/A","bird","derived","globose_solitary","compact",0.570413175,0.959503294519394,1.76134330393826,2.19758300928385,0.44456908047974,1.32761011764388,0.926031347338,1.66829330118727,NA
"347","Eriosyce_strausiana",17,64,9,0.243358612060547,14.55,21.7500000000001,7.20000000000005,297.05,45.6,13.3,44.3,117.3,46,110.45,46.85,12.3,0.440999984741211,580.45,28.95,1.55000000000001,28,19.7,7.80000000000004,518.8,112.4,965,0.55901700258255,4.34683570347261e-05,10.75,0.948520302772522,0.223519816994667,4.70806535304291e-05,20,"#N/A","#N/A",NA,NA,"globose_solitary","compact",0.276970079,0.569550664305461,0.356606122184944,0.627586184364134,0.35736234978428,1.02392694975586,0.219944542850396,0.435136808235402,164643.7071
"348","Eriosyce_subgibbosa",15,58,9,0.49378827214241,14.2500000000001,18.45,9.85000000000002,535,131.4,1.6,107.5,361.95,6.2,8.7,336.65,10.4,0.503000020980835,327.3,25.15,5.75000000000006,19.9,10.2500000000001,18.35,869.8,104.01,317.75,4.31928658485413,0.00035848849802278,72.75,5.90850210189819,2.34783780574799,0.000430065498221666,100,"11","11","bee, bird","derived","columnar","arborescent",0.567517327,0.948911388121391,0.876694024716675,1.03239269932161,0.393415465958985,1.05471192282555,0.441457160602761,0.77877533037943,52265.58628
"349","Eriosyce_taltalensis",16,69,9,0.0581504888832569,15.55,18.2500000000001,13.35,54.3,10.7,2.2,57.25,25.65,8.1,8.45,21.85,6.1,0.528000020980835,188.95,21.7500000000001,10.2500000000001,11.35,13.65,18.15,102.5,107.385,403.25,4.20890045166016,0.000343014544341713,79.5,6.76943254470825,2.26084935665131,0.000456083842436783,15,"#N/A","#N/A","bee","ancestral","columnar","arborescent",0.57012189,0.959545543681643,1.84824518462249,2.13214076272929,0.450063545111123,1.32750231516139,0.850857273952235,1.4825244971907,2564.333007
"350","Eriosyce_umadeave",NA,NA,NA,NA,NA,NA,NA,NA,NA,NA,NA,NA,NA,NA,NA,NA,NA,NA,NA,NA,NA,NA,NA,NA,NA,NA,NA,NA,NA,NA,NA,NA,40,"#N/A","#N/A",NA,NA,"globose_solitary","compact",0.078459719,0.336726249219648,0.211869345457428,0.378663343712703,0.203643158264944,0.772280848521778,0.080616220764507,0.14096495775853,NA
"351","Eriosyce_villicumensis",17,60,9,0.0579310953617096,18.55,25.7500000000001,10.55,88.45,16.3,2.4,58.85,41,10.9,41,10.9,13.8,0.476999998092651,596.25,32.85,3.65000000000003,29,25.7500000000001,10.65,165.1,131.88,598.75,0.484122931957245,2.96199677904951e-05,3,0.185406439006329,0.0911512263119221,2.86308877548436e-05,20,"#N/A","#N/A",NA,NA,"globose_solitary","compact",0.276970079,0.569550664305461,0.356606127070378,0.62758618504213,0.357362333616397,1.02392673372003,0.219944542850396,0.435136808235402,508.7426061
"352","Eriosyce_villosa",15,66,9,0.0485031399875879,15.15,18.15,12.2500000000001,52.5,16.05,0.6,118.4,39.55,2.2,3.2,36.4,8.5,0.563000011444092,232.15,23.55,8.75000000000006,14.9,12.35,17.85,99.15,106.955,316.75,3.7406131029129,0.000333678079186939,73.25,6.14508152008057,1.97663331031799,0.000453004176961258,15,"#N/A","#N/A","bird","derived","globose_solitary","compact",0.09720919,NA,0.393493805065325,NA,0.385714757851164,NA,0.150783112447449,NA,3221.847303
"353","Escobaria_chihuahuensis",12,37,1,0.26096573472023,19.05,25.5,11.45,408.05,100,5.6,98.95,265.4,21.75,159.9,31.4,14.2,0.482999992370605,548.15,32.85,3.45000000000005,29.3,24.05,16.65,689.5,131.535,1491,1.11452913284302,8.55207654240075e-05,17.5,1.5191844701767,0.54061171412468,9.25222448131535e-05,20,"11","11",NA,NA,"globose_solitary/globose_caespitose","compact",0.038759565,0.587611743941421,0.219663631235075,0.487542397203272,0.206739777144766,0.828346044127103,0.0885852395580581,0.528094130344044,36484.44213
"354","Escobaria_dasyacantha",15,40,4,0.227724775671959,19.2500000000001,26.45,11.4,349.1,61.8,8.6,63.5,165.15,33.8,156.65,38.25,13.1,0.475,579.95,33.05,4.45000000000005,28.4,25.65,14.35,600.7,128.065,1218.75,1.56809401512146,0.000113141260953853,20,1.73141098022461,0.664660513401031,0.000110992852569325,15,"11","11",NA,NA,"globose_solitary/globose_caespitose","compact",0.038759565,0.587611743941421,0.231864386199257,0.575655031225237,0.214881655905542,0.901736526219119,0.116938129328168,0.688183217809971,145456.7545
"355","Escobaria_duncanii",15,42,4,0.205134876072407,20.8,28.4,11.85,320.95,54,9,60.6,146.5,33.5,146,35.35,13.5,0.442000007629395,673.2,34.7500000000001,4.75000000000006,30.7,28.05,14.2500000000001,557.05,128.315,936.75,1.89467036724091,0.000156352267367765,27,2.24833405017853,0.896323978900909,0.000149015511851758,6,"11","11",NA,NA,"globose_solitary/globose_caespitose","compact",0.03874598,0.586227608857669,2.12746749046974,3.09861268936821,NA,NA,0.127760977951355,0.73029435818251,12177.08575
"356","Escobaria_hesteri",16,43,7,0.27479599416256,17.45,25.05,8.85000000000002,389.05,61.3,11.65,61.3,176.75,38.6,176.75,38.85,13.1,0.448000001907349,642.45,31.85,2.85000000000002,29.2,25.05,9.15000000000003,661.25,124.41,1257.25,1.90995585918427,0.000146372090966906,21.5,1.80214977264404,0.830570161342621,0.000127829080156516,5,"11","11",NA,NA,"globose_caespitose","compact",0.03874598,0.586227608857669,0.208863257940649,0.39141040327381,0.203005337780742,0.774985938241483,0.0640067014177115,0.365930986193935,3551.859445
"357","Escobaria_laredoi",NA,NA,NA,NA,NA,NA,NA,NA,NA,NA,NA,NA,NA,NA,NA,NA,NA,NA,NA,NA,NA,NA,NA,NA,NA,NA,NA,NA,NA,NA,NA,NA,NA,"#N/A","#N/A",NA,NA,"globose_caespitose","compact",0.038733351,0.585917596367814,0.20855303606935,0.394641909107638,0.202998158566477,0.776605625723056,0.0552234805182633,0.369535598773734,NA
"358","Escobaria_tuberculosa",14,40,4,0.232976712286472,19.05,26.55,10.85,354.1,68.05,7.9,68.95,178.8,31,152.85,37.95,13.3,0.461500000953674,595.55,33.35,3.75000000000006,28.9,25.45,15.1,608.35,129.52,1276.5,1.10219955444336,8.17751060822047e-05,16,1.37207210063934,0.435379803180695,8.19651795609389e-05,18,"11","11",NA,NA,"globose_solitary/globose_caespitose","compact",0.038759565,0.587611743941421,0.231864384970887,0.575655033365202,0.214881654832578,0.901736987220782,0.116938129328168,0.688183217809971,375545.2557
"359","Escobaria_vivipara",16,43,7,0.423482209444046,9.05000000000001,21.65,-2.69999999999996,430.35,75.9,11.9,54.75,195.7,43,170.3,51.65,12.1,0.325999999046326,904.9,30.15,-7.64999999999998,37,17.55,0.650000000000034,700.1,98.485,1177.5,0.899218440055847,9.54335955611896e-05,14.5,1.23050862550735,0.4456767141819,9.70570799836423e-05,7,"11","11=0.92_22=0.08",NA,NA,"globose_solitary/globose_caespitose","compact",0.03874598,0.586048093384536,0.208626310383372,0.38871046820281,0.203005335120787,0.774985926123331,0.0581401258646617,0.331968889874343,4163473.727
"360","Escobaria_zilziana",NA,NA,NA,NA,NA,NA,NA,NA,NA,NA,NA,NA,NA,NA,NA,NA,NA,NA,NA,NA,NA,NA,NA,NA,NA,NA,NA,NA,NA,NA,NA,NA,10,"#N/A","#N/A",NA,NA,"globose_solitary/globose_caespitose","compact",0.03874598,0.586227608857669,2.12746738057614,3.09861268821976,NA,NA,0.127760977951355,0.73029435818251,NA
"361","Escontria_chiotilla",12,40,4,0.513502329587936,22.15,24.05,19.85,819.05,175.65,3.6,101.4,494.35,17.4,235.85,25.05,12.1,0.639499998092651,156.25,31.7500000000001,12.55,19,22.55,20.7,1223.9,134.66,1329.5,6.12165093421936,0.00049550537369214,118.75,9.97186517715454,3.50493228435516,0.000629133428446949,700,"#N/A","#N/A","bee, bird","derived","arborescent","arborescent",0.137928047,0.491312084104424,0.215969827686078,0.393959085605916,0.204899453302393,0.774054782265044,0.0925148350962478,0.290160754729994,69696.42817
"362","Espostoa_guentheri",14,51,6,0.379699170589447,21.6,23.7,18.8,578.95,118.55,5.3,85.1,320.45,20.1,268.55,20.3,10.9,0.66399998664856,202.6,28.9,12.55,16.4,23.6,18.8,928.9,123.51,1180,5.97716474533081,0.000380889789084904,140.75,12.214054107666,3.55305171012878,0.000440360250649974,200,"#N/A","#N/A","bat","derived","shrubby","arborescent",0.102229334,0.616954139049278,0.220172097497712,0.419233550054704,0.20660799414406,0.78226038230821,0.0998278875455602,0.397345570041796,3.858827116
"363","Espostoa_lanata",16,44,6,1.09535551071167,14.45,14.85,13.65,1278.7,233.7,26.5,57.55,572.95,97.9,476.3,129.45,8.3,0.773000001907349,55.9,19.45,8.85000000000002,10.9,14.7,13.7500000000001,1423.4,108.375,2331.75,7.87436103820801,0.000574677309487015,201.5,16.9748945236206,4.62488222122192,0.00083406426711008,700,"11","11","bat","derived","arborescent","arborescent",0.090178228,0.611023464664481,0.212043465370839,0.403451159676714,0.203871834714846,0.776774820468129,0.0723638841829893,0.306368794196079,78393.59633
"364","Espostoopsis_dybowskii",14,60,6,0.359456092119217,24.85,26.2500000000001,22.65,567.45,106.25,8.9,72.15,270.15,31.3,232.4,35.45,9.3,0.682000017166138,147.55,31.35,17.65,13.6,25.9,23.15,913.6,134.85,394.25,2.15375530719757,0.000155608184286393,33.5,2.99210333824158,1.25331693887711,0.000188162157428451,400,"#N/A","#N/A","bat","derived","shrubby/columnar","arborescent",0.24052786,1.54134115346478,0.21111552578261,0.386699321401035,0.203614241310241,0.777842854261523,0.0823304058039317,0.405757845259658,6075.309367
"365","Eulychnia_acida",15,62,9,0.145347714424133,14.85,18.45,11.15,157.6,50.95,1.5,114.05,108.25,5,6.25,106.65,10.5,0.534000015258789,306.75,24.7500000000001,6.45000000000005,19.9,11.35,17.95,287.85,108.12,827.25,5.02726197242737,0.000435105874203146,107.5,9.2253532409668,2.96022248268127,0.000652288203127682,400,"#N/A","#N/A",NA,NA,"shrubby/arborescent","arborescent",0.160971928,0.439130772473564,0.464928256696408,1.68950191605671,0.441785809017615,1.52969723763782,0.501755143766788,1.03868057567634,42835.7161
"366","Eulychnia_breviflora",15,66,9,0.055680800229311,15.3,18.2,12.45,59.5,16.35,0.8,117.8,40.45,2.8,3.9,38.95,8.6,0.548499989509583,233.2,23.95,8.75000000000006,15.4,12.45,17.95,112.1,107.74,372.25,4.07615256309509,0.000358010554919019,81.5,6.67318034172058,2.34663867950439,0.000465042612631805,700,"#N/A","#N/A","bees, ento","derived","arborescent","arborescent",0.124809712,0.421837094162181,0.244892707071631,0.604789606258963,0.223690632437797,0.909459853360127,0.0683093025668894,0.356693986756217,11595.56819
"367","Eulychnia_castanea",14,63,9,0.514350593090057,13.85,16.85,11.2500000000001,406.2,112,1.5,116.5,276.2,4.8,11.25,265.75,5.7,0.471999979019165,222.75,20.85,8.95000000000005,11.9,11.85,16.7500000000001,686.75,103.165,214.25,4.27336978912354,0.000356856733560562,69.25,5.80762624740601,2.27138543128967,0.00040217989590019,200,"#N/A","#N/A",NA,NA,"columnar","arborescent",0.160971928,0.439130772473564,0.394673927214252,1.1896440007084,0.38843027581765,1.26561268966873,0.313619527044665,0.615655963877643,1588.141794
"368","Eulychnia_chorosensis",NA,NA,NA,NA,NA,NA,NA,NA,NA,NA,NA,NA,NA,NA,NA,NA,NA,NA,NA,NA,NA,NA,NA,NA,NA,NA,NA,NA,NA,NA,NA,NA,400,"#N/A","#N/A",NA,NA,"shrubby/arborescent","arborescent",0.160971928,0.439130772473564,0.464928268027067,1.68950191852647,0.441785837836138,1.52969697056394,0.501755143766788,1.03868057567634,NA
"369","Eulychnia_iquiquensis",16,67,9,0.0479614790529013,16.55,18.65,14.55,49.6,7.4,1.6,49.7,19.15,6.1,8.7,13.1,8.1,0.622499990463257,153.65,22.55,9.95000000000005,12.8,15.05,18.15,93.7,115.42,892.75,4.15143060684204,0.000284001886029728,79.25,6.76640486717224,2.24835824966431,0.000349885071045719,700,"#N/A","#N/A","bird","derived","arborescent","arborescent",0.160971928,0.430956620929682,0.385162090155,1.07656211641124,0.385632653460917,1.24713807948206,0.318990564217265,0.61781394108862,26853.9416
"370","Eulychnia_ritteri",NA,NA,NA,NA,NA,NA,NA,NA,NA,NA,NA,NA,NA,NA,NA,NA,NA,NA,NA,NA,NA,NA,NA,NA,NA,NA,NA,NA,NA,NA,NA,NA,300,"#N/A","#N/A",NA,NA,"shrubby/arborescent","arborescent",0.129814657,0.421837094162181,0.25065490861331,0.604789604824749,0.228476887727725,0.90945988534372,0.102389628246088,0.356693986756217,NA
"371","Eulychnia_taltalensis",NA,NA,NA,NA,NA,NA,NA,NA,NA,NA,NA,NA,NA,NA,NA,NA,NA,NA,NA,NA,NA,NA,NA,NA,NA,NA,NA,NA,NA,NA,NA,NA,700,"#N/A","#N/A",NA,NA,"arborescent","arborescent",0.160971928,0.430956620929682,0.385162075576353,1.07656211198749,0.385632582426518,1.24713767611373,0.318990564217265,0.61781394108862,NA
"372","Facheiroa_squamosa",14,61,6,0.394686803221703,26.05,27.2500000000001,24.35,644.85,131.75,0.9,90.55,350.75,6.2,178.05,6.4,9.7,0.682000017166138,109.9,32.7500000000001,18.55,14.2,26.15,24.55,1014.45,160.06,493.25,1.01357972621918,7.65079566917848e-05,16.5,1.37516343593597,0.535500109195709,8.43401794554666e-05,800,"#N/A","#N/A","bat","derived","arborescent","arborescent",0.087356734,0.518344550436751,0.207945446927298,0.379428217210945,0.202934313992357,0.7722869187032,0.0452373525942612,0.141354342172272,80179.34891
"373","Facheiroa_ulei",14,57,6,0.408623054623604,23.7500000000001,24.7500000000001,21.85,652.9,128.5,1.3,90.1,335.45,7,248.85,7,9.9,0.696999979019165,118.15,30.7500000000001,16.65,14.2,24.55,21.85,1024.6,158.045,748.25,1.06706643104553,7.05051716067828e-05,18.25,1.64010709524155,0.574217587709427,6.35237665846944e-05,500,"#N/A","#N/A","bat","derived","shrubby","arborescent",0.181923625,0.404512247077497,0.220043440373794,0.576451963962214,0.206829345132952,0.980749380857257,0.091269238977236,0.335444882593631,14254.97961
"374","Ferocactus_alamosanus",12,37,4,0.603466063737869,20,25.15,13.9,955.9,266.85,7.2,103.1,636.15,34.25,549.75,137.6,14.3,0.528999996185303,447.5,33.5,6.25000000000006,27,24.35,20.15,1372.8,122.645,927.5,7.05655145645142,0.000622266292339191,140.75,11.4867663383484,4.04665303230286,0.000793640385381877,100,"11","11",NA,NA,"globose_solitary","compact",0.038700078,0.299438905187374,0.211290600680828,0.411003702479947,0.203612696184825,0.778342871677446,0.0702577292962714,0.323784709936394,1065.43392
"375","Ferocactus_chrysacanthus",12,40,4,0.10160169750452,18.65,25.45,12.95,128.6,27.9,0.7,74,67.5,5.2,23.5,67.5,12.3,0.490999984741211,480.6,33.35,7.35000000000002,26.3,12.95,19.85,237,124.15,550.5,3.25960111618042,0.000259511871263385,23,1.44305121898651,0.786297559738159,0.000239604996750131,100,"#N/A","#N/A",NA,NA,"barrel","compact",0.038970948,0.243201700550945,0.207923624854246,0.378521921624979,0.202938414160003,0.772280742379023,0.0501360258591997,0.11888528302221,NA
"376","Ferocactus_cylindraceus",14,55,7,0.121855035424232,22.05,31.2500000000001,12.65,193.85,32,1.3,58.5,77.3,9.9,47.05,69.25,13.2,0.403000020980835,744.25,38.0500000000001,5.95000000000005,32.9,15.55,25.35,350,134.315,516.5,1.15072703361511,8.69108225742821e-05,17.5,1.49355268478394,0.481756135821342,9.8297547083348e-05,300,"11","11","bee","ancestral","barrel","compact",0.038700078,0.299412919140889,0.210601263567349,0.403531816683027,0.203428289015842,0.776293299505413,0.0675394621310948,0.292468303534711,218456.8129
"377","Ferocactus_diguetii",13,38,1,0.291876286268234,23.65,28.45,18.65,193.6,70.5,0.2,122.55,130.45,1.5,122.95,28.75,2.2,0.189999997615814,389.35,29.85,17.35,12,28.2,23.55,349.6,142.215,82,5.6546003818512,0.000473173015052453,83.5,6.98586225509644,3.21448922157288,0.000568168092286214,400,"#N/A","#N/A",NA,NA,"columnar","arborescent",0.038857572,0.24302085708581,0.20783751076965,0.378467118800194,0.202932974323829,0.77227977256876,0.0473944384736552,0.106122784378858,307.6700593
"378","Ferocactus_echidne",14,38,4,0.424495443701744,18.15,21.2500000000001,14.35,608.25,114.75,10.7,75.75,300.7,43.4,231.35,44.65,11.3,0.569999980926514,305.1,27.95,8.05000000000001,19.8,20.2500000000001,14.85,967.4,120.545,1553,5.33559131622314,0.000383387639885768,87.25,7.20500230789185,2.86925673484802,0.000468173631816171,35,"11","11","bee","ancestral","barrel","compact",0.038700078,0.299889837403071,0.209203270647761,0.396960410954954,0.203378160173745,0.774649969341553,0.0779035417551791,0.336822562930715,56872.11584
"379","Ferocactus_emoryi",13,46,6,0.189916886389256,21.95,29.85,13.2500000000001,308.35,71,2.1,83.6,171.55,14.2,143.3,72.8,13.7,0.442000007629395,648.2,36.5500000000001,6.45000000000005,31,29.35,24.85,537.25,132.8,597.25,1.01357972621918,6.17537880316377e-05,14,1.2198246717453,0.394065022468567,7.83418072387576e-05,250,"11","11",NA,NA,"globose_solitary","compact",0.039586684,0.30908612115738,0.229497216357289,0.410855337332701,0.213634591033035,0.779863092672981,0.0866059010774918,0.190605517303554,146617.5844
"380","Ferocactus_flavovirens",NA,NA,NA,NA,NA,NA,NA,NA,NA,NA,NA,NA,NA,NA,NA,NA,NA,NA,NA,NA,NA,NA,NA,NA,NA,NA,NA,NA,NA,NA,NA,NA,100,"#N/A","#N/A",NA,NA,"globose_caespitose","compact",0.038929902,0.299861742366219,0.207956393330816,0.384373378136684,0.202936571703294,0.772497361531802,0.0473580099369935,0.198067328865253,NA
"381","Ferocactus_fordii",13,44,4,0.0828719511628151,18.65,22.45,15.7500000000001,88.8,25.7,0.4,89.35,51.75,3,11.95,51.75,7.95,0.484999990463257,284.2,27.55,11.45,16.5,15.7500000000001,18.2500000000001,165.75,124.665,18,0.851220577955246,4.67986792500596e-05,4.75,0.323412120342255,0.19375316798687,4.06580493290676e-05,50,"11","11",NA,NA,"globose_solitary","compact",0.039586684,0.30908612115738,0.315801945475483,0.759773355030885,0.316596336338267,1.19959508081952,0.152031617801792,0.354144025743644,2462.720729
"382","Ferocactus_glaucescens",13,39,4,0.538322657346725,17.85,20.7,14.35,706.9,144.35,10.6,79.4,373.3,41.7,219.95,41.85,10.8,0.580000019073486,250.95,27.05,8.15000000000003,18.9,19.55,14.55,1091.7,115.12,1680,7.14894533157349,0.000628413050435483,152.25,13.0008544921875,4.31682682037354,0.000769788108300418,45,"11","11",NA,NA,"globose_solitary/globose_caespitose","compact",0.038700078,0.299438905187374,0.20852471862313,0.387041883513908,0.202982737282017,0.772701898874056,0.056141602669541,0.25045966021695,10572.81553
"383","Ferocactus_gracilis",12,43,4,0.0876057632267475,19.35,26.55,14.05,124.3,25.1,0.5,74.9,60.9,3.7,25.35,57.05,11.45,0.473999977111816,507.75,33.4,9.35000000000002,24.7,14.15,20.65,229.4,132.225,463,4.46773552894592,0.000342523955623619,53,4.20096325874329,2.12442886829376,0.000328906913637184,150,"11","11",NA,NA,"globose_solitary","compact",0.038970948,0.26844434897181,0.229367255407833,0.442640691868598,0.211062465581802,0.78779893261378,0.105876225039868,0.291275545821428,27759.37695
"384","Ferocactus_haematacanthus",NA,NA,NA,NA,NA,NA,NA,NA,NA,NA,NA,NA,NA,NA,NA,NA,NA,NA,NA,NA,NA,NA,NA,NA,NA,NA,NA,NA,NA,NA,NA,NA,120,"#N/A","#N/A","bee","ancestral","globose_solitary","compact",0.038700078,0.294026153788798,0.222891013074007,0.446932763100906,0.210253074050347,0.805371446338866,0.089174624315824,0.323405630157621,NA
"385","Ferocactus_hamatacanthus",14,39,4,0.300173833966255,20.2500000000001,27.05,13.2500000000001,444.25,75.75,10.65,63.6,200.65,42.05,169.55,44.9,12.6,0.471499991416931,522.75,33.2500000000001,6.20000000000005,25.8,25.7,15.55,742.45,132.25,1107.5,0.789332211017609,5.91833413636778e-05,12.5,1.12451404333115,0.363990053534508,6.15170065429993e-05,60,"11","11","bee","ancestral","globose_solitary","compact",0.038700078,0.294026153788798,0.222890985677081,0.446932762721016,0.210253091928285,0.805371775418685,0.089174624315824,0.323405630157621,602330.5909
"386","Ferocactus_herrerae",12,38,4,0.262808978557587,24.5,30.15,18.2500000000001,425.1,113.85,0.6,112,304.05,6.3,254.4,56.45,11.85,0.496999979019165,471.5,35.45,12.15,23.3,30.05,23.55,714.6,139.865,14,0.5,2.87793882307597e-05,3,0.207210928201675,0.0939998663961887,2.72295064860373e-05,200,"#N/A","#N/A",NA,NA,"globose_solitary","compact",0.038772293,0.299889837403071,0.218989721187779,0.498315118634156,0.208675846271111,0.856040336995843,0.0704835394114215,0.494803297947496,25271.51979
"387","Ferocactus_histrix",13,37,4,0.373303443193436,17.35,20.55,13.45,534,113.85,7,81.05,298.65,34.1,168.35,40.85,12.8,0.596499991416931,290.3,27.65,6.45000000000005,21.3,19.45,15.65,868.45,124.675,1981.75,2.0414707660675,0.000166086319950409,33,2.81214642524719,1.08907222747803,0.000180584444024134,110,"11","11","bee","ancestral","globose_solitary","compact",0.038700078,0.299438905187374,0.211290599982667,0.411003702714803,0.203612696217949,0.778342889152406,0.0702577292962714,0.323784709936394,127511.4119
"388","Ferocactus_johnstonianus",13,40,4,0.0692757144570351,22,28.7500000000001,16.05,75.05,16.25,0.1,77.2,33.1,1.2,21.55,28.8,7.2,0.352999997138977,511,32.2500000000001,13.15,20.05,19.2500000000001,22.2500000000001,140.7,154.05,196.5,6.49842143058777,0.000542423105798662,92.5,7.66104555130005,3.15042185783386,0.000658682052744552,100,"#N/A","#N/A",NA,NA,"globose_solitary","compact",0.038772293,0.242994230669078,0.207818972105956,0.378446205065295,0.202931884023747,0.772280891648785,0.044800406833267,0.0935206614748972,925.1861147
"389","Ferocactus_latispinus",13,38,4,0.400941014289856,16.65,19.55,13.15,588.3,125.45,6.25,86.75,323.3,30.45,179,36.3,12.6,0.615000009536743,237.65,26.7500000000001,5.85000000000002,20.3,18.45,14.7500000000001,941.25,123.555,2099.25,2.955397605896,0.00022681357950205,45.25,3.70166659355164,1.51532024145126,0.000237483807723038,30,"#N/A","#N/A","bee","ancestral","barrel","compact",0.038700078,0.293783798714487,0.208412959541881,0.381221993642036,0.202971062959569,0.772314401135554,0.0532402170754677,0.165393208621136,151794.3289
"390","Ferocactus_lindsayi",12,40,4,0.640794634819031,23.7500000000001,25.05,22.2500000000001,1008.5,228.45,1.9,103.2,645.95,17.9,269.6,51.15,11,0.659999990463257,110.4,32.55,16.45,16.6,24.2500000000001,23.45,1426.7,140.005,738,6.10423755645752,0.000520258967299014,121.25,10.4338617324829,3.59510910511017,0.000669956032652408,60,"#N/A","#N/A",NA,NA,"globose_solitary","compact",0.038698645,0.339919096922376,0.207771870063631,0.378684299601861,0.202929927632464,0.77228074734786,0.0413788420116056,0.146196405302208,2491.262353
"391","Ferocactus_macrodiscus",13,41,4,0.542960345745087,16.65,18.7500000000001,14.2,753.5,161.35,6.1,90,419.55,26.85,265.05,29.95,12,0.642999982833862,143.25,26.15,7.35000000000002,18.3,17.55,14.3,1147.8,122.435,2067,5.14458823204041,0.000426746250013821,109.25,9.08298778533936,2.99370992183685,0.000597272417508066,10,"11","11",NA,NA,"globose_solitary","compact",0.038700078,0.301061259956585,0.212013681311418,0.503838466221793,0.204102672801364,0.836056221979514,0.0654862361524065,0.569251084712446,18664.5186
"392","Ferocactus_peninsulae",12,39.5,1,0.105742491781712,22.35,27.95,17.35,161.1,44,0.4,101.25,97.5,2,83.6,43.45,12.5,0.530999994277954,415.55,34.7,12.05,23.3,27.45,22.7500000000001,293.9,135.1,178.75,1.90277916193008,0.00014141303836368,21.25,1.72091710567474,0.862890779972076,0.000121115226647817,250,"11","11",NA,NA,"barrel","compact",0.038970948,0.26844434897181,1.28716798506435,2.5058960440195,NA,NA,0.209645296442961,0.38788047778514,66903.00755
"393","Ferocactus_pilosus",14,36,4,0.259802237153053,18.9,23.05,13.45,378.95,66.75,8,65.6,179.2,37.5,158.95,42.3,12.7,0.55550000667572,367.55,29.45,6.45000000000005,22.5,22.2500000000001,15.7500000000001,646.1,125.6,1581,1.34483969211578,8.37679108371958e-05,22.75,2.04487383365631,0.717510551214218,9.24715932342224e-05,300,"11","11",NA,NA,"barrel","compact",0.038700078,0.299465551956401,0.209203273426239,0.386741858036521,0.203378160139403,0.772949895157667,0.0779035417551791,0.279005715485455,159412.7341
"394","Ferocactus_pottsii",12,37,4,0.515895694494247,21.35,26.55,15.05,856.1,234.3,7.7,102.15,559.65,35.2,499.25,123.5,14.3,0.528999996185303,453.7,35.0500000000001,7.40000000000003,26.8,25.7500000000001,21.55,1265.5,123.785,726.5,6.56859493255615,0.000525842217030004,126,10.6472692489624,3.55467486381531,0.000654543458949775,100,"#N/A","#N/A",NA,NA,"globose_solitary","compact",0.038772293,0.299889837403071,0.21898971857677,0.498315119223255,0.208675846584712,0.856040430917027,0.0704835394114215,0.494803297947496,13829.49677
"395","Ferocactus_robustus",13,42,4,0.455607697367668,18.05,19.85,15.55,708.4,144.4,8.05,85.5,365.8,29.3,239.35,29.45,12.7,0.671000003814697,172.9,27,7.75000000000006,19,19.2500000000001,15.55,1093.55,127.37,1963,3.34184372425079,0.000230067693337332,53.75,4.73472356796265,1.71819967031479,0.000279527710517868,100,"#N/A","#N/A",NA,NA,"globose_caespitose","compact",0.038700078,0.299996089883679,0.208394509468998,0.415555061915806,0.203145627977822,0.778747615591522,0.0741440022295588,0.324112603419056,6682.333355
"396","Ferocactus_santa-maria",12.5,47,3,0.110434178262949,20.45,26.2500000000001,17.55,122.8,25.1,0.4,79.8,56,2.4,56,45.3,13.6,0.540000009536743,418.5,34.7500000000001,12.05,24.45,24.45,19.95,226.7,128.575,211.75,1.75,0.000125140024465509,5,0.441842257976532,0.44932359457016,3.58839315595105e-05,70,"#N/A","#N/A",NA,NA,"barrel","compact",0.038970948,0.26844434897181,0.227956114686515,0.442640692454737,0.211062465783531,0.787798658299884,0.0769104391210465,0.291275545821428,NA
"397","Ferocactus_schwarzii",11,38,4,0.46084251999855,24.65,28.85,19.6,721.2,200.65,0.9,117.7,531.45,8.4,446.5,60.25,11.5,0.534500002861023,365.9,34.15,12.95,21.05,28.55,23.95,1109.15,135.99,61.75,0.768012881278992,5.29647513758391e-05,7.75,0.642803281545639,0.288522765040398,5.02291568409419e-05,80,"#N/A","#N/A",NA,NA,"globose_solitary","compact",0.039104583,0.300287493173719,0.208084686322972,0.386974042129609,0.202945104550179,0.772677968927571,0.051409188880881,0.235329465892264,6691.875548
"398","Ferocactus_townsendianus",12,39,1,0.271486580371857,23.2500000000001,27.65,19.55,328.8,135.5,0.3,138.4,249.4,1.7,197.6,33.1,7.5,0.475,322,31.05,16.45,15.6,27.35,22.55,569.3,133.35,34,1.70362663269043,7.33760170987807e-05,14,1.11270797252655,0.417058825492859,7.30491592548788e-05,50,"#N/A","#N/A",NA,NA,"barrel","compact",0.038970948,0.26844434897181,1.28716805684367,2.50589604448833,NA,NA,0.209645296442961,0.38788047778514,NA
"399","Ferocactus_uncinatus",14,36,4,0.264353305101395,19.35,23.15,14.15,391.5,68.3,8.5,64.3,179.2,37,163,39.9,12.7,0.571000003814697,336.9,30.05,7.25000000000006,21.9,22.45,16.45,664.9,124.64,1460,2.0577597618103,0.000158374721650034,23,1.96533131599426,0.996352314949036,0.000123072415590286,20,"#N/A","#N/A",NA,NA,"globose_solitary","compact",0.038738292,0.293717099601043,0.207904118122798,0.378899723316447,0.202935117598312,0.772281547561404,0.0478032800582804,0.131316781262522,NA
"400","Ferocactus_viridescens",13,48,6,0.270540967583656,16.8,22.35,12.35,307.2,63.3,1.7,88.1,170.2,9.5,15.95,159.25,10.2,0.465499997138977,392.05,28.65,7.30000000000004,21.6,12.85,19.85,535.45,109.615,391.25,4.01072669029236,0.000340406055329368,57.75,4.86752438545227,2.04297041893005,0.000373269882402383,30,"11","11","bee","ancestral","globose_solitary","compact",0.039586684,0.30908612115738,0.315801957915956,0.759773354414337,0.316596337150662,1.19959463271846,0.152031617801792,0.354144025743644,18695.98787
"401","Ferocactus_wislizeni",14,48,6,0.255051761865616,17.7500000000001,26.7500000000001,8.25000000000006,370.2,73.35,6.8,70.75,181.7,28.7,160.3,75.1,13.8,0.421000003814697,722.35,34.15,1.45000000000005,32.1,25.45,19.15,632.85,126.375,1250.75,1.37142193317413,0.000106777417386184,20,1.6836079955101,0.580747038125992,0.000131301902001724,180,"11","11","bee","ancestral","globose_solitary","compact",0.038700078,0.299412919140889,0.21060124759685,0.403531816453538,0.203428290117229,0.776293782904626,0.0675394621310948,0.292468303534711,318109.7358
"402","Frailea_gracillima",12,46,6,1.25645536184311,17.95,23.05,12.65,1523.2,161.1,97,13.1,422.4,341.1,377.85,364.75,9,0.440000009536743,414,28.55,8.15000000000003,20.4,15.15,19.35,1868.25,112.795,185.75,1.45505332946777,0.000154950204887427,25.75,2.10141360759735,0.7750583589077,0.000179989416210447,10,"#N/A","#N/A",NA,NA,"globose_solitary","compact",0.075751559,0.338432865751422,0.238037681170075,0.418410439070171,0.228482521207793,0.789696216535962,0.0691814266195052,0.145909332553741,52416.41193
"403","Frailea_phaeodisca",13,45,6,1.18688905239105,18.15,23.65,12.65,1463.8,163.45,85.8,15.7,429.85,298.55,384.1,305.75,9.2,0.434000015258789,433.8,29.2500000000001,8.15000000000003,21.15,18.75,13.55,1824.4,119.17,179.5,1.16842979192734,0.00010675544035621,18,1.52687293291092,0.586279153823853,0.000136954207846429,3,"#N/A","#N/A",NA,NA,"globose_solitary","compact",0.075751559,0.338432865751422,0.238037652173236,0.418410439446097,0.22848253332759,0.789696382624734,0.0691814266195052,0.145909332553741,63102.15036
"404","Frailea_pumila",13.5,45,6,1.17089152336121,18.95,24.65,13.2500000000001,1471.1,181.3,68.05,24.3,467,248.35,408.65,248.5,9.2,0.430999994277954,441.2,30.35,8.65000000000003,21.4,21.95,13.65,1829.9,125.125,141.5,0.987210661172867,8.79820800037123e-05,15.5,1.27058517932892,0.476335123181343,9.99891235551331e-05,2,"11","11","bee","ancestral","globose_solitary/globose_caespitose","compact",0.075751559,0.338432865751422,0.333983693787571,0.63755643526005,0.336816807803773,1.06803466937983,0.0769007832260875,0.159341341427584,57295.57636
"405","Frailea_schilinzkyana",14,44,6,1.23217713832855,19.2500000000001,24.7500000000001,13.85,1591.15,186.3,69.9,25.2,491.3,257.8,424.5,259.1,9.2,0.43899998664856,429.3,30.45,9.15000000000003,21,22.15,14.15,1916.4,123.54,111.5,0.837320268154144,6.77037896821275e-05,11,0.9001384973526,0.398494467139244,7.61209521442652e-05,5,"#N/A","#N/A",NA,NA,"globose_solitary","compact",0.075751559,0.338432865751422,0.333983676113422,0.63755643442758,0.336816759702151,1.06803469058697,0.0769007832260875,0.159341341427584,47182.96836
"406","Geohintonia_mexicana",15,35,4,0.507062196731567,18.55,22.55,13.55,694.05,139.8,16.3,66.2,322.95,59.8,269.65,60.7,10.8,0.562000012397766,365,27.35,8.35000000000002,19.2,21.95,14.05,1076,123.24,1204.5,6.84620642662048,0.00063429176225327,129.5,10.9541606903076,4.05273294448853,0.000973894784692675,11,"#N/A","#N/A","bee","ancestral","columnar","arborescent",0.05699953,0.142302610052315,0.208640218535018,0.379040611840437,0.2030272681864,0.772284052068659,0.0455796953327962,0.0938521679145064,28.39168653
"407","Grusonia_aggeria",15,42,4,0.192029841244221,21.45,28.7500000000001,12.7500000000001,311.2,53.55,8.4,59.3,143.85,31.6,143.85,32.4,13.95,0.459000015258789,652.85,35.65,5.50000000000003,30.5,28.7500000000001,14.35,541.75,132.175,902.5,3.13990116119385,0.000246862618951127,39.25,3.25593566894531,1.47081100940704,0.000190199149074033,9,"#N/A","#N/A",NA,NA,"cushion_forming","compact",0.161130053,0.39056833605298,0.771498046088943,3.10061843742943,0.486074348386432,NA,0.693742474343284,1.46713560784305,3126.374843
"408","Grusonia_bradtiana",14,37,4,0.176001034677029,21.05,26.65,14.05,279.7,51.25,6,64.05,133,26.15,122.05,32.6,13.1,0.5,497.55,33.05,6.95000000000005,26,26,18.65,491.7,134.185,1179.75,1.09596216678619,7.04936428519432e-05,15.5,1.31317830085754,0.479376390576363,7.66879093134776e-05,100,"#N/A","#N/A","bee","ancestral","cushion_forming","compact",0.160486139,0.332863529772798,0.262904111433478,0.419821357837052,0.239503021576564,0.779743480176207,0.164653401550204,0.311001863836903,52527.35499
"409","Grusonia_bulbispina",14,38.5,4,0.177624523639679,21.65,27.45,14.3500000000001,292.8,62.85,4.45,79.35,163.15,19.95,135.95,27.9,13.55,0.501500010490417,485.15,33.7500000000001,6.60000000000002,26.6,26.1000000000001,19.65,512.65,132.98,1261.5,5.69167494773865,0.00026431377773406,31,2.74087882041931,2.36406904459,0.000266263843514025,NA,"#N/A","#N/A",NA,NA,"cushion_forming","compact",0.160787866,0.333593693327035,0.251295092996784,0.40788818412646,0.227218859083243,0.77484665633224,0.162105392438693,0.304833528983148,NA
"410","Grusonia_clavata",16,54,9,0.281025946140289,11.65,21.95,1.10000000000002,339.05,62.4,14.5,54.25,157.4,49.4,139.3,52.8,12.9,0.380999994277954,815.7,29.35,-4.84999999999997,34.4,20.7500000000001,6.55000000000001,585.2,109.875,1912.25,1.16592240333557,9.56773073994555e-05,20.5,1.7910932302475,0.570810765028,0.000111956676846603,15,"#N/A","#N/A",NA,NA,"cushion_forming","compact",0.160486139,0.332863529772798,0.262904126301762,0.419821357611288,0.239502998861798,0.779742296223822,0.164653401550204,0.311001863836903,93058.55973
"411","Grusonia_emoryi",15,51,7,0.261762171983719,17.9,27.55,8.05000000000001,385.05,64.4,7.4,55.55,159.1,29.6,131.55,106.7,14,0.417000007629395,761.95,34.65,1.25000000000006,33.6,25.45,21.7,655.25,121.63,1208.25,2.44909107685089,0.000220918467675801,37,2.89825129508972,1.08908188343048,0.000266453440417536,30,"#N/A","#N/A",NA,NA,"cushion_forming","compact",0.161130053,0.336172217717071,0.280217723645339,0.443645523733571,0.256819311236661,0.78661580032705,0.229062574738711,0.430321668282058,41459.52489
"412","Grusonia_grahamii",14,39,4,0.227625548839569,19.65,26.85,11.9,344.7,64.85,7.9,66.35,171.4,31.8,151.45,38.7,13.1,0.465000009536743,579.85,33.45,4.75000000000006,27.8,25.7500000000001,15.15,593.9,130.265,1231.25,0.837320268154144,6.31203984085005e-05,14,1.2471616268158,0.355848282575607,6.30897266091779e-05,20,"#N/A","#N/A",NA,NA,"cushion_forming","compact",0.161130053,0.39056833605298,0.709268382070768,1.36773108826278,0.470811828654416,0.786616896588349,0.407709932442493,0.740871625884092,264500.3
"413","Grusonia_invicta",12,42,4,0.0684665441513062,20.35,26.85,15.65,101.7,23.25,0.3,77.5,49.1,2.2,32,41.6,12.95,0.525,441.3,34.85,10.15,25.4,16.15,20.8,189.05,134.195,178.5,1.28543519973755,0.000106954579678131,17.5,1.35615265369415,0.568130344152451,9.2996793682687e-05,45,"#N/A","#N/A",NA,NA,"cushion_forming","compact",0.160530466,0.332912725102365,0.260225850882539,0.41556403420265,0.236848088694553,0.778470356003859,0.159984270391495,0.300631350173586,30610.05151
"414","Grusonia_kunzei",14,53,6,0.0832424275577068,23.35,32.15,14.2500000000001,135.6,22,0.9,58.5,51.3,7,38.05,49.2,13.2,0.407000017166138,706.15,39.15,7.35000000000002,32.05,28.7,26.2500000000001,249.35,142.47,319.25,0.582961201667786,3.74813571397681e-05,8,0.713530778884888,0.15183848887682,3.91786397813121e-05,50,"#N/A","#N/A",NA,NA,"globose_caespitose","compact",0.160486139,0.332863529772798,0.233001047493126,0.391230687197144,0.212993591477715,0.772737877328238,0.122749985154151,0.2304531044035,77822.81602
"415","Grusonia_marenae",13,46,4,0.107296861708164,23.35,31.05,15.95,144.7,26.2,0.2,66.7,64,3.05,63.4,45.2,9.4,0.384999990463257,585.2,35.35,11.15,24.5,30.7500000000001,25.15,265.3,138.375,127.5,0.496078372001648,2.95585869025672e-05,10,0.912635803222656,0.114170908927917,2.79948908428196e-05,60,"#N/A","#N/A",NA,NA,"shrubby","arborescent",0.160572081,0.333056312761811,0.23508923621232,0.392495997765575,0.214402941088091,0.772812441617339,0.13620857840799,0.255654106066277,5392.332011
"416","Grusonia_moelleri",14,36,4,0.202089980244637,20.35,25.35,14.05,314.6,57.7,6.8,64.15,156.75,30.35,127.4,37.5,13,0.521000003814697,458.3,31.45,6.80000000000004,24.8,24.3,17.95,547.1,130.91,1419.75,1.11102426052094,8.06424432084896e-05,19,1.72384572029114,0.539387911558151,7.47809463064186e-05,7,"#N/A","#N/A",NA,NA,"globose_caespitose","compact",0.161130053,0.334627057180055,0.275228425947819,0.438860213357,0.252189551766872,0.785117991581041,0.225345825221294,0.42584450144089,53880.73731
"417","Grusonia_parishii",NA,NA,NA,NA,NA,NA,NA,NA,NA,NA,NA,NA,NA,NA,NA,NA,NA,NA,NA,NA,NA,NA,NA,NA,NA,NA,NA,NA,NA,NA,NA,NA,20,"#N/A","#N/A",NA,NA,"cushion_forming","compact",0.161130053,0.334627057180055,0.275228451189028,0.438860213490753,0.25219001589574,0.785117193141937,0.225345825221294,0.42584450144089,NA
"418","Grusonia_pulchella",NA,NA,NA,NA,NA,NA,NA,NA,NA,NA,NA,NA,NA,NA,NA,NA,NA,NA,NA,NA,NA,NA,NA,NA,NA,NA,NA,NA,NA,NA,NA,NA,20,"#N/A","#N/A",NA,NA,"cushion_forming","compact",0.160477496,0.332945166901518,0.212806466825467,0.37915791495987,0.203812433513417,0.772283201328783,0.0806502466207387,0.147037654262904,NA
"419","Grusonia_schottii",15,40,4,0.321767359972,20.55,28.35,11.65,478.2,73.3,13,55,189.9,48.95,173.15,50.2,12.4,0.43899998664856,642.8,34.2500000000001,5.45000000000005,28.2,27.05,12.35,790.95,131.335,726.25,1.08793091773987,9.45822830544785e-05,17,1.43989998102188,0.503847718238831,0.000107430962088984,9,"#N/A","#N/A",NA,NA,"cushion_forming","compact",0.161130053,0.39056833605298,0.771498080872212,3.10061843644157,0.486074324513714,NA,0.693742474343284,1.46713560784305,121701.806
"420","Grusonia_vilis",14,35,4,0.281620353460312,17.85,21.2500000000001,13.15,405.85,66.6,8.9,63.6,179.05,41.9,170.35,44.6,12.7,0.592000007629395,326.5,27.95,6.45000000000005,21.5,20.7500000000001,14.35,686.25,121.685,1787.25,0.974245578050613,6.71475427225232e-05,21,1.91051030158997,0.560943216085434,6.78787655488122e-05,15,"#N/A","#N/A",NA,NA,"cushion_forming","compact",0.160530466,0.332912725102365,0.260225825164332,0.41556403444816,0.236848549229656,0.778468969584127,0.159984270391495,0.300631350173586,24193.62418
"421","Gymnocalycium_alboareolatum",NA,NA,NA,NA,NA,NA,NA,NA,NA,NA,NA,NA,NA,NA,NA,NA,NA,NA,NA,NA,NA,NA,NA,NA,NA,NA,NA,NA,NA,NA,NA,NA,6,"#N/A","#N/A",NA,NA,"globose_solitary","compact",0.937930632,1.66453144175503,2.40712034571105,3.61963645124853,0.469075167085687,1.54815082378752,0.843657454696818,1.96016673272975,NA
"422","Gymnocalycium_amerhauseri",NA,NA,NA,NA,NA,NA,NA,NA,NA,NA,NA,NA,NA,NA,NA,NA,NA,NA,NA,NA,NA,NA,NA,NA,NA,NA,NA,NA,NA,NA,NA,NA,2.5,"11","11",NA,NA,"globose_solitary","compact",1.245241,1.86897917605931,3.43597675181693,3.85062780153078,0.360391018923508,0.946972946423624,1.21454909633436,2.44785495845636,NA
"423","Gymnocalycium_andreae",17,55,6,1.40233933925629,9.65000000000003,15.05,3.80000000000004,1349.85,260.95,9.7,78.4,694.55,48.35,694.55,48.35,9.8,0.451000022888184,442.5,20.35,-1.04999999999995,21.6,15.05,3.80000000000004,1375.3,100.3,1905,3.54959261417389,0.000332349343807437,66,5.66668295860291,1.91029447317123,0.0004169040475972,5,"22","22","bee","ancestral","globose_caespitose","compact",1.245531629,1.86926429085256,8.32495475610145,6.56632700015347,NA,NA,10.0670331502739,8.81151916626102,1334.588627
"424","Gymnocalycium_baldianum",15,53,6,0.663588136434555,14.65,19.6,9.05000000000001,765.5,158.55,7,79.9,402.2,29.2,402.2,29.2,9.8,0.478000020980835,408.35,24.05,3.05000000000001,20.1,19.6,9.05000000000001,1158.6,104.41,1402.25,4.16153025627136,0.00035388108517509,82.75,6.89490079879761,2.08477246761322,0.000497008411912248,10,"#N/A","#N/A",NA,NA,"globose_solitary/globose_caespitose","compact",1.245531629,1.86897917605931,8.18043451312961,3.77531289983663,NA,0.959948220856625,5.36698752119734,1.92338439470177,4397.473478
"425","Gymnocalycium_bayrianum",16,46,6,0.961018562316895,14.55,18.85,9.35000000000002,1171.25,277.05,7.1,95.65,696.4,23.2,696.15,23.2,10.2,0.507000017166138,383.3,23.7500000000001,3.55000000000001,20.2,18.85,9.35000000000002,1571.2,100.97,1459,4.04998064041138,0.000310040297335945,88.25,7.90981006622314,2.14663195610046,0.000380029086954892,5,"#N/A","#N/A",NA,NA,"globose_solitary","compact",0.926166855,1.62758857987433,1.22962762119051,2.17472792251868,0.46184653985169,1.55885728123599,0.426352219035028,1.12923950339234,628.9865548
"426","Gymnocalycium_berchtii",14.5,59,6,0.835437089204788,16.5,22.5,9.85000000000002,963.1,175.15,9.05,76.6,495.75,37.8,495.75,37.8,9.8,0.419999980926514,504.6,27.85,4.50000000000003,23.2,22.5,9.85000000000002,1380.35,116.88,906.5,1.8336426615715,0.000168286154803354,31.25,2.53093242645264,0.950092554092407,0.000203233692445792,2,"#N/A","#N/A",NA,NA,"globose_solitary","compact",1.245531629,1.86926429085256,8.32495474701804,6.56632699928841,NA,NA,10.0670331502739,8.81151916626102,681.8898513
"427","Gymnocalycium_bodenbenderianum",16,60,9,0.286490112543106,19.2500000000001,25.15,12.2500000000001,398.35,85.05,2.9,89,224.45,12.8,224.45,12.8,10.8,0.444999980926514,502.9,30.55,6.35000000000002,24.5,25.05,12.2500000000001,669.1,119.845,730,0.496078372001648,3.36718694597948e-05,8,0.671300411224365,0.147801212966442,3.34124033543048e-05,3,"11","11",NA,NA,"globose_solitary","compact",1.09910798,1.84005010681903,3.70663974227731,4.7483158492827,0.559088426395741,1.81887233372126,0.74531186244269,1.45715058348525,97571.90246
"428","Gymnocalycium_bruchii",16,55,6,1.060955286026,13.5,19.05,7.50000000000003,1149.4,210.45,8.4,75.2,565,40.35,560.75,40.35,9.9,0.45,452.5,24.3,2.45000000000005,21.9,18.7,7.50000000000003,1464.3,104.175,1162.5,2.92282474040985,0.000301754160318524,52.25,4.27403211593628,1.49527984857559,0.000365839048754424,3.5,"22","11=0.29_22=0.71",NA,NA,"cushion_forming","compact",1.105730033,1.8443147086582,2.19571208173272,2.91967100492776,0.503039415770372,1.73775445183481,0.625144663881775,1.26840617197913,9554.44332
"429","Gymnocalycium_calochlorum",15,57,6,0.74773046374321,16.05,21.7500000000001,9.80000000000004,904.55,173.95,7.3,78.1,456.25,33.7,456.25,33.7,9.9,0.442000007629395,477.75,27.15,4.65000000000003,22.7,21.7500000000001,9.80000000000004,1270.3,114.015,984.5,1.45773792266846,0.000147305057907943,26,2.01869547367096,0.780702888965607,0.000177854999492411,4,"22","22=0.67_33=0.33",NA,NA,"cushion_forming","compact",1.105730033,1.8443147086582,2.19571193382336,2.91967101097278,0.503039404927002,1.73775450306616,0.625144663881775,1.26840617197913,7716.531327
"430","Gymnocalycium_capillense",15,56,6,0.861974775791168,14.7500000000001,20.55,8.45000000000005,980.05,176.85,7.9,74.7,480.8,37.75,469.2,37.75,10.1,0.446000003814697,469.95,26.15,3.35000000000002,22.55,20.15,8.45000000000005,1388.15,110.755,987.25,1.9911915063858,0.000205528769583907,36,2.8330363035202,0.982557833194733,0.000254949991358444,8,"#N/A","#N/A",NA,NA,"globose_caespitose","compact",1.245531629,1.86897917605931,3.51500825155087,4.0491538718216,0.381030981374367,0.957430750362304,1.96340196680637,3.19677525556513,7767.943513
"431","Gymnocalycium_castellanosii",14,60,6,0.395404458045959,15.65,21.5,8.95000000000005,461.55,106.05,3,92.25,281.35,13.95,280.45,13.95,10.1,0.442999982833862,499.95,26.55,3.65000000000003,22.7,21.5,8.95000000000005,767.3,111.665,1121,5.12269997596741,0.000457066067610867,72,5.65052223205566,2.32667458057404,0.000478608082630672,15,"11","11",NA,NA,"globose_solitary","compact",0.937930632,1.66456728834725,2.51004681049186,4.13182691497811,0.469075160286356,1.54815084013174,1.12328584819425,2.63609956875844,4191.751254
"432","Gymnocalycium_chacoense",NA,NA,NA,NA,NA,NA,NA,NA,NA,NA,NA,NA,NA,NA,NA,NA,NA,NA,NA,NA,NA,NA,NA,NA,NA,NA,NA,NA,NA,NA,NA,NA,NA,"#N/A","#N/A",NA,NA,"globose_solitary","compact",0.102717934,0.351905567292454,0.222815714727343,0.390251878733014,0.208762543563207,0.773224074889327,0.0935238641693444,0.217684978452208,NA
"433","Gymnocalycium_chiquitanum",14,58,6,0.823308408260345,24.05,25.95,20.95,1227.5,184.8,25.45,55.05,525.6,93.7,447.55,130.3,9.2,0.598000001907349,202.65,31.05,15.95,15.3,25.55,21.35,1632.45,134.07,418.5,1.18494755029678,9.29540074139368e-05,21.75,1.85956287384033,0.672021806240082,0.00010244030636386,4,"11","11",NA,NA,"globose_solitary","compact",0.102717934,0.351905567292454,0.222815716992229,0.3902518784323,0.208762542622649,0.773224131439229,0.0935238641693444,0.217684978452208,4108.88809
"434","Gymnocalycium_denudatum",16,51,6,0.472158163785934,24.35,27.65,19.85,749.7,130,6.6,74.5,372.9,32.8,320,63.9,10.1,0.555999994277954,312.9,32.85,14.7500000000001,18.1,27.45,21.7500000000001,1143.3,148.22,339,0.390312373638153,3.69899680663366e-05,5,0.441842257976532,0.225277781486511,1.61242314788979e-05,3,"11","11=0.67_22=0.33","bee","ancestral","globose_solitary","compact",0.779212004,1.47204985039603,0.235593503110137,0.401577581786433,0.220775546293358,0.775121147210596,0.131711314830915,0.287761928093205,NA
"435","Gymnocalycium_erinaceum",16,58,7,0.760298907756805,16.35,21.65,10.35,907,158.15,6.9,74.85,436.7,26.2,436.7,26.2,9.7,0.447499990463257,449.95,26.95,5.55000000000001,21.6,21.65,10.35,1321.1,118.015,771.25,1.21672815084457,0.000105598770460347,22,1.82322365045547,0.605143219232559,0.000145687983604148,5,"11","11",NA,NA,"globose_solitary","compact",1.245531629,1.86897917605931,3.48027474563233,3.9524487965851,0.370856138978942,0.949500209349524,1.62080960742874,2.87484807522531,2808.322374
"436","Gymnocalycium_esperanzae",NA,NA,NA,NA,NA,NA,NA,NA,NA,NA,NA,NA,NA,NA,NA,NA,NA,NA,NA,NA,NA,NA,NA,NA,NA,NA,NA,NA,NA,NA,NA,NA,12,"#N/A","#N/A",NA,NA,"globose_solitary","compact",1.09910798,1.84005010681903,3.83833310515881,4.81348048418463,0.629521681753703,1.83695602551527,1.30501347490058,2.46263908412074,NA
"437","Gymnocalycium_eurypleurum",16,51,7,0.594592392444611,25.45,28.2500000000001,21.35,935.85,144.4,17.3,60.7,403.85,60.9,401.45,97.55,9.5,0.571000003814697,280.7,33.15,16.45,16.7,28.2500000000001,21.65,1351.85,135.385,206,0.242061465978622,2.01270649995422e-05,2,0.148052260279655,0.0698972083628178,2.03013687496423e-05,NA,"#N/A","#N/A",NA,NA,"globose_solitary","compact",0.118599055,0.379072998826123,0.429109156675875,0.97283855906099,0.413532875289563,1.33565734366867,0.306076351439536,0.712740881603074,11020.99515
"438","Gymnocalycium_gibbosum",16,65,9,0.314738109707832,15.2500000000001,22.85,7.95000000000005,386.1,57.6,14.9,35.65,147.5,52,132.65,60.55,11.4,0.409000015258789,581.35,30.7,3.15000000000003,27.7,19.45,8.85000000000002,655.55,118.18,313.75,0.390312373638153,3.17559024551883e-05,4.75,0.370487421751022,0.125792011618614,2.9926426577731e-05,15,"11","11",NA,NA,"globose_solitary","compact",1.238699223,1.86761888415802,2.48093385814792,2.1402903706036,0.346266975849988,1.23719209970508,0.559039819006027,1.02330841577651,458611.9735
"439","Gymnocalycium_glaucum",16,73,9,0.119582019746304,20.15,25.55,13.55,171.75,45.2,1.1,101,109.05,5.2,108.9,5.2,11.65,0.476000022888184,481.9,30.95,6.35000000000002,24.2,25.55,13.55,312.25,139.64,790.75,0.55901700258255,3.47051518474473e-05,7,0.605237543582916,0.114256970584393,3.55301617673831e-05,NA,"#N/A","#N/A",NA,NA,"globose_solitary","compact",0.937930632,1.66283716573654,2.05179374855106,3.13378891829894,0.456196593496776,1.46520876791837,0.572968200603574,1.39010452206096,3892.649123
"440","Gymnocalycium_horstii",NA,NA,NA,NA,NA,NA,NA,NA,NA,NA,NA,NA,NA,NA,NA,NA,NA,NA,NA,NA,NA,NA,NA,NA,NA,NA,NA,NA,NA,NA,NA,NA,20,"#N/A","#N/A",NA,NA,"globose_solitary","compact",1.09910798,1.83915988263451,0.462599185568675,1.02970169400822,0.346129567092439,1.05509048072131,0.467045126498874,1.02543291962848,NA
"441","Gymnocalycium_hossei",16,63,9,0.286949336528778,17.85,22.7500000000001,11.7,347.55,85.1,3.5,94.5,211.3,13.4,207.1,13.4,9.7,0.459999990463257,448.5,27.45,5.95000000000005,21.9,22.65,11.7,598.3,112.335,1126,1.05326867103577,7.36490583221894e-05,23.5,2.22191727161407,0.509970307350159,8.18942899059039e-05,9,"22","22",NA,NA,"globose_solitary","compact",0.937930632,1.66456728834725,4.11723214410359,6.11391052810144,NA,NA,2.14450454988485,5.03659918187031,20003.74301
"442","Gymnocalycium_kieslingii",16,66,9,0.36999574303627,17.2500000000001,22.2500000000001,11.55,428.45,106.9,3.2,97.6,265.05,11.85,265.05,11.85,9.15,0.455000019073486,443.4,26.7500000000001,6.05000000000001,21.15,22.2500000000001,11.55,712.85,117.635,1143.25,1.362773001194,8.65726979100145e-05,21,1.8917863368988,0.554072439670563,8.55705839057919e-05,2,"#N/A","#N/A",NA,NA,"globose_solitary","compact",1.240324026,1.86846336504986,4.06983684299308,6.31291973263384,0.865889906337555,NA,1.35833086289187,4.08167952604075,5185.786339
"443","Gymnocalycium_marsoneri",16,47,7,0.563451677560806,23.7500000000001,26.95,19.2500000000001,859.6,154.2,7.6,78.35,442.4,31.6,376.45,57.4,9.9,0.540999984741211,320.8,32.2500000000001,14.15,18.4,26.65,20.85,1266.6,129.045,412,0.390312373638153,2.90139360004105e-05,3,0.250384889543056,0.104384992271662,2.73107298198738e-05,7,"#N/A","#N/A",NA,NA,"globose_solitary","compact",0.118599055,0.379072998826123,0.429109156655135,0.972838558014917,0.413532880148232,1.33565765386836,0.306076351439536,0.712740881603074,71053.57844
"444","Gymnocalycium_mesopotamicum",15,41,7,1.08905911445618,19.7500000000001,25.2500000000001,14.2500000000001,1406.85,180.6,45.2,36.2,490.75,171.45,412.65,171.45,9.1,0.432000017166138,429.3,30.7500000000001,9.65000000000003,21.1,22.7500000000001,14.2500000000001,1780.75,131.745,104.25,0.582961201667786,3.89282031392213e-05,8.5,0.777683705091476,0.243262574076653,4.87601973873097e-05,2.3,"11","11",NA,NA,"globose_solitary","compact",1.09910798,1.83915988263451,0.46259918569799,1.02970170785577,0.346129568091845,1.05509038305815,0.467045126498874,1.02543291962848,149.0141713
"445","Gymnocalycium_mihanovichii",16,50,7,0.55459326505661,24.45,28.05,19.95,859.1,140.9,11.55,68.55,395.25,42.2,382.7,73.55,9.7,0.538000011444092,318.65,33.2500000000001,15.2500000000001,18,27.7500000000001,21.05,1268.85,135.805,194,0.242061465978622,2.10594653253793e-05,2,0.144502311944962,0.0726657249033451,1.99832265934674e-05,5,"11","11",NA,NA,"globose_solitary","compact",0.118599055,0.363204944145423,0.30340328058665,0.526322274465505,0.286912634698023,0.870496640332718,0.164514791114185,0.383864432153447,234506.2994
"446","Gymnocalycium_monvillei",15,57,6,0.97127765417099,14.7,20.35,8.45000000000005,1093.35,199.55,8.5,75.1,541.5,39.75,537.65,39.75,9.9,0.446999979019165,461.95,25.7500000000001,3.55000000000001,22,20.1,8.45000000000005,1455.75,109.975,1029,1.90547305345535,0.000201682560145855,34.5,2.85743856430054,0.991073310375214,0.000258695450611413,8,"11","11=0.60_22=0.40",NA,NA,"globose_solitary","compact",0.91980688,1.59432819735203,0.314406751305441,0.507323961861512,0.299751111326121,0.850120317876836,0.3056934932686,0.610243187937727,21682.76656
"447","Gymnocalycium_mostii",16,57,6,0.830809891223907,15.85,21.2500000000001,9.75000000000006,984.65,170.65,6.8,74.7,472.7,31,472.7,31,9.8,0.45,452.25,26.55,4.85000000000002,21.7,21.15,9.75000000000006,1402.55,111.585,864.25,1.87447559833527,0.000177522430021781,32.5,2.60900938510895,0.880171298980713,0.00023492918262491,7,"11","11","bee","ancestral","globose_solitary","compact",0.932496591,1.64771965601143,0.73455725288365,1.41076747758522,0.384482246816683,1.13483808634566,0.362641047626859,0.921021712401131,7734.137872
"448","Gymnocalycium_nigriareolatum",14,54,6,0.544523775577545,18.15,23.1,12.45,686.8,140.7,6.7,78.85,358.25,27.45,358.25,27.45,10,0.478999996185303,425.95,27.45,6.65000000000003,20.8,23.1,12.45,1067.05,119.53,863,4.57361626625061,0.000369519097148441,66.25,5.55337262153625,2.0950266122818,0.000476468310807832,15,"#N/A","#N/A",NA,NA,"globose_solitary","compact",0.937930632,1.66456728834725,4.11723214529297,6.1139105313948,NA,NA,2.14450454988485,5.03659918187031,623.5024048
"449","Gymnocalycium_ochoterenae",15,56,6,0.648257344961166,18.15,24.45,11.35,854.1,163.4,7.35,77.55,430.05,32.5,430.05,32.5,10.8,0.448999977111816,517.7,30.2500000000001,4.95000000000005,24.6,24.35,11.35,1248.75,115.64,652.75,0.75,5.83075598115101e-05,14.75,1.27332901954651,0.299219220876694,7.64269207138568e-05,4.5,"11","11",NA,NA,"globose_solitary","compact",1.099026058,1.83951686576228,0.366055980163235,0.57145680839838,0.327165918428663,0.88540240093122,0.337441697105882,0.678600773439398,9355.154499
"450","Gymnocalycium_oenanthemum",NA,NA,NA,NA,NA,NA,NA,NA,NA,NA,NA,NA,NA,NA,NA,NA,NA,NA,NA,NA,NA,NA,NA,NA,NA,NA,NA,NA,NA,NA,NA,NA,8,"#N/A","#N/A",NA,NA,"globose_solitary","compact",0.926166855,1.62758857987433,1.22962764533211,2.17472792021314,0.461846544748321,1.55885764108893,0.426352219035028,1.12923950339234,NA
"451","Gymnocalycium_paraguayense",15,56,6,1.27208787202835,21.8,26.05,17.15,1746.95,198.15,72.1,29.4,568.9,258.4,509.7,258.4,8.9,0.475,357.25,31.45,12.55,18.8,24.15,17.2500000000001,2019.25,130.555,158.5,1.06706643104553,8.57082522998098e-05,19,1.62976098060608,0.633550524711609,8.35430582810659e-05,5,"22","22",NA,NA,"globose_solitary/globose_caespitose","compact",0.913031744,1.64670448985363,0.255208247964969,0.439602431090278,0.276039862064514,0.81232976477341,0.187678073025976,0.401059931642221,2973.188033
"452","Gymnocalycium_pugionacanthum",16,57,6,0.295295611023903,14.2500000000001,18.2500000000001,9.25000000000006,343.25,91.7,2.3,101.6,226.65,9.75,226.65,9.75,11.1,0.519000005722046,380.4,23.5,2.50000000000003,20.5,18.2500000000001,9.25000000000006,591.7,106.395,1890,6.9462206363678,0.000533641141373664,142,11.7602982521057,3.74435043334961,0.000783712370321155,3,"11","11",NA,NA,"globose_solitary","compact",0.91980688,1.59432819735203,0.31440675464207,0.507323961237804,0.299751117393042,0.850120613733973,0.3056934932686,0.610243187937727,4591.31965
"453","Gymnocalycium_quehlianum",18,53,9,0.579131901264191,19.35,25.15,13.05,773.2,135.6,8.1,72.2,367.6,29.9,352.8,29.9,10,0.43899998664856,476.5,30.65,7.95000000000005,22.7,24.35,13.05,1171,117.15,246.5,0.484122931957245,3.03811139019672e-05,8,0.713489174842834,0.201390042901039,3.51755443261936e-05,4,"11","11=0.67_22=0.33",NA,NA,"globose_solitary/globose_caespitose","compact",1.09910798,1.84005010681903,3.83833311789887,4.8134804847065,0.629521718073391,1.83695588928989,1.30501347490058,2.46263908412074,NA
"454","Gymnocalycium_ritterianum",15,61,9,0.379824340343475,15.4,19.95,10.2500000000001,427.1,89.65,8.3,81.25,242.35,31.1,242.35,31.1,9.4,0.48600001335144,393.3,24.45,5.10000000000002,19.4,19.95,10.2500000000001,717.5,95.71,1415.75,3.7801924943924,0.000234856001043227,45.25,4.04785323143005,1.49525088071823,0.000215234911593143,4,"11","11",NA,NA,"globose_solitary/globose_caespitose","compact",0.91980688,1.59235365758941,0.309739738207555,0.491795649751897,0.298164645746598,0.842103797881702,0.237206276637918,0.354465896554552,636.6765046
"455","Gymnocalycium_robustum",15,58,9,0.583411931991577,19.15,24.85,12.95,752.8,132.1,5.5,75.7,366.85,21.25,365.3,21.25,9.55,0.432000017166138,470.1,30.2500000000001,8.15000000000003,22.1,24.45,12.95,1147,137.07,493.25,0.599478960037231,3.87107811548049e-05,11,1.01374626159668,0.261066362261772,5.04507825098699e-05,5,"#N/A","#N/A",NA,NA,"globose_solitary","compact",1.240324026,1.86846336504986,4.11202926916219,4.96310496987439,0.97525121813605,1.24633921002064,2.05773879671974,2.1727398916399,3879.467067
"456","Gymnocalycium_saglionis",16,57,7,0.388881847262383,17.45,22.45,11.35,477.8,111.25,3.1,92.25,281.25,12.95,273.85,12.95,10.8,0.473999977111816,440.95,26.95,5.45000000000005,21.75,22.35,11.35,765.6,111.625,1089,1.68980693817139,0.000122078756248811,30.75,2.541090965271,0.788460850715637,0.00012873893865617,15,"11","11","bee","ancestral","globose_solitary","compact",0.096409448,0.34552981422234,0.208430504120066,0.378631504629569,0.20297100023106,0.772280332059889,0.0479880285297587,0.109945288959276,107644.0812
"457","Gymnocalycium_schickendantzii",16,54,7,0.485553801059723,19.55,25.45,12.7500000000001,668.1,133.65,4,82.3,357.35,17.4,352.65,18.4,10.3,0.442000007629395,482.35,30.95,6.95000000000005,23,25.2500000000001,12.7500000000001,1041.6,123.795,428,0.463512390851974,2.92725489998702e-05,5,0.448270916938782,0.113811906427145,2.92385475404444e-05,NA,"11","11",NA,NA,"globose_solitary","compact",0.118599055,0.363204944145423,0.303403280461614,0.52632227397192,0.286912626522857,0.870496744226572,0.164514791114185,0.383864432153447,294214.9321
"458","Gymnocalycium_spegazzinii",17,54,7,0.621674627065659,10.7500000000001,13.85,6.95000000000005,684.9,184.6,2.5,107,459.7,10.45,415.7,10.5,11.7,0.606000018119812,300.85,19.05,0.0500000000000114,18.9,13.85,6.95000000000005,995.8,104.72,2828.75,5.62829422950745,0.000405089173000306,122.5,10.2163867950439,3.15243566036224,0.000560939079150558,12,"11","11",NA,NA,"globose_solitary","compact",0.491286069,0.981662943344239,0.221840516893402,0.387533632759014,0.208485835068916,0.772664051898774,0.0798794526508265,0.180920340659409,16862.31445
"459","Gymnocalycium_stenopleurum",16,50,7,0.556444406509399,24.55,27.65,20.2500000000001,867.8,138.45,13.6,65.55,397.6,51.25,373.95,83.3,9.7,0.561999988555908,292.65,32.65,15.55,17.1,27.55,21.45,1278.5,139.86,301.5,0.242061465978622,2.1699549506593e-05,3,0.184171579778194,0.0804475359618664,2.10350426641526e-05,12,"#N/A","#N/A",NA,NA,"globose_solitary","compact",0.118599055,0.379072998826123,0.373941471023236,0.760769979056078,0.36788256283001,1.11492668371241,0.179240240951105,0.417121351593169,48697.68546
"460","Gymnocalycium_striglianum",18,59,9,0.331794202327728,10.95,18.55,3.05000000000001,380.2,55.45,18.05,34.4,144.05,62.35,126.95,68.1,12.3,0.43899998664856,592,26.15,-2.94999999999999,28,18.05,6.35000000000002,643.2,104.725,1387,0.599478960037231,4.14027690567309e-05,11,0.992704927921295,0.208777621388435,4.51665546279401e-05,5,"11","11",NA,NA,"globose_solitary","compact",1.240324026,1.86846336504986,4.11202927148408,6.31291972990291,0.975251247031125,NA,2.05773879671974,4.08167952604075,22515.11734
"461","Gymnocalycium_uebelmannianum",16,59,9,0.539831906557083,12.95,17.95,7.25000000000006,548.2,139.3,4.6,97.25,335.6,16.5,335.6,16.5,8.3,0.431500005722046,418.55,21.7500000000001,2.40000000000003,19.1,17.95,7.25000000000006,887.7,98.82,1765.5,7.61551666259766,0.000623842410277575,118.25,9.54582166671753,4.04252076148987,0.000652678398182616,1,"11","11",NA,NA,"globose_solitary/globose_caespitose","compact",1.245531629,1.86926429085256,4.34684548946177,5.61200528406698,0.381030980988796,0.957430871888546,2.83371589566869,4.5425304554135,597.1976195
"462","Haageocereus_chilensis",18,63,9,0.287446409463882,11.1,12.35,9.85000000000002,307.95,105.7,1,139.6,253.1,4.2,37.25,4.95,10.8,0.730999994277954,91.95,17.65,3.05000000000001,14.9,11.2500000000001,9.85000000000002,536.65,110.45,3055,6.0199863910675,0.000521447829669341,113.25,8.92358875274658,3.09932148456573,0.000548510550288484,NA,"#N/A","#N/A",NA,NA,"shrubby/columnar","arborescent",0.09078678,0.708553971156325,0.744461715413204,3.82778726181066,0.46598591699475,NA,0.282488383311147,1.30586926989834,9573.445837
"463","Haageocereus_decumbens",17,69,9,0.0674069672822952,17.05,18.05,15.35,67.1,15.45,1.4,103.75,39.45,5.65,19.1,9.85,7.9,0.713000011444092,76.35,22.35,12.05,11.35,16.2500000000001,16.95,126.1,117.14,1503.5,4.5680615901947,0.000342230385285802,84,6.76688551902771,2.37436676025391,0.000408206702559255,20,"#N/A","#N/A",NA,NA,"columnar","arborescent",0.09078678,0.708553971156325,0.744461572581525,3.82778726305328,0.465985913373978,NA,0.282488383311147,1.30586926989834,47525.61422
"464","Haageocereus_pseudomelanostele",16,53,7,0.454238802194595,14.7,15.05,14.4,470.95,117.6,2.4,90.4,293.8,11,92.55,25.85,7.4,0.802999973297119,29.45,19.3,10.5,9.8,14.6,14.7500000000001,772.4,105.145,2308.25,7.27044534683228,0.00055469005019404,199.25,17.3378629684448,4.46748423576355,0.00087194365914911,70,"#N/A","#N/A","moth, bird, bat","derived","columnar","arborescent",0.09078678,0.708553971156325,0.542928643446928,2.2723172088333,0.417424872343851,0.777911454208192,0.150811384432497,0.660867826670863,46490.95462
"465","Harrisia_adscendens",14,60,6,0.411029040813446,25.15,26.65,22.95,655.2,122.35,5.85,81.1,304.05,24.75,181,48.25,9.4,0.678500008583069,144.8,31.95,18.35,13.9,25.85,24.3,1027.55,148.16,474,1.02887988090515,8.76843732839916e-05,17.5,1.46235883235931,0.543222993612289,9.78553398454096e-05,800,"11","11",NA,NA,"shrubby","arborescent",0.094930903,0.61493235429108,0.213938218307841,0.408676665800082,0.204285932025044,0.775483213975723,0.0813966637353415,0.311700746164325,421140.4646
"466","Harrisia_earlei",NA,NA,NA,NA,NA,NA,NA,NA,NA,NA,NA,NA,NA,NA,NA,NA,NA,NA,NA,NA,NA,NA,NA,NA,NA,NA,NA,NA,NA,NA,NA,NA,300,"#N/A","#N/A",NA,NA,"columnar","arborescent",0.094930903,0.61493235429108,0.323220539956649,0.812927603390766,0.3237718449355,1.23735320714476,0.146533416974928,0.560673516516759,NA
"467","Harrisia_gracilis",14,40,4,0.996072173118591,24.65,27.35,22.7,1214.1,185.3,35.55,49.4,462.25,125.75,364.4,130.9,7.2,0.640000009536743,123.15,30.45,18.95,12,26.7500000000001,22.8,1620.65,143.73,155.75,2.46020364761353,0.000168092352396343,35,2.80630040168762,1.07714623212814,0.000150368927279487,700,"#N/A","#N/A","moth","derived","shrubby","arborescent",0.094930903,0.61493235429108,0.323220509629128,0.812927603957097,0.323771849214477,1.23735327720788,0.146533416974928,0.560673516516759,42263.9973
"468","Harrisia_martinii",16,45,7,0.990664511919022,21.95,26.65,16.85,1311.25,175.35,35.2,44.6,483.15,130.35,448.1,145.2,9,0.45,393.4,32.15,12.2500000000001,20,24.95,16.85,1703.85,128.675,76,0.433012694120407,3.02277212540503e-05,3,0.208293989300728,0.118990603834391,2.72290426437394e-05,200,"#N/A","#N/A","moth","derived","shrubby","arborescent",1.07230766,0.944563399287407,2.0312851473993,5.25328756455848,0.472767722621338,1.75081191417827,0.236735647802022,0.890224088374293,381173.8845
"469","Harrisia_pomanensis",16,47,7,0.748130619525909,21.45,26.45,15.65,1035.95,158.9,15,63.5,432.9,53.35,408.1,73.3,9.5,0.463000011444092,410.85,31.85,10.45,20.8,25.55,15.7500000000001,1449.85,126.39,144.25,0.353553384542465,2.63161982729798e-05,3,0.202190563082695,0.0937147811055183,2.48919322984875e-05,300,"22","22","moth","derived","shrubby","arborescent",1.07230766,0.933332108064588,2.29387845332122,5.63443126918001,NA,NA,0.244496571064848,0.925005055399309,1405598.913
"470","Harrisia_regelii",16,39,7,1.04619801044464,19.85,25.35,14.2500000000001,1341,178.5,39.5,42.7,482.35,146.9,418.85,146.9,9,0.425,434.75,31.05,9.75000000000006,21.3,22.95,14.2500000000001,1728.3,126.32,56,0.390312373638153,3.08861272060312e-05,3,0.220924407243729,0.118418518453836,2.88750052277464e-05,NA,"#N/A","#N/A",NA,NA,"shrubby/columnar","arborescent",1.07230766,0.944563399287407,2.06831979083632,5.30385155422735,0.488454767923187,1.76490873161299,0.437957907309847,1.62688965827674,98597.66332
"471","Harrisia_tetracantha",14,49,6,0.518604606389999,15.15,16.95,12.95,664.2,145.05,5.1,86.45,371.3,19.5,272.8,19.9,10.8,0.673999977111816,167.15,22.35,5.85000000000002,16.1,16.55,12.95,1038.85,109.795,2447.25,6.68823003768921,0.000571168173337355,151.5,12.7030158042908,3.96518278121948,0.000708959065377712,300,"#N/A","#N/A","moth, bee, ento","derived","shrubby/arborescent","arborescent",1.07230766,0.933332108064588,2.29387798997549,5.63443126571387,NA,NA,0.244496571064848,0.925005055399309,30743.12725
"472","Harrisia_tortuosa",16,46,7,0.996006369590759,22.35,26.95,17.4,1349.65,178.95,34.1,45.8,498.3,128.4,456.9,145.65,8.9,0.455000019073486,381.25,32.2500000000001,12.7500000000001,19.6,26.2500000000001,17.4,1735.3,130.35,78,0.390312373638153,2.85098503809422e-05,3,0.185622826218605,0.10708349198103,2.61200802924577e-05,100,"#N/A","#N/A",NA,NA,"shrubby","arborescent",1.07230766,0.944563399287407,2.06831987465421,5.30385155371638,0.488454766636492,1.76490870939574,0.437957907309847,1.62688965827674,278382.281
"473","Hatiora_cylindrica",NA,NA,NA,NA,NA,NA,NA,NA,NA,NA,NA,NA,NA,NA,NA,NA,NA,NA,NA,NA,NA,NA,NA,NA,NA,NA,NA,NA,NA,NA,NA,NA,3,"#N/A","#N/A",NA,NA,"Epiphytic","arborescent",0.073592896,0.334573538587592,0.228063637100124,0.398951795296784,0.214350028666827,0.776148486573814,0.0930621198977001,0.223334063223966,NA
"474","Hatiora_herminiae",NA,NA,NA,NA,NA,NA,NA,NA,NA,NA,NA,NA,NA,NA,NA,NA,NA,NA,NA,NA,NA,NA,NA,NA,NA,NA,NA,NA,NA,NA,NA,NA,30,"#N/A","#N/A",NA,NA,"Epiphytic","arborescent",0.073592896,0.334573538587592,0.210487157587311,0.379871310128992,0.203391012101698,0.772296124820789,0.062703707533936,0.150934223673978,NA
"475","Hatiora_salicornioides",13,48,6,1.13476240634918,20.7500000000001,23.15,17.95,1503.9,304.6,13.7,79.35,803.5,53.2,626.45,53.5,8.6,0.573999977111816,199.2,27.55,12.65,15,22.45,18,1853.55,119.1,755.5,4.89738464355469,0.000519444176461548,77.5,5.58505487442017,2.45065236091614,0.000594924640608951,100,"11","11","bee","ancestral","Epiphytic","arborescent",0.073592896,0.334573538587592,0.228063634532026,0.398951795499111,0.214350034756823,0.776148428926985,0.0930621198977001,0.223334063223966,108294.1866
"476","Hylocereus_calcaratus",NA,NA,NA,NA,NA,NA,NA,NA,NA,NA,NA,NA,NA,NA,NA,NA,NA,NA,NA,NA,NA,NA,NA,NA,NA,NA,NA,NA,NA,NA,NA,NA,NA,"#N/A","#N/A",NA,NA,"Epiphytic","arborescent",0.364555245,1.04698227756249,1.44377589634103,5.71555765946119,0.38813398348122,1.51582599958198,1.20390248420942,5.0946822477068,NA
"477","Hylocereus_costaricensis",14,39,4,1.63927412033081,25.6,26.45,24.7500000000001,1961.7,366.7,13.65,74.65,974.6,55.2,319.55,593.3,6.7,0.651000022888184,73.5,30.2500000000001,21.65,10.05,25.3,25.85,2064.5,148.75,192.25,3.02011489868164,0.000210190963116474,42.5,3.32461476325989,1.41919928789139,0.000222565256990492,NA,"#N/A","#N/A",NA,NA,"Epiphytic","arborescent",0.364555245,1.04698227756249,1.46491760908487,5.73310980026603,0.389697277998176,1.51931372947902,1.42531553998128,6.42875773473117,61122.24857
"478","Hylocereus_escuintlensis",NA,NA,NA,NA,NA,NA,NA,NA,NA,NA,NA,NA,NA,NA,NA,NA,NA,NA,NA,NA,NA,NA,NA,NA,NA,NA,NA,NA,NA,NA,NA,NA,500,"#N/A","#N/A",NA,NA,"Epiphytic","arborescent",0.350177046,1.03626311667454,0.62839508391218,3.29065480007685,0.395916153084946,1.46752755905011,0.46055032034252,1.60690129243202,NA
"479","Hylocereus_guatemalensis",14,39,4,1.00230252742767,22.15,23.55,20.2500000000001,1425.05,267,12.1,84.5,704.25,40.35,393.7,65.25,8.9,0.653999996185303,131.25,29.65,15.65,13.8,22.85,20.85,1745.3,129.315,916.75,5.62844848632812,0.0004423844802659,122.5,10.0651841163635,3.14860832691193,0.000598344777245075,500,"#N/A","#N/A",NA,NA,"shrubby","arborescent",0.289275632,0.987577604032876,0.523357980983304,2.93055301134762,0.408078536732208,1.47193058520364,0.554473283090029,1.8385352031637,10798.15521
"480","Hylocereus_megalanthus",15,45,6,1.97509562969208,24.85,25.35,23.95,2597.75,288.55,132.1,24.35,814.4,442.15,639.55,462.3,6.8,0.773000001907349,50.5,29.2,20.55,8.7,24.65,24.65,2377.3,113.71,267.5,1.7399263381958,0.000153072833199985,18,1.33308082818985,0.644051343202591,0.000139778763696086,200,"#N/A","#N/A",NA,NA,"Epiphytic","arborescent",0.303447334,1.01521873266006,0.579323370544527,4.10733748732723,0.417717857110461,1.64626165251682,0.608111772519905,2.21563803237287,213847.5302
"481","Hylocereus_minutiflorus",14,40,4,1.8812580704689,24.95,26.6,22.7500000000001,2370.95,323.45,63.4,51.15,922.35,241.45,551.7,403.2,6.6,0.578999996185303,152.3,30.55,19.35,11.3,25.7500000000001,24.7500000000001,2307.35,126.75,173.75,4.24884581565857,0.000302619315334596,62.5,5.01802277565002,2.1091560125351,0.000350428585079499,500,"#N/A","#N/A",NA,NA,"Epiphytic","arborescent",0.303447334,1.01521873266006,0.579323369481722,4.10733748705913,0.417717857077923,1.64626175156792,0.608111772519905,2.21563803237287,17800.52649
"482","Hylocereus_monacanthus",14,44,4,1.21605563163757,26.15,26.95,25.35,1725.25,281.25,26.05,57.55,774.2,114.5,266.45,555.4,7.7,0.734999990463257,65.7,31.65,21.85,10.3,25.7500000000001,26.2500000000001,1962.9,135.54,155.5,1.64883601665497,0.000141958000313025,19,1.30033993721008,0.633040308952332,0.000142618766403757,300,"11","11",NA,NA,"Epiphytic","arborescent",0.364555245,1.04686376793763,1.41687352666634,5.65415958701402,0.387576817397569,1.51710329420185,0.929450419816066,3.62590533675311,844883.3064
"483","Hylocereus_ocamponis",12,37,4,0.688301920890808,21.15,23.45,18.15,1024.2,261.8,3,111.8,688.8,17.75,414.7,54.5,12.4,0.615000009536743,187.65,31.05,11.2,20,22.65,21,1441.8,129.78,1151,4.6188600063324,0.000366147680324502,84,7.05408692359924,2.46288049221039,0.000434536443208344,300,"#N/A","#N/A",NA,NA,"Epiphytic","arborescent",0.289275632,0.987577604032876,0.523357979837585,2.93055300373186,0.408078536526964,1.47193052444579,0.554473283090029,1.8385352031637,51049.17487
"484","Hylocereus_setaceus",14,56,6,0.995187520980835,24.55,26.2500000000001,22.15,1463.85,254.6,12.2,73.15,661.7,51.9,411.75,135.85,9,0.632000017166138,152.35,31.45,16.95,14.5,25.35,22.45,1822,138.83,370.5,1.16592240333557,9.02927095012274e-05,18.5,1.64143145084381,0.587753176689148,9.41778489504941e-05,NA,"22","11=0.33_22=0.67","bat, moth","derived","Epiphytic","arborescent",0.303447334,1.01521873266006,0.570392515182828,4.03791868465219,0.415573933867945,1.63148428486093,0.419925274474997,1.46811937409992,4835127.832
"485","Hylocereus_stenopterus",16,39,4,3.46175074577332,24.05,24.7500000000001,22.95,4222.7,490.2,179.45,27.85,1349.3,644.5,994.7,999.6,6.25,0.71399998664856,72.9,28.05,19.85,8.9,23.7500000000001,23.95,2473.4,114.85,179,2.28958177566528,0.000183470816409681,37.5,3.37135565280914,1.08055120706558,0.000191456645552535,NA,"#N/A","#N/A",NA,NA,"Epiphytic","arborescent",0.364555245,1.04698227756249,1.46491760925128,5.73310980008595,0.389697277269823,1.51931353354567,1.42531553998128,6.42875773473117,9086.066843
"486","Hylocereus_triangularis",13,37,4,1.11930191516876,25.2500000000001,27.15,23.15,1397.6,217.45,38.9,51.3,549.25,136.15,483.15,137.8,7.1,0.607000017166138,141.65,30.85,19.55,11.4,26.65,23.15,1772.5,145.655,89.75,1.45773792266846,0.000111604433186585,17,1.42667436599731,0.620780557394028,0.000106445342680672,NA,"#N/A","#N/A",NA,NA,"shrubby","arborescent",0.31537187,1.01855962025094,0.329457719549522,1.39376069357474,0.315779810175727,1.11548485854992,0.326447895750186,1.12123647297375,215406.314
"487","Hylocereus_tricae",NA,NA,NA,NA,NA,NA,NA,NA,NA,NA,NA,NA,NA,NA,NA,NA,NA,NA,NA,NA,NA,NA,NA,NA,NA,NA,NA,NA,NA,NA,NA,NA,NA,"#N/A","#N/A",NA,NA,"Epiphytic","arborescent",0.214915849,0.852590381646619,0.235618897344262,0.4155469558554,0.222206666168497,0.805375768084856,0.176989862565677,0.512837518243922,NA
"488","Hylocereus_undatus",13,40,4,0.973924517631531,24.3,26.2,21.95,1397.7,272.35,16.5,79,716.1,62.9,355.8,117.35,9.4,0.619000005722046,176.3,31.35,17.2500000000001,15.2,25,23.55,1753.35,131.77,504.75,3.23161244392395,0.000249568300205283,43.5,3.38279473781586,1.49689429998398,0.000239170643908437,500,"11","11","moth, bat","derived","Epiphytic","arborescent",0.364555245,1.04117100291597,0.978676364304475,4.4916631798521,0.428141842760442,1.67950156911991,0.645418803387015,2.33418868737844,989499.2735
"489","Jasminocereus_thouarsii",13,40,4,1.86174339056015,22.7500000000001,24.85,21,1400.8,299.4,23.1,84.2,828.75,77.55,705.45,82.2,2.5,0.374000000953674,146.75,26.45,19.7500000000001,6.6,24.45,21.05,1776,141.96,141.5,1.13098591566086,7.1706876042299e-05,30.75,2.88049387931824,0.501678794622421,6.83705366100185e-05,700,"#N/A","#N/A","bee","ancestral","columnar/arborescent","arborescent",0.331870929,0.354131323854958,3.05714842690784,2.88380977193577,NA,NA,0.912941775539919,0.437520056613769,7133.280411
"490","Lasiocereus_fulvus",16,42,7,1.16890919208527,12.7500000000001,13.35,11.95,1254.45,220.15,18.2,61.3,558.55,65.3,468.1,65.3,8.6,0.765000009536743,50.75,17.7,6.35000000000002,11.4,13.05,11.95,1492.4,98.04,2863.75,8.46569204330444,0.000645527616143227,215.5,18.6821422576904,5.12775564193726,0.000883587403222919,300,"#N/A","#N/A","bat","derived","shrubby","arborescent",0.087464568,0.350519270564816,0.24038589887283,0.639348637782488,0.232203821487544,0.990115987147947,0.180637692146826,0.397185191659147,827.6466401
"491","Lasiocereus_rupicola",16,50,6,0.738188534975052,13.6,13.7500000000001,13.35,867.75,162.5,6.75,69.7,423.3,32.4,270.55,54.45,9.6,0.794000005722046,18.9,19.45,7.25000000000006,12.1,13.55,13.4,1273.7,120.3,2784.75,7.61635947227478,0.00052706798305735,142.5,12.4367914199829,4.0566234588623,0.000604513770667836,400,"#N/A","#N/A","bat","derived","arborescent","arborescent",0.087464568,0.350519270564816,0.230606436629935,0.63934863655368,0.221465260710376,0.990115970833601,0.152967546823728,0.397185191659147,679.2346111
"492","Leocereus_bahiensis",14,60,6,0.500004306435585,25.2,26.55,23.65,793.15,153.2,0.8,87.7,412.2,6.1,224.3,15.55,9.6,0.673000001907349,113.05,32.2500000000001,17.85,14.2,25.2500000000001,23.7500000000001,1194.25,149.94,543.5,0.69597053527832,5.60265743843047e-05,12.5,1.10687988996506,0.381239682435989,5.74275054532336e-05,300,"#N/A","#N/A","bat","derived","columnar","arborescent",0.181923625,0.404512247077497,0.22004343792926,0.386267519458804,0.206829346993276,0.772596519194022,0.091269238977236,0.189338989334958,387531.4641
"493","Lepismium_cruciforme",13,52,6,1.01537907123566,22.95,25.2,20.35,1451.15,238.9,18.3,69.15,614.95,69.05,455.6,99.85,9.1,0.61100001335144,180.75,30.2500000000001,14.95,15.05,24.35,20.8,1813.35,134.65,490,1.39683496952057,0.000123916361189913,24,2.07692575454712,0.796899437904358,0.000128816085634753,50,"11","11","bee","ancestral","Epiphytic","arborescent",0.073671623,0.334256702680062,0.21248288123652,0.381551985907558,0.203847080699899,0.772326422399686,0.0814207334749013,0.181342463215626,3216541.196
"494","Lepismium_houlletianum",13,47,4,1.13907498121262,21.35,23.65,18.35,1538.9,264.5,22.4,69.75,677.7,78.3,562.7,106.1,9,0.588000011444092,209.55,28.2500000000001,12.95,15.2,23.15,18.55,1869.65,124.94,688.5,2.38975179195404,0.000225057570787612,39,3.21578693389893,1.29242050647736,0.000250893615884706,200,"11","11",NA,NA,"Epiphytic","arborescent",0.073671623,0.334256702680062,0.212482878970448,0.381551986178599,0.203847080049843,0.772326350982219,0.0814207334749013,0.181342463215626,1199845.604
"495","Lepismium_lorentzianum",16,47,6,0.938218832015991,17.4,21.15,12.55,1164.4,220.9,10.2,85.55,599.15,35.8,563.55,41.2,9.6,0.543499994277954,297.25,25.15,6.85000000000002,17.8,21.05,12.65,1490.25,99.895,1243,5.55705451965332,0.00050060122157447,103.25,8.41822481155396,2.85085868835449,0.000660924211842939,NA,"#N/A","#N/A",NA,NA,"shrubby","arborescent",0.073671623,0.334256702680062,0.272777285610233,0.49016917648825,0.267368321660946,0.868879786256706,0.120826794252592,0.262261599259255,22305.97631
"496","Lepismium_lumbricoides",16,45,7,0.956594437360764,20.85,25.85,15.45,1254.55,173.1,30.95,47.75,470.95,109.6,430.5,126.4,9.2,0.46949999332428,394.6,31.2500000000001,10.5,20.1,24.15,15.95,1650.6,124.26,154.5,0.496078372001648,3.73937837139238e-05,4,0.301770433783531,0.155365169048309,3.39585803885711e-05,100,"11","11",NA,NA,"Epiphytic","arborescent",0.073671623,0.334185632687942,0.209129576464255,0.378947733322351,0.203055124822288,0.77228163870096,0.0598859311351679,0.117895249765943,1670884.116
"497","Lepismium_warmingianum",13,44,4,1.28979861736298,20.7500000000001,23.55,17.15,1687.55,249.35,67.2,32.65,628.7,244.55,577.4,284.8,8.9,0.542999982833862,277.9,27.95,12.05,16,22.95,17.35,1951.45,118.225,628.25,2.78388214111328,0.000279865678749047,44,3.5821328163147,1.47380930185318,0.000304825109196827,30,"11","11","bee","ancestral","shrubby","arborescent",0.073671623,0.334256702680062,0.272777266018028,0.490169177216557,0.267368315826153,0.868878657173864,0.120826794252592,0.262261599259255,756781.665
"498","Leptocereus_leonii",NA,NA,NA,NA,NA,NA,NA,NA,NA,NA,NA,NA,NA,NA,NA,NA,NA,NA,NA,NA,NA,NA,NA,NA,NA,NA,NA,NA,NA,NA,NA,NA,500,"#N/A","#N/A","bat","derived","shrubby/arborescent","arborescent",0.073710508,0.363871899980057,0.218769401668622,0.397947372275525,0.20741047360133,0.774505895148613,0.073922119077585,0.24415055114488,NA
"499","Leptocereus_quadricostatus",14,29,4,1.01828634738922,25.65,26.95,24.35,1114.5,179.9,36.8,50.9,467.6,123,358.4,124.1,4.6,0.596000003814697,101.8,29.55,21.85,7.7,26.15,24.45,1529.9,148.95,160.5,2.14694547653198,0.000165865814778954,53,5.07704257965088,1.26987397670746,0.000244830443989486,400,"11","11",NA,NA,"arborescent","arborescent",0.073710508,0.363871899980057,0.218769395523279,0.397947372359944,0.207410476867436,0.774505769760955,0.073922119077585,0.24415055114488,NA
"500","Leuchtenbergia_principis",14,37,4,0.27678856253624,18.85,22.65,13.6,401.2,71.6,8.3,66.3,192,39.7,164.15,44.8,12.9,0.56100001335144,356.75,29,6.75000000000006,22.2,22,15.85,679.4,124.57,1569.25,2.17538857460022,0.000149672712723259,30,2.53515422344208,1.08115792274475,0.000136522212415002,70,"#N/A","#N/A","bee","ancestral","globose_caespitose/globose_solitary","compact",0.038700078,0.299447773373723,0.208041558363439,0.383317656927347,0.202944927615311,0.772443604128467,0.0476082386629692,0.218720274017529,97887.28925
"501","Leuenbergeria_aureiflora",NA,NA,NA,NA,NA,NA,NA,NA,NA,NA,NA,NA,NA,NA,NA,NA,NA,NA,NA,NA,NA,NA,NA,NA,NA,NA,NA,NA,NA,NA,NA,NA,600,"#N/A","#N/A",NA,NA,"shrubby","arborescent",0.062848873,0.0948630278774628,0.210889934870506,0.378595975623578,0.2035243673964,0.772280897726349,0.0602635313226646,0.0916671826765158,NA
"502","Leuenbergeria_bleo",14,42,4,2.03953504562378,26.15,26.65,25.65,2575.35,335,32.25,50.35,938.5,131.5,390.65,826,6.3,0.766499996185303,36.8,30.35,22.65,8.2,25.7500000000001,26.45,2343,125.6,99,2.13549661636353,0.000190661514352541,27,2.07441484928131,0.936273604631424,0.000196791792404838,800,"#N/A","#N/A",NA,NA,"shrubby/arborescent","arborescent",0.062848873,0.0952233074702986,0.20969764392053,0.378476911395173,0.2031768672009,0.772280654988451,0.057308902688524,0.0873414316308741,20247.33199
"503","Leuenbergeria_guamacho",14,41,4,0.898557960987091,26.65,27.35,25.65,1279.6,203.2,12.65,61.45,538.6,55.8,228.8,261.6,7.7,0.727500009536743,72.8,31.65,21.95,10.6,26.15,26.2500000000001,1637.85,143.22,160.5,1.50709414482117,0.000109796677861596,17.5,1.42392516136169,0.640268385410309,0.000107038467831444,800,"#N/A","#N/A",NA,NA,"shrubby","arborescent",0.062848873,0.0948630278774628,0.210889938230802,0.378595975713798,0.203524534344404,0.772281290085702,0.0602635313226646,0.0916671826765158,265033.9977
"504","Leuenbergeria_lychnidiflora",13,40,4,1.09756875038147,25.65,26.7500000000001,24.55,1617.9,312.1,5.4,87.8,819.75,23.85,265.45,337.65,8.4,0.663000011444092,92.5,31.85,20.45,13.3,25.35,25.45,1913,140.49,288.25,4.11456489562988,0.000324805485433899,64,5.14994764328003,2.0329258441925,0.000358171862899326,1000,"#N/A","#N/A",NA,NA,"shrubby","arborescent",0.062806929,0.0946316597555025,0.207920884432046,0.378417359071622,0.202934381605019,0.772279376434058,0.0351591798068996,0.0482844230636727,127220.3425
"505","Leuenbergeria_marcanoi",14,39,4,0.789775907993317,24.65,25.9,23.3,990.15,142.95,26,47.8,394.1,96.2,315.65,100.9,7.2,0.680000019073486,104.4,29.2500000000001,19.05,10.55,25.7,23.35,1408.1,138.355,331.5,3.81505393981934,0.000259197317063808,61.75,5.15393400192261,1.84959483146667,0.00029758749587927,600,"#N/A","#N/A",NA,NA,"shrubby","arborescent",0.062848873,0.100480432760284,0.269885873415944,0.422706199916352,0.256764223365865,0.784079941805128,0.142710269079673,0.225254916765774,8820.40357
"506","Leuenbergeria_portulacifolia",14,41,4,0.733114182949066,25.95,27.65,24.2500000000001,997.75,151.85,19.4,55.05,373.25,79.1,288.2,79.6,9,0.675,126.7,32.15,19.55,12.8,26.95,24.2500000000001,1415.85,149.75,250.75,4.57018327713013,0.000339734702720307,73.5,5.80845308303833,2.36963737010956,0.000372020585928112,500,"#N/A","#N/A",NA,NA,"shrubby","arborescent",0.062848873,0.100480432760284,0.269885877886063,0.422706200081183,0.256764082424955,0.784079585419656,0.142710269079673,0.225254916765774,2667.735893
"507","Leuenbergeria_zinniiflora",13,36,4,0.9576316177845,25.95,27.85,24.05,1290.05,194.95,25.4,59,506.5,92.1,464.45,94.95,7.4,0.601500010490418,151.1,32.2500000000001,20.05,12.1,27.35,24.05,1686.15,147.22,48,0.61237245798111,4.86195513076382e-05,6.5,0.538545310497284,0.221937507390976,4.51706073363312e-05,800,"#N/A","#N/A",NA,NA,"shrubby","arborescent",0.062848873,0.100480432760284,0.255380249792384,0.405976596863692,0.239217855962783,0.776787017192072,0.0932853099236305,0.144720575322175,19490.03114
"508","Lophophora_diffusa",13,39,4,0.347342491149902,17.4,20.2,14.05,502.8,95.15,6.3,78.3,260.6,30.5,146.85,30.9,12.3,0.609000015258789,243.1,27.3,7.00000000000003,20.2,18.8,14.1,825.5,117.45,1986,4.53608894348145,0.000339866339345463,72,5.78717231750488,2.32995367050171,0.000439536510384642,7,"#N/A","#N/A","bee, ento","derived","globose_solitary/globose_caespitose","compact",0.038700604,0.558027436602636,0.208445601331746,0.397881156255768,0.20298747314387,0.774084985113521,0.0536509628432718,0.303818881445811,306.512806
"509","Lophophora_williamsii",14,38,4,0.296835124492645,20.2500000000001,26.6,13.15,437.7,74.9,10.7,63.2,194.9,42.65,167.7,45.95,12.4,0.475,532.05,33.05,6.25000000000006,25.8,25.55,15.05,732.95,129.92,1120.25,0.982264578342438,7.57725538278464e-05,15.5,1.36772322654724,0.425416588783264,7.57531597628258e-05,6,"11","11","bee","ancestral","globose_solitary/globose_caespitose","compact",0.038700604,0.558027436602636,0.209017977803332,0.397881156252373,0.203079196644384,0.774085490993562,0.0620443531058759,0.303818881445811,368040.1124
"510","Lymanbensonia_brevispina",15,44,7,1.26632881164551,12.65,13.15,11.65,1274.3,229.1,49.9,48.3,546.5,159.2,546.5,168.9,7.2,0.740000009536743,64.3,17.2500000000001,7.55000000000001,9.7,13.15,11.85,1642.3,99.72,2818.5,8.29909610748291,0.000300412735668942,313.5,27.9642295837402,4.83063650131226,0.00170004810206592,NA,"#N/A","#N/A",NA,NA,"Epiphytic","arborescent",0.073523998,0.165897264931419,0.2079078330896,0.378609545189548,0.202935847045716,0.772280828079852,0.0374072834709976,0.10222473932363,NA
"511","Lymanbensonia_incachacana",NA,NA,NA,NA,NA,NA,NA,NA,NA,NA,NA,NA,NA,NA,NA,NA,NA,NA,NA,NA,NA,NA,NA,NA,NA,NA,NA,NA,NA,NA,NA,NA,NA,"#N/A","#N/A",NA,NA,"Epiphytic","arborescent",0.073523998,0.165897264931419,0.221929673040168,0.404639029585629,0.211086775578932,0.779832424009898,0.0610067420973239,0.169128918520455,NA
"512","Lymanbensonia_micrantha",NA,NA,NA,NA,NA,NA,NA,NA,NA,NA,NA,NA,NA,NA,NA,NA,NA,NA,NA,NA,NA,NA,NA,NA,NA,NA,NA,NA,NA,NA,NA,NA,NA,"#N/A","#N/A",NA,NA,"shrubby","arborescent",0.073523998,0.165897264931419,0.221929672354661,0.404639029884629,0.211086748568029,0.779833160948742,0.0610067420973239,0.169128918520455,NA
"513","Maihuenia_patagonica",20,67,9,0.271991953253746,11.85,18.85,4.40000000000003,288,38.3,14.2,30.45,98.6,47.8,53.65,76.75,10.9,0.405000019073486,573.25,26.2500000000001,-0.749999999999943,27.1,8.05000000000001,17.2500000000001,505,110.63,646.25,1.05326867103577,9.18002588150557e-05,16,1.39375555515289,0.535215795040131,9.0881312644342e-05,40,"11","11","bee","ancestral","cushion_forming","compact",0.062309235,0.0923423076865239,0.238104914051468,0.397105108289034,0.228776816094065,0.776212965023911,0.0487597058989033,0.0659815772013526,281237.0856
"514","Maihuenia_poeppigii",17,48,7,2.14647436141968,11.85,16.85,7.25000000000006,2233.95,437.55,43.4,76.45,1195.65,145.7,145.7,1083.6,10.5,0.480999994277954,384.2,24.15,2.95000000000005,21.7,7.75000000000006,16.85,1527,91.615,390.25,3.28526449203491,0.000311791824060492,46.5,3.79291129112244,1.69612395763397,0.00030789608717896,6,"11","11","bee","ancestral","cushion_forming","compact",0.062309235,0.0923423076865239,0.238105020301111,0.397105108058584,0.228776469992984,0.776214173018562,0.0487597058989033,0.0659815772013526,20022.62656
"515","Maihueniopsis_archiconoidea",18,61,9,0.387772560119629,6.95000000000005,12.8500000000001,-0.0999999999999659,361.6,86.4,12.65,74.8,193.75,42.3,56.45,193.75,11.2,0.471999979019165,507.5,18.3500000000001,-5.59999999999997,23.8,-0.0999999999999659,6.85000000000002,578,103.04,2654.25,6.88292598724365,0.000509527395479381,244.25,21.7538003921509,4.27922081947327,0.00104670401196927,20,"#N/A","#N/A",NA,NA,"cushion_forming","compact",0.185411283,0.363206658786864,0.464351981554312,0.879362339096812,0.385572925802988,1.05205445398565,0.493081120783836,0.73477531646167,404.3189688
"516","Maihueniopsis_atacamensis",NA,NA,NA,NA,NA,NA,NA,NA,NA,NA,NA,NA,NA,NA,NA,NA,NA,NA,NA,NA,NA,NA,NA,NA,NA,NA,NA,NA,NA,NA,NA,NA,30,"#N/A","#N/A","bee","ancestral","cushion_forming","compact",0.16092106,0.333029862750233,0.234758315256818,0.386076167070704,0.215261057604713,0.772500819727513,0.14189840402019,0.235615316274783,NA
"517","Maihueniopsis_clavarioides",19,61.5,9,0.256475061178207,8.25000000000006,15.3,0.450000000000045,296.75,37.3,15.1,36.55,103.8,53.2,103.8,69.85,13.6,0.501000022888184,550.4,22.8,-5.44999999999999,26.8,15.3,5.15000000000003,518.9,103,2267.5,2.0577597618103,0.000125672260764986,33.25,2.79122805595398,0.667494744062424,0.000180209412064869,3,"#N/A","#N/A",NA,NA,"geophytic","compact",0.160703653,0.332978451641256,0.213723578235327,0.379205923242536,0.204074934794187,0.77228334326711,0.0736601454110079,0.128586417585882,1258.964739
"518","Maihueniopsis_colorea",16,76,9,0.0239351559430361,18.2500000000001,21.45,14.65,34.4,10,0.2,115.7,24.2,1,1.2,24.2,12.6,0.594999980926514,266.4,28.2500000000001,7.05000000000001,21.2,14.65,19.65,65.3,117.34,687.5,7.26184368133545,0.000606763642281294,101,8.24870872497559,3.3015444278717,0.000689586624503136,NA,"#N/A","#N/A",NA,NA,"shrubby","arborescent",0.16092106,0.333029862750233,0.234758296811781,0.386076168170114,0.215261121322349,0.77250144600378,0.14189840402019,0.235615316274783,NA
"519","Maihueniopsis_conoidea",19,63,9,0.277134045958519,7.00000000000003,9.70000000000005,3.45000000000005,282.2,84.75,3.2,120.5,200.9,10.2,123,15.6,13.6,0.673999977111816,270.6,16.5,-3.04999999999995,20.3,9.10000000000002,5.25000000000006,490.65,105.25,3754.5,2.53952932357788,0.000157319533172995,53,4.97982478141785,1.23700988292694,0.000208638928597793,NA,"#N/A","#N/A",NA,NA,"cushion_forming","compact",0.185411283,0.363206658786864,0.46435198881161,0.87936233334445,0.385572909239406,1.05205389203743,0.493081120783836,0.73477531646167,3578.030761
"520","Maihueniopsis_darwinii",20,67,9,0.292868107557297,11.35,18.3,4.35000000000002,292.3,39.85,14.7,31,101.45,49.8,56.75,74.2,10.6,0.403000020980835,559.95,25.35,-0.549999999999955,26.4,7.85000000000002,15.15,511.8,108.4,459.75,0.747391283512115,7.31468353478704e-05,12,1.01682007312775,0.417008101940155,6.9448087742785e-05,4,"22","22=0.50_33=0.50",NA,NA,"globose_caespitose","compact",0.162655619,0.33814525448402,0.313995063100714,0.501532045560251,0.30083557156145,0.857229640365074,0.211752188797341,0.380720176628969,587562.4455
"521","Maihueniopsis_domeykoensis",NA,NA,NA,NA,NA,NA,NA,NA,NA,NA,NA,NA,NA,NA,NA,NA,NA,NA,NA,NA,NA,NA,NA,NA,NA,NA,NA,NA,NA,NA,NA,NA,15,"#N/A","#N/A",NA,NA,"cushion_forming","compact",0.160886675,0.333011565957422,0.220290158608348,0.380647702520064,0.206521658150401,0.772296921264778,0.0916488857478093,0.158543578850604,NA
"522","Maihueniopsis_glochidiata",NA,NA,NA,NA,NA,NA,NA,NA,NA,NA,NA,NA,NA,NA,NA,NA,NA,NA,NA,NA,NA,NA,NA,NA,NA,NA,NA,NA,NA,NA,NA,NA,NA,"#N/A","#N/A",NA,NA,"shrubby","arborescent",0.185411283,0.363495674587874,0.476167781625354,0.722155897479493,0.38741993328444,0.959580688931581,0.578032951699379,0.853778754601049,NA
"523","Maihueniopsis_glomerata",19,61,9,0.328046545386314,4.65000000000003,10.05,-1.94999999999999,294,54.55,7.35,70.45,138.95,29.95,77.1,67.55,12.3,0.493499994277954,514.05,16.45,-7.94999999999999,24.5,6.15000000000003,5.00000000000003,384.85,99.815,3345,4.72278022766113,0.000364085601177067,106,8.9414439201355,2.76175630092621,0.00046963439672254,NA,"22","22=0.50_44=0.50",NA,NA,"cushion_forming","compact",0.168636054,0.34578800640235,0.279259744269145,0.437579791584056,0.25537507663785,0.785800504084411,0.183024718633192,0.327533907823863,194175.9501
"524","Maihueniopsis_hickenii",18,65,9,0.30597397685051,10.7500000000001,15.95,5.35000000000002,233.2,33.2,13.6,30.8,84.7,44.9,48.6,64.2,7.4,0.374000000953674,411.2,21.45,1.75000000000006,19.7,8.15000000000003,14.95,415.9,84.31,59,1.93245315551758,0.000114836664579343,23.5,2.19276237487793,1.07112038135529,0.00010976967314491,NA,"#N/A","#N/A",NA,NA,"globose_caespitose","compact",0.162655619,0.33814525448402,0.313995038634999,0.501532046082034,0.300835434622302,0.857229463666146,0.211752188797341,0.380720176628969,NA
"525","Maihueniopsis_minuta",NA,NA,NA,NA,NA,NA,NA,NA,NA,NA,NA,NA,NA,NA,NA,NA,NA,NA,NA,NA,NA,NA,NA,NA,NA,NA,NA,NA,NA,NA,NA,NA,NA,"#N/A","#N/A",NA,NA,"cushion_forming","compact",0.16092106,0.333029862750233,0.227523813665055,0.382578026174716,0.210266348641717,0.772338095722226,0.124742901387722,0.207641906653136,NA
"526","Maihueniopsis_molfinoi",NA,NA,NA,NA,NA,NA,NA,NA,NA,NA,NA,NA,NA,NA,NA,NA,NA,NA,NA,NA,NA,NA,NA,NA,NA,NA,NA,NA,NA,NA,NA,NA,NA,"#N/A","#N/A",NA,NA,"cushion_forming","compact",0.185204863,0.363337985365964,0.383558098283193,0.70021608719684,0.349683968800461,0.949739823045008,0.275497467561366,0.686607934332364,NA
"527","Maihueniopsis_ovata",NA,NA,NA,NA,NA,NA,NA,NA,NA,NA,NA,NA,NA,NA,NA,NA,NA,NA,NA,NA,NA,NA,NA,NA,NA,NA,NA,NA,NA,NA,NA,NA,10,"22","22",NA,NA,"cushion_forming","compact",0.185411283,0.363495674587874,0.476167764768742,0.743244098687263,0.387419814985028,0.970140885719845,0.578032951699379,0.983524670355155,NA
"528","Maihueniopsis_platyacantha",NA,NA,NA,NA,NA,NA,NA,NA,NA,NA,NA,NA,NA,NA,NA,NA,NA,NA,NA,NA,NA,NA,NA,NA,NA,NA,NA,NA,NA,NA,NA,NA,10,"#N/A","#N/A",NA,NA,"globose_caespitose","compact",0.185411283,0.363495674587874,0.431491088978653,0.743244098013255,0.371160792827803,0.970141789014124,0.472810252633279,0.983524670355155,NA
"529","Mammillaria_albicans",12,37,1,0.196957275271416,23.55,28.6,18.65,231.45,73.3,0.4,115.45,155.1,2.2,147.3,43.85,6.6,0.41100001335144,391.8,31.45,16.05,15.8,27.85,24.15,413.05,141.255,212.5,6.91773796081543,0.000578199047595263,116,9.64169597625732,4.00142550468445,0.000705811195075512,20,"#N/A","#N/A",NA,NA,"globose_caespitose","compact",0.070465021,0.59355741088767,0.321037138684121,1.95705689522798,0.309589796702239,1.33445941200349,0.254099021896544,1.44853579654181,512.9782937
"530","Mammillaria_albicoma",15,37,4,0.293930172920227,19.35,22.85,14.4,438.6,77.3,9.45,63,194,44,176.45,46.3,12.2,0.58050000667572,331,29.65,8.25000000000003,21.2,22.15,15.95,734.2,121.595,1404,7.31866407394409,0.000361528305802494,80.5,6.61602067947388,3.34522533416748,0.000401017430704087,5,"#N/A","#N/A",NA,NA,"globose_caespitose","compact",0.039189295,0.594295860396673,0.211284476293795,0.610072294533976,0.203795711719369,0.901181559321715,0.0863034318596892,0.845967956076736,NA
"531","Mammillaria_albiflora",NA,NA,NA,NA,NA,NA,NA,NA,NA,NA,NA,NA,NA,NA,NA,NA,NA,NA,NA,NA,NA,NA,NA,NA,NA,NA,NA,NA,NA,NA,NA,NA,5,"#N/A","#N/A",NA,NA,"globose_solitary/globose_caespitose","compact",0.038731689,0.583474133547794,0.228903470720006,0.534514428757628,0.213511639416735,0.866582316187487,0.0906691111777494,0.426344016728618,NA
"532","Mammillaria_albilanata",13,39,4,0.824841797351837,21.7500000000001,23.55,19.85,1258.75,270.7,5,100.1,733.55,22.05,291.8,32.55,11.4,0.646000003814697,134.35,30.35,12.95,17.7,22.15,20.55,1636.3,132.795,1229.75,5.6559910774231,0.000472067782538943,123,10.1874747276306,3.38185811042786,0.000618560152361169,15,"11","11",NA,NA,"globose_solitary/globose_caespitose","compact",0.44689565,4.68658028699846,0.291135286014402,6.32977465655306,0.217682008571599,NA,0.706290886118136,19.4204211327966,139802.5209
"533","Mammillaria_anniana",14,41,4,0.734861016273499,23.7500000000001,27.15,18.85,1068.5,204.9,15.2,79.8,554.1,62.4,467.8,70.1,9.2,0.51399998664856,335.1,32.55,14.65,17.9,27.15,20.15,1486,134.86,265.5,1.69096863269806,0.00010437050514156,82,8.46986961364746,0.893210113048553,0.000201143018784933,3,"#N/A","#N/A",NA,NA,"globose_caespitose","compact",0.069792465,0.60237665135607,0.26001148268933,1.74883028285876,0.233472320838611,1.26113441045412,0.153528825580969,1.30415929194441,NA
"534","Mammillaria_armillata",12,40,1,0.267392635345459,23.45,28.05,18.85,375.1,144.5,0.3,133.4,279.35,2.3,211.75,43.3,9.7,0.515000009536743,372.8,32.65,13.95,18.6,27.55,24.2500000000001,640.3,132.52,213.5,1.94849115610123,0.000152398861246184,30.75,2.72909557819366,0.80169266462326,0.000158394803293049,30,"11","11",NA,NA,"globose_solitary/globose_caespitose","compact",0.038738267,0.586328702931622,0.209290829256091,0.458328847876057,0.203162936800148,0.828062747204289,0.0705928663321355,0.62538883586935,6279.78502
"535","Mammillaria_aureilanata",NA,NA,NA,NA,NA,NA,NA,NA,NA,NA,NA,NA,NA,NA,NA,NA,NA,NA,NA,NA,NA,NA,NA,NA,NA,NA,NA,NA,NA,NA,NA,NA,7.5,"#N/A","#N/A",NA,NA,"globose_solitary","compact",0.038688072,0.585621182926096,0.207770270675473,0.383618472379548,0.202932619159274,0.776478583290325,0.0481905903063435,0.383481995487856,NA
"536","Mammillaria_backebergiana",12,38,4,0.724996596574783,23.95,25.85,22.35,1157.15,259.6,2.4,109.9,735.3,15.45,259.7,36.8,11.5,0.619000005722046,169,32.55,15.6,18.7,24.45,24.1,1567.85,134.32,865,6.40114116668701,0.000518735614605248,127.5,10.9696397781372,3.58540368080139,0.000682895159116015,30,"#N/A","#N/A",NA,NA,"globose_solitary","compact",0.483591233,2.09506438656989,0.224634308164111,5.60013935798138,0.20788942069473,0.793135747212573,0.649765235791773,6.81133416230957,17237.21047
"537","Mammillaria_barbata",12,38,4,0.455919682979584,14.05,19.7500000000001,7.45000000000005,605.9,155.5,9.7,97.9,402.85,35.05,334.9,56.25,14.4,0.519000005722046,499,27.95,0.450000000000045,27.5,18.7500000000001,12.7500000000001,964.3,116.07,2027.5,4.77849125862122,0.000460144758108072,74.75,5.85540103912354,2.46717953681946,0.000504657888086513,NA,"#N/A","#N/A",NA,NA,"globose_solitary/globose_caespitose","compact",0.038688072,0.585583979406687,0.212723773507784,0.44212334529732,0.204583795657861,0.812680886809134,0.0683689498880127,0.433778794813248,140121.8287
"538","Mammillaria_baumii",14,40,4,0.490977078676224,18.95,22.6,14.2,696.65,139.3,14.3,68.95,317.7,56.3,274.35,56.3,11.1,0.571999979019165,338.45,28.1,8.65000000000003,19.3,22.05,14.2,1079.2,124.56,1185,6.54178261756897,0.000482786519569345,145.5,12.3904733657837,3.80925929546356,0.000648909859592095,7,"11","11",NA,NA,"globose_caespitose","compact",0.038688072,0.585358068206916,0.208283639252972,0.390880615285508,0.202973003366466,0.775818718398867,0.0556958202089496,0.352234107599527,3889.496795
"539","Mammillaria_beneckei",12,38,4,0.76410698890686,22.85,24.7500000000001,20.55,1148.2,273.55,3.1,107.9,741.85,18.05,289.15,44.6,11.6,0.632000017166138,152.5,31.55,13.85,18.15,23.65,22.7500000000001,1560.8,132.415,901.5,5.64786911010742,0.000445475787273608,109.75,9.25446510314941,3.22862040996552,0.000550305907381698,10,"#N/A","#N/A",NA,NA,"globose_solitary/globose_caespitose","compact",0.038688072,0.586508342805125,0.207857343768136,0.386311365112961,0.202941349314152,0.775630716817908,0.0527688263920576,0.363298926184106,200486.9601
"540","Mammillaria_blossfeldiana",12,40,4,0.0981091596186161,19.05,24.35,15.05,120.8,26.7,0.6,79.7,61.75,4.4,19.5,60.6,10.3,0.48899998664856,352.85,30.7500000000001,10.55,20.35,15.05,18.7500000000001,223.2,122.775,206,2.49832689762115,0.000191673920198809,32.75,2.6394190788269,1.17253220081329,0.000191282291780226,5,"22","22",NA,NA,"globose_solitary/globose_caespitose","compact",0.070465021,0.59355741088767,0.274224011388065,1.22478289098492,0.258833619226778,1.11861906905017,0.178422819588493,1.05278609018107,4461.457218
"541","Mammillaria_bocasana",13,35,4,0.311299800872803,17.2500000000001,20.35,13.05,443.7,77.95,8.8,67.4,208.05,40.85,178,43.8,12.7,0.592999982833862,300.2,27.55,6.15000000000003,21.3,19.55,15.05,741.6,122.48,1916.25,1.2421470284462,8.81467240105849e-05,23.5,2.08355093002319,0.690013974905014,0.000108539607026614,12,"11","11",NA,NA,"globose_caespitose","compact",0.044696278,0.596305802869511,0.224036668879591,0.52466112232169,0.208894140639105,0.864330569715991,0.114743243604225,0.67318489568804,19654.7892
"542","Mammillaria_bocensis",12,38,4,0.246302992105484,24.45,30.45,17.85,387.8,102.05,0.5,110.3,270.5,6.1,238.1,57.45,11.75,0.494000005722046,492.65,35.65,12.05,23.5,30.4,23.55,659.4,141.125,11.5,0.47381766140461,2.63621150224935e-05,3,0.180392995476723,0.0808368697762489,2.49335025728215e-05,9,"11","11",NA,NA,"globose_solitary","compact",0.429856129,4.68318623127632,0.225074859223015,5.15725936228081,0.241656037853864,0.790944585322246,0.210562204948811,5.61408521267397,14801.76686
"543","Mammillaria_bombycina",12,37,4,0.480394169688225,17.65,20.95,13.65,735.85,203.25,3.4,108.6,484.9,22.9,158.1,43.95,14,0.596999979019165,280.4,29.05,5.75000000000006,23.4,19.95,17.15,1126.8,134.91,2016.75,3.99560308456421,0.000613035925198346,82.5,6.76531982421875,2.57719039916992,0.000454861306934617,15,"11","11",NA,NA,"globose_caespitose","compact",0.038719009,0.59104797103916,0.208236965903295,0.389820248481865,0.202960465731079,0.784686214746704,0.055508323221389,0.437438635780862,15.97616106
"544","Mammillaria_boolii",12,38,3,0.204365864396095,24.35,30.95,17.55,279.4,67.95,0.6,101.2,188.05,5.4,187,49.15,9.2,0.409000015258789,534.1,34.8,12.15,22.55,30.95,26.35,491.25,134.75,39.5,2.26796746253967,0.000134389825689141,20.25,1.72744542360306,0.960164815187454,0.000119474512757733,3.5,"11","11",NA,NA,"globose_solitary","compact",0.038703014,0.585839346613578,0.214940357148607,0.459705461512009,0.205781028227962,0.830328227872453,0.0773056946393516,0.573781305503759,862.9853467
"545","Mammillaria_brandegeei",12,41,4,0.0994864888489246,20.55,27.1,15.2500000000001,136.5,30.2,0.5,85.65,71.8,2.8,43.55,47.7,12.2,0.488000011444092,477.55,34.45,10.1,24.65,25.55,21.5,250.95,132.18,340,4.01243162155151,0.00030742769013159,47.5,3.6857590675354,1.83235991001129,0.000311150040943176,NA,"11","11",NA,NA,"globose_solitary/globose_caespitose","compact",0.038694448,4.04581381980264,0.207801026254066,3.14556250324218,0.202935698445899,0.93886469349698,0.0765088820935561,2.43651001660756,55427.47101
"546","Mammillaria_capensis",NA,NA,NA,NA,NA,NA,NA,NA,NA,NA,NA,NA,NA,NA,NA,NA,NA,NA,NA,NA,NA,NA,NA,NA,NA,NA,NA,NA,NA,NA,NA,NA,25,"132","132",NA,NA,"globose_caespitose","compact",0.070465021,0.59355741088767,0.283590310657183,1.38274804399894,0.269942367469753,1.16717041204324,0.184049150008887,1.08572142619582,NA
"547","Mammillaria_carmenae",15,47,6,0.624668300151825,16.85,20.7500000000001,11.85,821.9,172.9,17.7,68.8,372.6,67.1,296.4,67.1,10.9,0.56100001335144,353.4,25.95,6.45000000000005,19.5,20.2500000000001,11.85,1227.1,120.25,1414,7.22733545303345,0.000799588102381676,228.5,20.90380859375,3.00547289848328,0.00126000831369311,10,"11","11",NA,NA,"globose_caespitose","compact",0.039189295,0.621992253710805,0.413751059112924,4.63129435532817,0.380271346662767,1.81391962115388,0.325745908381923,2.83283336210109,NA
"548","Mammillaria_carnea",13,41,4,0.513204902410507,17.95,19.9,15.5,737.6,152.8,8.2,88.75,398.55,29,236.45,32.8,11.5,0.623999977111816,175.7,26.95,8.85000000000002,18.1,19.05,15.8,1128.85,121.87,1844.75,5.67546772956848,0.000453035157988779,124.25,10.5553789138794,3.21463859081268,0.000609795795753598,20,"11","11","bee","ancestral","globose_solitary/globose_caespitose","compact",0.429856129,4.68318623127632,0.229189358406276,5.21573076120274,0.248275910313024,0.79444306108972,0.234202907368608,5.71988598523758,14614.50574
"549","Mammillaria_carretii",15,35,4,0.24316630512476,20.8,26,14.35,346.9,92.2,9.3,75.7,174.65,39.9,115.75,43.4,11.25,0.496000003814697,459.9,31.1,8.45000000000005,22.8,25.05,16.15,597.3,119.815,926.5,5.91046476364136,0.000308680930174887,68.5,5.89378929138184,3.00656235218048,0.000335296528646722,7,"#N/A","#N/A",NA,NA,"globose_solitary","compact",0.038688072,0.588081003156547,0.207769697383498,0.380042855162172,0.20293251221583,0.774155827475549,0.0478685702773344,0.345253353869343,154.0778777
"550","Mammillaria_cerralboa",12,39,1,0.331051662564278,23,27.15,18.7,238.35,88.1,0.3,124,166.6,1.7,152.2,31.05,2.4,0.21800000667572,334.65,28.65,17.45,11.15,26.9,23.05,424.45,134.595,238.25,5.53326964378357,0.000529744866071269,137.5,11.3463673591614,3.87849521636963,0.000678370706737041,20,"#N/A","#N/A",NA,NA,"globose_solitary/globose_caespitose","compact",0.038791656,0.587203931331886,0.225870321510378,0.865792972509587,0.210525287097907,1.01284570001316,0.11449074025573,0.975042519385955,94.48077908
"551","Mammillaria_coahuilensis",12,41,4,0.194252535700798,20.05,24.35,14.7500000000001,306.2,57.4,4.4,79.6,155.9,25,121.3,28.6,13.4,0.569000005722046,381.4,30.65,6.85000000000002,23.5,23.2500000000001,18.85,533.9,132.94,1618,1.4017288684845,5.79493789700791e-05,5.5,0.396183758974075,0.149664431810379,3.88813277822919e-05,5,"#N/A","#N/A",NA,NA,"globose_solitary","compact",0.038747213,4.0624662186849,0.320654052409831,4.33829084301123,0.310433883556433,1.63218969361813,0.130617886550284,2.39454452971479,NA
"552","Mammillaria_compressa",14,38,4,0.353492066264153,17.6,20.65,13.45,501.7,94,9,71.2,251.05,39.7,182.25,41.85,12.2,0.590999984741211,305.9,27.55,6.85000000000002,20.4,19.7500000000001,14.55,823.95,120.8,1828.25,3.66985857486725,0.000269235635641962,52.25,4.39101839065552,1.87118536233902,0.000283492670860142,20,"22","11=0.17_22=0.83",NA,NA,"globose_solitary/globose_caespitose","compact",0.038747213,4.06453010541416,1.69350374519766,6.17697225658866,NA,NA,0.153333552469886,3.89427917072518,98012.94184
"553","Mammillaria_crinita",12,37,4,0.395336538553238,17.45,20.55,13.45,581.3,128.05,5.5,90.55,332.65,28.2,170.9,38,13,0.6,269,27.85,6.35000000000002,21.4,19.45,15.85,932,126.275,2000,1.83603411912918,0.00013672871136805,30.5,2.55826425552368,1.00586795806885,0.000144474863191135,8,"#N/A","#N/A",NA,NA,"globose_solitary/globose_caespitose","compact",0.069792465,0.606606535903444,0.362894582181297,4.01270779215318,0.362381014926402,1.74221060916519,0.274890215260801,2.33915803331346,171907.037
"554","Mammillaria_crucigera",13,43,4,0.496615082025528,21.85,23.95,19.2500000000001,795.5,160.2,10.7,89,450.4,35.9,210.9,42.8,10.7,0.603000020980835,183.6,30.85,13.55,17.7,22.85,20.15,1196.9,125.36,1059,3.65718460083008,0.000170055674971081,63.5,5.84547567367554,1.06928277015686,0.000257683743257076,10,"11","11",NA,NA,"globose_solitary","compact",0.44689565,4.68658028699846,0.259344526677868,6.29601331059442,0.208014489857193,NA,0.635748540939256,18.2877613543726,NA
"555","Mammillaria_decipiens",13,37,4,0.350630402565002,17.2500000000001,20.2500000000001,13.5,496.7,96.2,9,73.7,255.8,39.1,168.7,40.8,12.1,0.588000011444092,275.7,27.35,6.65000000000003,20.6,19.2500000000001,14.45,816.95,121.225,1918,4.14365696907043,0.000298857761663385,61.5,4.86875200271606,2.15241539478302,0.000344122105161659,10,"11","11",NA,NA,"globose_caespitose","compact",0.038697449,0.585554268473014,0.208844965599794,0.396900585792022,0.203045959455233,0.782001895583134,0.0617041498230234,0.420342177650478,34953.42977
"556","Mammillaria_deherdtiana",12,40,4,0.647982954978943,20.15,21.95,18.2500000000001,987.5,204.95,4.8,92.25,569.1,20.2,304.45,22.8,12,0.636500000953674,156.35,29.85,10.85,18.3,20.85,18.4,1400.8,132.75,1441.5,5.20347476005554,0.000457523608929478,120.25,10.0017895698547,2.99346399307251,0.000620984530542046,2.5,"#N/A","#N/A",NA,NA,"globose_solitary","compact",0.038697449,0.585621182926096,0.207870379244978,0.381988734221291,0.202944167860549,0.775575454807184,0.0533343198643322,0.375451007493456,17532.87627
"557","Mammillaria_densispina",12,37,4,0.374168768525124,17.15,20.65,12.85,551.95,128.6,4.5,97.9,339.1,23,175.1,37.7,13.5,0.592999982833862,289.5,28.15,5.35000000000002,22.7,19.45,15.95,892.8,129.05,2026,2.20218181610107,0.000166250130860135,34.75,2.96350812911987,1.20819157361984,0.000183933116204571,12,"#N/A","#N/A",NA,NA,"globose_solitary","compact",0.038697449,0.58565706455976,0.218217804740431,0.490508255486325,0.20640464901843,0.840948935694805,0.0950857013379005,0.618528818380728,173929.7828
"558","Mammillaria_dioica",12,43,4,0.114032872021198,20.35,26.6,15.05,168.65,41.65,0.6,85.45,94.1,3,44.1,49.1,12,0.482000017166138,443.35,33.35,9.85000000000002,23.9,15.95,21.45,306.95,132.49,301.25,3.06692290306091,0.000263561465544626,43,3.4506459236145,1.46965342760086,0.000259563879808411,33,"33","22=0.44_33=0.56",NA,NA,"globose_solitary/globose_caespitose","compact",0.038733952,0.586060315832522,0.208539895509466,0.412848638348062,0.203040968931163,0.80155037972608,0.0653837587373605,0.552241676541165,146098.8047
"559","Mammillaria_discolor",13,41,4,0.574725121259689,16.05,18.05,13.55,788.8,159.55,8.7,80.6,419.25,33.85,260.1,34.75,11.6,0.6375,180.1,24.55,6.65000000000003,17.85,17.2500000000001,13.65,1184.7,116.425,2145.25,4.29934597015381,0.000311156021780334,80,6.43923473358154,2.25756967067719,0.000441852840594947,4.5,"#N/A","#N/A",NA,NA,"globose_solitary","compact",0.038708315,0.591065138326894,0.209414716178242,0.423492565036325,0.203185680266764,0.806361337862608,0.0721832428558929,0.518513309688522,65547.56246
"560","Mammillaria_dixanthocentron",13,41,4,0.520391255617142,16.7,18.7500000000001,14.45,712.7,156.95,7.65,90.4,398.3,26.9,243.65,30.65,11,0.617999982833862,173.6,25.95,8.05000000000001,17.9,17.65,14.6,1098.8,121.08,2014.25,5.99315333366394,0.000443198732682504,142.75,12.0349183082581,3.37644898891449,0.000632598006632179,20,"11","11",NA,NA,"globose_solitary","compact",0.44689565,4.68658028699846,1.47832789481155,6.49998125692029,0.207791321710917,NA,0.859090513431593,23.4792727768756,9078.039096
"561","Mammillaria_duoformis",12,40,4,0.404346689581871,22.55,24.85,19.95,700.9,151.4,3.6,99.2,399,16.85,224.8,17.4,13.6,0.659000015258789,184.55,32.55,11.55,21,23.65,19.95,1084.35,137.77,1404.25,4.13233208656311,0.000390759742003866,69,5.43634057044983,2.22019290924072,0.000471346895210445,9,"#N/A","#N/A",NA,NA,"globose_caespitose","compact",0.483591233,2.09506438656989,0.224102572653466,5.59332466783449,0.207718919692574,0.792672132742083,0.550927132156411,6.09751521158988,10139.55038
"562","Mammillaria_duwei",NA,NA,NA,NA,NA,NA,NA,NA,NA,NA,NA,NA,NA,NA,NA,NA,NA,NA,NA,NA,NA,NA,NA,NA,NA,NA,NA,NA,NA,NA,NA,NA,8,"#N/A","#N/A",NA,NA,"globose_solitary/globose_caespitose","compact",0.069792465,0.606606535903444,0.286162820158659,2.23517956473908,0.260187067639647,1.32980677574121,0.169314180862444,1.50405908072329,NA
"563","Mammillaria_elongata",14,39,4,0.509592175483704,17.7500000000001,20.55,14.35,676.25,130.1,9.6,79.15,351.95,40.2,191.8,40.2,11.15,0.58899998664856,246.8,27.15,8.00000000000003,19,19.35,14.45,1053.9,115.4,1767.5,6.85903477668762,0.00056926702382043,145.25,12.4225888252258,4.04777264595032,0.000723633536836132,3,"11","11",NA,NA,"globose_caespitose","compact",0.038697449,0.58565706455976,0.213260021660179,0.447167236723294,0.204174940527967,0.811503951023325,0.0767369266547163,0.512715579999699,9144.663319
"564","Mammillaria_eriacantha",13,40,4,1.31498831510544,22,24.4,18.7,1718.1,308.15,35.9,80.25,806.4,117.2,637.75,122.6,8.2,0.561999988555908,225.55,28.7500000000001,13.7500000000001,14.6,23.9,19.15,1908.3,121.97,620.25,4.84828352928162,0.000354932097252458,59,4.44858932495117,1.99152398109436,0.000354318341123872,50,"#N/A","#N/A",NA,NA,"globose_solitary","compact",0.44689565,4.68658028699846,2.86341180907177,6.64983356620426,NA,NA,1.6751825968313,45.1011604967042,5256.653471
"565","Mammillaria_erythrosperma",13,36,4,0.358775272965431,17.5,20.65,13.35,510.65,91.8,10.3,70.15,251.6,43,207.7,44.2,12.1,0.578000020980835,295.8,27.85,6.95000000000005,20.8,19.65,14.7500000000001,836.35,118.59,1756.25,4.04374587535858,0.000317785365041345,61,5.14550495147705,2.07964313030243,0.000363367566023953,5,"11","11",NA,NA,"globose_caespitose","compact",0.044696278,0.59357789859508,0.223904586844309,0.576306557505574,0.208816009922397,0.891231142752252,0.0959409018318934,0.703338258844398,3296.045703
"566","Mammillaria_evermanniana",12,39,1,0.323200136423111,22.95,27.15,18.7500000000001,231.55,84.6,0.3,123.6,160.95,1.6,146.4,30.1,2.3,0.215000009536743,334.6,28.55,17.35,11.1,26.85,23.05,413.2,135.55,253,5.90791344642639,0.000542111927643418,142.5,12.0965423583984,3.97959697246552,0.000693218258675188,NA,"#N/A","#N/A",NA,NA,"globose_solitary","compact",0.038688072,0.585994539651313,0.220706084253321,0.529584999098066,0.209240932516142,0.886092741798587,0.088674440187234,0.620632999206688,126.3891558
"567","Mammillaria_fittkaui",11,37,4,0.477243930101395,19.85,22.85,16.65,759.3,191.95,4.5,107.4,498.25,22.4,176.95,35.8,13.6,0.617999982833862,231.15,30.7500000000001,8.35000000000002,22.1,21.35,19.85,1154.65,131.12,1698.75,2.42663776874542,0.000168615631991997,38,3.2613685131073,1.28957641124725,0.000178045651409775,10,"11","11",NA,NA,"globose_caespitose","compact",0.069792465,0.598941557924337,0.434592285245368,2.62235625151021,0.420797620296701,1.6649864626388,0.333694061331561,1.39729107622716,20479.21677
"568","Mammillaria_flavicentra",13,41.5,4,0.546789616346359,16,17.9,14.1,731.1,161.1,5.7,89.5,401.8,22.85,253.05,25.1,11.1,0.626000022888184,155.6,25.35,7.55000000000001,17.7,16.8,14.15,1121.05,121.805,2110,3.77249026298523,0.000355997326551005,74.25,6.92918586730957,2.39368176460266,0.000502503564348444,18,"#N/A","#N/A",NA,NA,"globose_solitary","compact",0.44689565,4.68658028699846,0.26183114751918,6.2927966791609,0.208294358051903,NA,0.662558593553636,17.6863567821877,NA
"569","Mammillaria_formosa",14,37,4,0.317343384027481,18.35,22.15,13.55,450.3,81.6,9.4,68.7,216.05,42.9,179.1,47.15,12.4,0.569000005722046,342.05,28.7500000000001,6.75000000000006,21.8,21.4,15.85,751.15,124.95,1636.75,1.35494011640549,9.03049331100192e-05,21,1.85895568132401,0.693759381771088,9.02483443496749e-05,20,"#N/A","#N/A",NA,NA,"globose_solitary","compact",0.038694448,4.06631447954047,0.207803352564408,2.20131866511534,0.202932530869176,0.782103957785801,0.0754024117079509,1.99829173295384,165689.2228
"570","Mammillaria_gasseriana",14.5,41.5,4,0.1295026242733,22.6,28.05,15.6000000000001,217.35,35.85,5.6,59.5,100,21.5,81.45,30.2,13.45,0.501999998092651,497,34.3500000000001,7.65000000000003,26.7,26.95,20.9,389.55,156.71,1122.5,5.23805075883865,0.000483352559967898,52.5,4.1691742837429,4.28342121839523,0.000456590780231636,5,"#N/A","#N/A",NA,NA,"globose_caespitose","compact",0.038839175,0.586085425360521,0.220505339413426,0.724439769385853,0.207280894275392,1.12730937033252,0.105059252510923,0.75322970145915,NA
"571","Mammillaria_geminispina",14,38,4,0.431715205311775,19.05,22.2500000000001,15.05,604.05,117.85,10.2,77.4,309.3,42.45,228.45,43.55,11,0.56100001335144,293.8,28.45,9.10000000000002,19.6,21.15,15.85,961.9,118.525,1369,5.6774365901947,0.000476798129966483,106,8.58743667602539,3.11501276493073,0.000574585195863619,18,"11","11","bee","ancestral","globose_caespitose","compact",0.038747213,4.06453010541416,0.207791531635705,2.17356313226033,0.202933403745981,0.780949531946132,0.0767651662446186,1.92013495366535,25609.19861
"572","Mammillaria_gigantea",12,38,4,0.389733701944351,17.9,20.85,14.45,593,136.1,6.6,90.35,340.95,31.9,149.1,34.75,13.15,0.615000009536743,249.1,28.2500000000001,7.25000000000006,21.3,19.7500000000001,15.05,947.45,127.275,1915.75,2.86683106422424,0.000210447236895561,44.25,3.94108498096466,1.57003152370453,0.000230469493544661,10,"11","11",NA,NA,"globose_solitary","compact",0.038708315,0.591762506381481,0.319909874395948,1.85039066665006,0.32110717808445,1.58355127153591,0.152405550938355,1.23204206244162,31509.1195
"573","Mammillaria_glassii",14,37,4,0.38543900847435,16.7500000000001,20.45,11.85,535.25,102.1,12.8,66.9,260.75,54.7,203.4,58.65,11.7,0.576999998092651,348.8,26.7500000000001,5.75000000000006,21,19.95,13.4,870.15,117.39,1790,2.87462973594666,0.000180657661985606,39.25,3.28214395046234,1.35617530345917,0.000176655084942468,10,"#N/A","#N/A",NA,NA,"globose_caespitose","compact",0.038735182,0.59297182693594,0.209577957225749,0.490285137071003,0.203252766088204,0.848729077507552,0.0717216918245845,0.651237766460257,28590.97184
"574","Mammillaria_grahamii",14,49,6,0.240421086549759,18.35,27.35,8.95000000000005,349.9,67.1,6.45,66.05,165.2,26.85,143.15,74.3,13.7,0.415999984741211,730.05,34.7500000000001,2.05000000000001,32.4,25.15,20.55,601.9,128.105,1173.25,1.42449676990509,0.000110645018139621,20,1.6453400850296,0.577830255031586,0.000129438463773113,20,"11","11","bee","ancestral","globose_solitary/globose_caespitose","compact",0.050184654,0.591478911049295,0.277085370833597,1.22861725688754,0.259310376084941,1.21261993319204,0.119630067405688,0.904666821803205,415294.5258
"575","Mammillaria_grusonii",12,37,4,0.375121742486954,16.45,21.55,10.2500000000001,542.55,137,6.55,98.7,361.75,23.5,249.2,38,14.2,0.532500004768372,460.95,29.05,2.15000000000003,26.6,20.15,14.7500000000001,880.05,124.56,1910,3.83597373962402,0.000340105965733528,54.25,4.24197268486023,1.84151607751846,0.000372302485629916,30,"#N/A","#N/A",NA,NA,"globose_solitary","compact",0.038747213,4.06249418773396,0.499633809250144,5.50788641695429,0.412480454934672,1.86806769607452,0.374912529006175,3.61400311072707,125536.6031
"576","Mammillaria_guelzowiana",13,36,1,0.2602479159832,19.35,24.35,13.2500000000001,413.2,94.85,3.8,95.9,260.8,16.1,169.1,27.45,14.5,0.544000005722046,439.1,31.2500000000001,4.65000000000003,26.6,22.85,17.65,697.1,126.965,1644.75,4.27355337142944,0.000379410077584907,61.25,4.66012167930603,1.87316930294037,0.000432361892308109,7,"#N/A","#N/A",NA,NA,"globose_solitary/globose_caespitose","compact",0.038688072,0.585639684580229,0.20781137953499,0.382595718329824,0.202940812713286,0.776929332698792,0.0524596527313857,0.376267671857634,4690.584005
"577","Mammillaria_guerreronis",12,40,4,0.422793194651604,25.45,27.55,23.45,746.3,160.7,3.4,104.1,458,18.8,194,19.4,12.3,0.630000019073486,163.5,35.15,15.65,19.6,25.65,24.65,1139.25,147.245,962.75,6.51843118667603,0.000506517244502902,126.75,10.6758613586426,3.59532570838928,0.000627280212938786,60,"#N/A","#N/A",NA,NA,"globose_caespitose","compact",0.038688072,0.585994539651313,0.269791951011828,0.797661807235143,0.268869672087848,1.21134182073346,0.108714372298251,0.763885810131603,1083.488779
"578","Mammillaria_guillauminiana",12,37,4,0.87872189283371,21.85,24.8,18.05,1308.8,317.4,11.1,107.2,821.2,41.1,595.2,110.35,12.3,0.5875,284.8,31,10.8,20.7,24.35,21.9,1633.4,120.905,719.75,5.67804861068726,0.000552425248315558,111.75,9.53093242645264,3.19602382183075,0.000662876438582316,5.5,"#N/A","#N/A",NA,NA,"globose_solitary/globose_caespitose","compact",0.039446643,0.58743709691809,0.262924798776866,0.831408336316346,0.241671350083547,1.11829435514538,0.137143210378239,0.958965961074529,5333.310065
"579","Mammillaria_haageana",13,41,4,0.741658717393875,19.15,20.95,16.85,1075.2,218.95,7.65,89.5,612.8,30.45,306.1,34.15,11.8,0.640999984741211,173.45,27.7,10.15,17.8,20.2,17.2500000000001,1419.7,123.885,1619.5,5.23266291618347,0.000406796389142983,101.25,8.57846641540527,2.91996777057648,0.000532465026481077,15,"11","11","bee","ancestral","globose_solitary/globose_caespitose","compact",0.44689565,4.68658028699846,0.29113528323244,6.32977465633997,0.217682024586964,NA,0.706290886118136,19.4204211327966,125202.4825
"580","Mammillaria_hahniana",14,38,4,0.590199887752533,18.5,21.4,14.7,779.55,174.75,11.95,82.7,426.8,43.45,299.6,43.45,10.5,0.557000017166138,271.1,27.45,8.85000000000002,18.7,20.4,14.8,1178.45,112.43,1512.25,6.50208115577698,0.000580037536565214,151.75,13.1356630325317,4.10796046257019,0.000725363381206989,9,"11","11",NA,NA,"globose_caespitose","compact",0.038694448,4.06368404684593,0.207783678057978,2.14671555689101,0.202931474306304,0.780807259657982,0.0658621174298096,1.83759870546136,1688.663029
"581","Mammillaria_halbingeri",13,41,4,0.600852191448212,15.55,17.3,13.65,809.25,172.15,6.5,90.7,443.1,24.9,280.25,26.1,11.75,0.655999994277954,138.55,24.6,6.85000000000002,17.7,16.2500000000001,13.7500000000001,1212.75,119.22,2247.25,5.3669958114624,0.000447222526418045,106,8.6226487159729,3.08421301841736,0.000566128874197602,10,"#N/A","#N/A",NA,NA,"globose_solitary/globose_caespitose","compact",0.038694448,4.04423476729654,0.210291167250104,3.62530130712511,0.203540024469441,0.979010296895216,0.0891090318826673,2.84396068341901,4039.02376
"582","Mammillaria_halei",12,40,1,0.126552492380142,21.05,25.45,18.15,133.9,28.7,0.4,82.4,68.6,1.6,64.6,28.3,5.7,0.417000007629395,300.95,28.95,15.35,13.6,25.45,19.15,246.4,129.335,7,0.768012881278992,5.94415978412144e-05,7.5,0.515392363071442,0.264276057481766,5.50343793292996e-05,50,"#N/A","#N/A",NA,NA,"globose_caespitose","compact",0.038703014,0.58582713653055,0.210723479853317,0.441099919173425,0.203490946067753,0.814104030683684,0.0694147995595489,0.54278126002287,2240.515799
"583","Mammillaria_hernandezii",NA,NA,NA,NA,NA,NA,NA,NA,NA,NA,NA,NA,NA,NA,NA,NA,NA,NA,NA,NA,NA,NA,NA,NA,NA,NA,NA,NA,NA,NA,NA,NA,4.5,"#N/A","#N/A",NA,NA,"globose_solitary","compact",0.038697449,0.585621182926096,0.209497079329647,0.383618472530633,0.203236862606379,0.776478430576764,0.0657873034796146,0.383481995487856,NA
"584","Mammillaria_herrerae",13.5,41,4,0.340799480676651,18.35,21.15,15.1,511.3,108.95,5.8,86.85,284.95,29.6,140.4,31.1,12.95,0.621499991416931,235.95,28.6000000000001,7.70000000000005,20.9,19.95,15.1,836.75,127.04,1901,2.27181082963943,0.000145678510307334,41.5,3.47113442420959,1.51736879348755,0.00023702674661763,8,"11","11",NA,NA,"globose_solitary/globose_caespitose","compact",0.038731689,0.583474133547794,0.2698622214627,0.7181791461396,0.258425393769426,1.11447382469502,0.142680449396073,0.682850750620968,NA
"585","Mammillaria_heyderi",14,39,4,0.309674128890038,18.8,26.35,11.65,456,83,9.1,69.25,216.8,36.55,177.4,50.8,13.05,0.469999980926514,548.95,32.95,4.85000000000002,27.4,24.95,15.35,759.3,128.54,1295.5,1.05604290962219,8.1665966717992e-05,17,1.46756958961487,0.492374539375305,9.71233312156983e-05,5,"11","11","bee","ancestral","globose_solitary","compact",0.038747213,4.06249418773396,0.49963396585647,5.56677063814609,0.412480449020188,1.88242705302467,0.374912529006175,4.92474403370905,1081012.916
"586","Mammillaria_huitzilopochtli",13,40,4,0.895817428827286,19.95,22.15,17.3,1226.4,247,16.4,88.2,689.5,58.85,304.35,69.5,10,0.592000007629395,183,28.95,12.05,16.9,21,18.2500000000001,1511,122.87,1314.5,6.41820192337036,0.000484799005789682,173,15.0532431602478,3.64594626426697,0.000676647905493155,15,"11","11",NA,NA,"globose_solitary/globose_caespitose","compact",0.039456734,4.68318623127632,0.230474291915361,5.83097639060894,0.215257190488923,1.63512811204915,0.119194895695291,6.22139027616802,1573.505984
"587","Mammillaria_humboldtii",NA,NA,NA,NA,NA,NA,NA,NA,NA,NA,NA,NA,NA,NA,NA,NA,NA,NA,NA,NA,NA,NA,NA,NA,NA,NA,NA,NA,NA,NA,NA,NA,7,"11","11",NA,NA,"globose_solitary/globose_caespitose","compact",0.038731689,0.583474133547794,0.26986221523327,0.71817914712843,0.258425410188759,1.11447460493216,0.142680449396073,0.682850750620968,NA
"588","Mammillaria_hutchisoniana",12,40,4,0.101133245974779,22.05,27.7500000000001,16.35,148.05,39.25,0.4,95.2,81.45,2.2,75.2,44.7,12.3,0.525,421.6,34.65,11.15,23.85,27.4,22.55,271.2,135.74,243,2.7464451789856,0.000213394225283992,29.75,2.45100569725037,1.29753959178925,0.000171897067048121,15,"11","11",NA,NA,"globose_solitary/globose_caespitose","compact",0.038791656,0.587203931331886,0.225870323886563,0.865792967021127,0.210525286929863,1.01284565794137,0.11449074025573,0.975042519385955,71315.4242
"589","Mammillaria_insularis",13,43,4,0.0646906085312366,19.65,25.15,15.55,83.1,18.95,0.3,74.75,41.35,2.4,19.9,39.7,11.5,0.505000019073486,377.95,32.7500000000001,10.45,22.6,15.55,19.45,155.4,131.395,142,0.931219577789307,6.4069485233631e-05,14,1.22738289833069,0.406087622046471,6.78856740705669e-05,6,"11","11",NA,NA,"globose_solitary/globose_caespitose","compact",0.038791656,0.587203931331886,0.217864995598188,0.693606628140032,0.205890844863239,0.94185662415269,0.0928703901264804,0.789318562628912,19876.10199
"590","Mammillaria_jaliscana",12,37,1,0.461419358849525,18.55,21.65,15,717.35,192.45,3.7,110.35,487.05,20.5,186.75,38.7,13.3,0.592999982833862,258.75,29.65,7.25000000000006,22.5,20.5,18.2500000000001,1104.45,131.27,1882,2.3298499584198,0.000173472246387973,34.5,2.97580718994141,1.14211076498032,0.00017253997066291,7,"#N/A","#N/A",NA,NA,"globose_caespitose","compact",0.039446643,0.58743709691809,0.272122051084291,0.864308635139676,0.250345361474422,1.15198424107133,0.167675758443562,0.979280979648631,46647.04657
"591","Mammillaria_karwinskiana",12,40,4,0.610404640436172,21.55,23.3,19.4,970,213.2,4.7,97.3,585.75,21.15,268.05,32.05,11.8,0.634999990463257,161.3,30.2500000000001,12.35,18.5,22.3,20.15,1383.75,130.39,1292.5,5.29666495323181,0.000427049308200367,108.5,8.95428133010864,3.07988274097443,0.000565823778742924,10,"11","11",NA,NA,"globose_solitary/globose_caespitose","compact",0.039456734,4.68318623127632,0.230474290599639,5.8309763837635,0.215257189920443,1.63512825676326,0.119194895695291,6.22139027616802,129956.8115
"592","Mammillaria_klissingiana",14,37,4,0.324805468320847,17.7500000000001,20.95,12.95,460.15,75.85,9.8,64.15,205.9,45,191.35,47.7,12.4,0.590000009536743,326.05,27.7500000000001,6.45000000000005,21.1,20.55,13.55,765.25,119.115,1738.5,3.03167533874512,0.000213617560802959,43.75,3.65685343742371,1.50885969400406,0.000217426022572909,16,"11","11",NA,NA,"globose_solitary/globose_caespitose","compact",0.038694448,4.04581381980264,0.207785172175867,2.94724787624133,0.20293423995803,0.943808997807923,0.0744204419354864,1.89001828780722,34684.10182
"593","Mammillaria_knippeliana",NA,NA,NA,NA,NA,NA,NA,NA,NA,NA,NA,NA,NA,NA,NA,NA,NA,NA,NA,NA,NA,NA,NA,NA,NA,NA,NA,NA,NA,NA,NA,NA,7,"#N/A","#N/A",NA,NA,"globose_solitary/globose_caespitose","compact",0.429856129,4.68318623127632,0.335238376594407,5.14747821887525,0.342308989362632,0.790415616138671,0.313332171626727,5.47297986631894,NA
"594","Mammillaria_lasiacantha",14,38,4,0.253931492567062,18.85,25.9,11.55,386.65,74.95,6.9,71.8,202.7,27.8,163.35,36.8,13.4,0.478000020980835,555.45,32.65,4.20000000000005,28,24.7500000000001,15.15,657.65,129.5,1375,1.25466328859329,9.92955465335399e-05,20,1.65104687213898,0.576216220855713,0.000104983773780987,2.5,"11","11",NA,NA,"globose_solitary/globose_caespitose","compact",0.038839175,0.586085425360521,0.218866218598851,0.724439770397323,0.206383217264648,1.12730893057012,0.0888610824394151,0.75322970145915,468684.4683
"595","Mammillaria_laui",15,41,4,0.549544632434845,20.45,24.7500000000001,14.95,799.7,168.1,17.5,68.4,361.7,66.2,287.7,66.2,11,0.53600001335144,385.9,30.05,9.55000000000001,20.5,24.15,14.95,1201.8,124.6,805.5,6.6942138671875,0.000670350738801062,173.5,11.6420345306396,3.89496994018555,0.00136313668917865,6,"#N/A","#N/A",NA,NA,"globose_caespitose","compact",0.039189295,0.621992253710805,0.41375110754704,4.63129436062692,0.380271341769201,1.81391970439841,0.325745908381923,2.83283336210109,NA
"596","Mammillaria_lenta",14,36,4,0.149810396134853,22.95,28.65,15.65,244.4,39,6.5,59.9,106.05,25.15,98.4,30.35,12.5,0.497499990463257,509.6,34.65,8.15000000000003,26.1,27.45,17.7500000000001,434.4,144.495,1097,0.60917466878891,3.40134793077596e-05,4.5,0.37135012447834,0.134112350642681,3.21937968692509e-05,2,"#N/A","#N/A",NA,NA,"globose_caespitose","compact",0.038731689,0.580896682686082,0.208532121945535,0.401630429335926,0.20301608178604,0.775320161242944,0.0550840004790807,0.325535116786008,1341.126544
"597","Mammillaria_lloydii",NA,NA,NA,NA,NA,NA,NA,NA,NA,NA,NA,NA,NA,NA,NA,NA,NA,NA,NA,NA,NA,NA,NA,NA,NA,NA,NA,NA,NA,NA,NA,NA,10,"11","11",NA,NA,"globose_solitary","compact",0.038708315,0.591762506381481,0.319909871185854,1.85039066654294,0.32110717851008,1.58355154774904,0.152405550938355,1.23204206244162,NA
"598","Mammillaria_longiflora",12,37,4,0.528910338878632,13.65,18.4,8.25000000000006,708.65,174,8.6,100.55,452.4,31.2,352.7,62.5,14.3,0.567999982833862,409.25,26.3,0.950000000000045,25.4,17.55,12.55,1093.9,115.355,2211.5,5.39657711982727,0.000550142431166023,86.25,6.79090118408203,2.82259035110474,0.000584296591114253,7,"#N/A","#N/A",NA,NA,"globose_solitary/globose_caespitose","compact",0.039446643,0.58743709691809,0.26292479875664,0.831408339745095,0.241671352808519,1.11829506678913,0.137143210378239,0.958965961074529,84320.31274
"599","Mammillaria_longimamma",13,39,4,0.484786301851273,17.15,19.85,13.85,640.95,125.3,9.5,78.4,331.1,38.1,180.75,38.15,10.9,0.58899998664856,242.85,26.2500000000001,7.55000000000001,18.7,18.7500000000001,13.95,1009.5,114.57,1848.5,6.86404728889465,0.000581197091378272,136,11.587260723114,3.82606661319733,0.000730524276150391,15,"#N/A","#N/A",NA,NA,"globose_solitary/globose_caespitose","compact",0.038688072,0.585358068206916,0.211467907904225,0.430319297552954,0.203810411829318,0.796663288467464,0.0711968645306022,0.446476515891011,16246.19704
"600","Mammillaria_luethyi",14,35,4,0.164470158517361,21.2500000000001,26.7500000000001,14.2500000000001,267.7,46.15,6,62,121.05,25.9,110.4,33.15,13.35,0.503000020980835,501.7,33.2500000000001,6.45000000000005,26.6,26.2500000000001,19.45,472.35,126.405,1258.5,4.19920706748962,0.000287146176560782,46.75,3.74217712879181,1.95022565126419,0.000280405452940613,NA,"#N/A","#N/A",NA,NA,"globose_solitary/globose_caespitose","compact",0.038688072,0.585601513249505,0.209700516822216,0.406620138002718,0.203246322064017,0.787274569387966,0.0670793650001146,0.419615253768207,1213.818567
"601","Mammillaria_magnifica",13,39,4,0.404668420553207,23.35,25.65,20.65,725.6,151,2.9,100.6,420.8,16.4,216.8,16.4,13.9,0.644000005722046,191.5,33.35,11.7500000000001,21.6,23.85,20.65,1114.4,138.78,1335,7.49140119552612,0.000783028255682439,176.5,15.5267524719238,3.20125508308411,0.000756803201511502,40,"#N/A","#N/A",NA,NA,"globose_caespitose","compact",0.483591233,2.09506438656989,0.224634224605276,5.58589157972228,0.20788937809098,0.792594953254957,0.649765235791773,5.05971829265233,NA
"602","Mammillaria_magnimamma",13,38,4,0.39413446187973,17.15,20.05,13.35,567.4,114.4,8.15,79.8,301.9,37.1,171,39.6,12.6,0.607500004768372,252.8,27.05,6.35000000000002,20.4,19.1,14.3,913.55,120.27,1987.75,2.75211668014526,0.000194445812667254,42.75,3.38062047958374,1.44585436582565,0.000199246060219593,30,"11","11","bee, ento","derived","globose_caespitose","compact",0.038747213,4.06453010541416,1.69350398051074,6.17697225349006,NA,NA,0.153333552469886,3.89427917072518,124649.8869
"603","Mammillaria_mainiae",12,40,4,0.314333111047745,21.85,28.9,13.95,525,143.6,3.9,106.05,343.4,22.05,284.4,88.35,14.6,0.482000017166138,591.55,37.35,6.70000000000005,30.7,27.95,22.95,856.1,128.045,611,2.89058148860931,0.000243726652115583,36.5,2.60875868797302,1.23218131065369,0.000237875239690766,7,"11","11",NA,NA,"globose_solitary/globose_caespitose","compact",0.038688072,0.585994539651313,0.269791939532132,0.79766180826977,0.268869670349666,1.21134185453132,0.108714372298251,0.763885810131603,66180.13209
"604","Mammillaria_mammillaris",14,41,4,0.74981027841568,25.7500000000001,26.55,24.65,1039.45,155.9,18.15,53.95,418.05,71,257.25,156.75,7.9,0.739499998092651,75.95,31.05,20.55,10.6,25.85,25.05,1451.05,147.17,370.25,3.65262079238892,0.000266728631686419,58.75,4.44846534729004,1.80858361721039,0.000301769832731225,NA,"11","11",NA,NA,"globose_solitary/globose_caespitose","compact",0.038694448,3.92380657605172,0.233214699311048,1.93137955686572,0.222813433764901,0.781145602883722,0.11085230454658,1.24810033184458,99886.51933
"605","Mammillaria_marksiana",12,35,4,0.702202320098877,21.6,25.2500000000001,16.7500000000001,1097.5,307.7,7.15,108.8,731.75,26.95,472.5,113.4,13.1,0.555999994277954,344.3,32.55,9.05000000000001,23.4,24.5,22.2500000000001,1486.95,123.63,827,6.77739334106445,0.000600139290327206,144,12.1292724609375,3.78825891017914,0.000793850776972249,15,"#N/A","#N/A",NA,NA,"globose_solitary/globose_caespitose","compact",0.429928911,2.68761425393015,0.22786706571701,1.3243309388865,0.244185540142715,1.01117927349393,0.189602522121446,0.629240470239188,5096.318722
"606","Mammillaria_mathildae",11,36,1,0.326604947447777,18.45,21.25,15.3500000000001,498.35,117.85,5.45,92.45,295.9,26.6,135.2,28.7,13.2,0.633500003814697,229.05,28.55,7.75000000000003,20.8,20.15,15.3500000000001,819.25,127.09,1933,7.7025158405304,0.000682073121424764,101.25,8.93177604675293,3.68540024757385,0.000289086405246053,6,"11","11",NA,NA,"globose_caespitose","compact",0.069792465,0.598941557924337,0.434592287043931,2.62235625615743,0.420797620264346,1.66498689820596,0.333694061331561,1.39729107622716,NA
"607","Mammillaria_matudae",NA,NA,NA,NA,NA,NA,NA,NA,NA,NA,NA,NA,NA,NA,NA,NA,NA,NA,NA,NA,NA,NA,NA,NA,NA,NA,NA,NA,NA,NA,NA,NA,20,"11","11",NA,NA,"globose_solitary/globose_caespitose","compact",0.483485014,2.09487248942385,0.22418451324966,5.54818983145178,0.207907992945024,0.793567598053873,0.347280658246844,2.52792825415261,NA
"608","Mammillaria_mazatlanensis",12,38,4,0.641182512044907,24.45,27.95,19.65,961.3,249.05,1.5,113.8,680.3,11.1,461.1,60.6,10.9,0.56100001335144,284.6,32.55,13.7500000000001,18.3,27.65,23.65,1378.45,131.735,106,2.46696472167969,0.000186789999133907,25,1.91172027587891,1.17072188854218,0.000170490304299165,15,"11","11",NA,NA,"globose_caespitose","compact",0.050184654,0.591478911049295,0.327997018498163,1.48677649221467,0.324672886883534,1.31895781355344,0.19707438081124,1.29464642903068,84577.69017
"609","Mammillaria_melaleuca",13,40,4,0.533879220485687,17.35,20.65,12.85,717.7,125,12.6,73.2,358.1,50.3,306.7,50.3,11.2,0.584999990463257,313.8,26.35,7.25000000000006,19.1,20.05,12.85,1104.9,117.32,1540,9.05538558959961,0.000758182955905795,240,18.0277671813965,6.54362916946411,0.00147956504952163,10,"11","11",NA,NA,"globose_solitary/globose_caespitose","compact",0.038725698,0.586060315832522,0.208109632033686,0.395720662087378,0.202983642831314,0.789999588205959,0.0616293110271197,0.507484432089393,NA
"610","Mammillaria_melanocentra",14,37,4,0.274158447980881,19.55,24.45,13.65,398.55,77.1,9.15,67.75,198.7,41.5,157.75,46.45,12.5,0.531500005722046,428.85,30.2500000000001,7.05000000000001,23.5,23.45,15.4,675.45,126.185,1400,2.20744955539703,0.000139594769279938,30,2.56541740894318,1.11231070756912,0.000141546734084841,16,"11","11",NA,NA,"globose_solitary","compact",0.038727216,0.592890360190225,0.222851238263699,0.846501919579396,0.210112987476347,1.02967721816147,0.0976709922688201,0.876935101283148,62898.26113
"611","Mammillaria_mercadensis",12,37,1,0.399923786520958,16.85,20.55,12.2500000000001,587.65,144.45,4,99.1,379.65,20.65,209.6,42.2,13.7,0.58899998664856,314.8,28.05,4.45000000000005,23.3,19.35,15.95,940.4,128.13,2034.25,3.64647793769836,0.000298636208754033,54,4.17990970611572,1.76278495788574,0.00032844276574906,8,"#N/A","#N/A",NA,NA,"globose_solitary/globose_caespitose","compact",0.039446643,0.58743709691809,0.272122049880897,0.864308638334587,0.250345361198484,1.15198410990283,0.167675758443562,0.979280979648631,146491.6861
"612","Mammillaria_meyranii",11,28,1,0.856972396373749,19.95,22.65,17.35,1324.5,283.9,7.8,103.1,817.8,31.4,307.5,52.4,12.4,0.634999990463257,197.1,29.2500000000001,9.75000000000006,19.5,20.2500000000001,20.55,1714.8,122.48,1540,8.95474720001221,0.000423888675868511,117.5,8.3403205871582,5.17061805725098,0.000358113087713718,NA,"#N/A","#N/A",NA,NA,"globose_caespitose","compact",0.483591233,2.09487248942385,0.223940814103645,5.56990134521972,0.207708767907717,0.792508855069072,0.460277410505768,3.78561425188435,NA
"613","Mammillaria_microhelia",14,38,4,0.417458921670914,14.65,17.45,11.55,547,122.1,5.9,84.4,301.7,30.3,160.5,30.3,11.7,0.603999996185303,233.1,24.2500000000001,4.95000000000005,19.4,16.45,11.55,886.1,132.36,2485.5,6.47953510284424,0.000530711724422872,105.5,8.12699508666992,4.63423490524292,0.000800736073870212,15,"11","11",NA,NA,"globose_solitary/globose_caespitose","compact",0.038697449,0.58565706455976,0.218217802362351,0.490508253387132,0.206404647584976,0.840948870712753,0.0950857013379005,0.618528818380728,NA
"614","Mammillaria_moelleriana",12,38,4,0.351893544197083,15.55,19.2500000000001,10.95,493.55,110.55,3.6,96.1,308.55,20.1,197.85,44.4,13.7,0.586999988555908,328.5,26.55,3.45000000000005,23.4,17.85,14.45,812.55,125.93,2255,2.00917547941208,0.000174420005350839,33,2.72003579139709,1.0696536898613,0.000195569526113104,11,"#N/A","#N/A",NA,NA,"globose_solitary","compact",0.038697449,0.585621182926096,0.207839788394724,0.380755462408128,0.20294005648778,0.774697997221168,0.0511632658273553,0.341043599349944,21728.15351
"615","Mammillaria_morganiana",NA,NA,NA,NA,NA,NA,NA,NA,NA,NA,NA,NA,NA,NA,NA,NA,NA,NA,NA,NA,NA,NA,NA,NA,NA,NA,NA,NA,NA,NA,NA,NA,15,"#N/A","#N/A",NA,NA,"globose_solitary/globose_caespitose","compact",0.429856129,4.68318623127632,0.2264861933822,5.16095852118631,0.244655325381127,0.790573651295741,0.213651491106748,5.49253424063775,NA
"616","Mammillaria_muehlenpfordtii",13,37,4,0.420781686902046,18.1,21.1,14.35,577.75,114.45,8.9,78.8,304.2,38.4,173.05,39.7,10.8,0.564499998092651,267.05,27.65,8.30000000000004,19.5,19.95,14.65,927.3,117.485,1616.75,6.41562581062317,0.000566353555768728,133.5,11.0394115447998,3.73473489284515,0.000752977997763082,15,"#N/A","#N/A",NA,NA,"globose_solitary","compact",0.038694448,4.68318623127632,0.208358390608369,5.14927245422204,0.202989107613636,0.795715108521124,0.0577445711468507,5.28834325386714,5964.105811
"617","Mammillaria_multidigitata",15,44,4,0.344423905014992,23.15,29.55,17.2500000000001,229.05,73.2,0.4,109.9,149.1,2.4,149.1,43.2,2.3,0.149000000953674,485.6,30.85,15.65,15.2,29.55,23.65,409.05,142.8,0,10.7347278594971,0.000670822919346392,48.5,2.99460935592651,6.77645826339722,0.000345161999575794,20,"#N/A","#N/A",NA,NA,"globose_caespitose","compact",0.050184654,0.591478911049295,0.327997003623237,1.48677648899008,0.324672884769754,1.31895805709117,0.19707438081124,1.29464642903068,2.980055177
"618","Mammillaria_mystax",13,41,4,0.495892018079758,17.7500000000001,19.7,15.35,711.8,151.8,7.3,89.3,394.45,25.9,237.55,27,11.7,0.642999982833862,175.35,26.7500000000001,8.40000000000003,18.3,18.9,15.55,1097.7,122.85,1905.75,5.35570359230042,0.000437295238953084,106,8.90922546386719,3.18215095996857,0.000563474051887169,15,"11","11",NA,NA,"globose_solitary","compact",0.429928911,4.68318623127632,0.253300030232157,5.45374167446022,0.270406591304591,0.918933951239019,0.237873267099242,6.03032399385287,16273.98185
"619","Mammillaria_nana",13,37,4,0.360588848590851,17.65,20.7500000000001,13.85,512.4,96.3,9.4,73.3,256.75,38.9,175.6,40.8,11.8,0.578999996185303,283.1,28.05,6.95000000000005,20.4,19.65,14.7500000000001,838.8,121.475,1822.75,3.55611658096313,0.000255735882092267,50.5,3.93085730075836,1.82191443443298,0.000284792782622389,NA,"#N/A","#N/A",NA,NA,"globose_solitary/globose_caespitose","compact",0.069792465,0.606606535903444,0.362894582241218,4.01270779041119,0.362381015350266,1.74221020271302,0.274890215260801,2.33915803331346,20836.32913
"620","Mammillaria_napina",13,42,4,0.488595679402351,16.7,18.55,14.15,700.7,141.8,8.5,83.95,364.7,31.2,237.1,31.8,12.1,0.667000007629395,171.25,25.65,6.95000000000005,18.3,17.95,14.15,1084.15,121.93,2109.5,4.10601711273193,0.000278956722468138,68,5.707763671875,2.33643710613251,0.000382373196771368,5,"#N/A","#N/A",NA,NA,"globose_solitary/globose_caespitose","compact",0.038688072,0.587057040454359,0.207956853142883,0.473269024976886,0.202951520729491,0.814218136727159,0.0552857938404654,0.573798256505951,3977.408467
"621","Mammillaria_neopalmeri",16,44,4,0.162130802869797,16.7500000000001,19.35,14.95,69.95,15.7,1.2,79.55,38.7,3.8,10.8,29.85,1.1,0.174500000476837,187.85,20.5,14.15,6.5,15.2500000000001,18.45,131.35,112,26,2.54605770111084,0.000198593610548414,32.5,2.94778203964233,1.153475522995,0.000166609454026911,9,"#N/A","#N/A",NA,NA,"globose_caespitose","compact",0.038688072,0.585994539651313,0.220706060700788,0.52958500100637,0.209240932110226,0.886092826543194,0.088674440187234,0.620632999206688,631.7003525
"622","Mammillaria_nunezii",12,38,4,0.587899953126907,21.95,24.35,19.7,949.6,218.45,3.4,106.2,605.8,17.9,202,37.4,12.4,0.619000005722046,184.7,32.05,12.2500000000001,19.95,22.65,21.85,1366.3,128.375,1304.25,4.47016978263855,0.000332399431499653,78.75,6.45045518875122,2.31878566741943,0.000368077686289325,15,"#N/A","#N/A",NA,NA,"globose_solitary/globose_caespitose","compact",0.464711669,1.83169717616447,0.21210035675989,1.93366878742413,0.205482308788812,0.783038188105192,0.18849977955134,1.27722339708609,49728.82067
"623","Mammillaria_orcuttii",13,36,4,0.344163581728935,17.35,20.35,13.35,482.6,86.9,9.8,70.4,238.5,40.4,151.5,41.85,12.3,0.58600001335144,278.15,27.6,6.45000000000005,21,19.15,14.65,797.15,119.395,1873.25,3.16645967960358,0.000290918629616499,55.75,4.56483268737793,1.91054224967957,0.000323723346809857,NA,"#N/A","#N/A",NA,NA,"globose_solitary","compact",0.038694448,4.68658028699846,0.233214679933635,6.20607018013536,0.222813465138375,NA,0.11085230454658,14.8707607026821,2582.961133
"624","Mammillaria_oteroi",12,41,4,0.567637503147125,16.05,17.85,14.15,757,163.85,6.4,91.9,418.2,24.4,267.1,25.9,12,0.655999994277954,144,25.15,7.15000000000003,17.9,16.7500000000001,14.15,1151.95,121.465,2151,5.28522062301636,0.000478694986668415,106,8.99345445632935,3.21574366092682,0.000613802549196407,3,"#N/A","#N/A",NA,NA,"globose_caespitose","compact",0.038688072,0.586508342805125,0.209373851561901,0.409083033386951,0.203207450816087,0.785826969867061,0.0629911596365613,0.411332838180444,5883.41104
"625","Mammillaria_painteri",12,40,4,0.305877104401588,18.05,20.85,14.85,461.85,104.75,4.9,86.45,261.55,25.3,127.25,26.9,13.1,0.628999996185303,231.75,28.15,7.45000000000005,20.8,19.65,14.95,767.7,126.7,1965.5,0.987210661172867,6.78109427099116e-05,18,1.63117551803589,0.584908276796341,6.04677752562566e-05,7,"#N/A","#N/A",NA,NA,"globose_solitary/globose_caespitose","compact",0.463847805,1.82908147554411,0.212026409977342,1.9131445293762,0.205446966807902,0.782944439764409,0.136384121739009,0.967964464695015,1997.905394
"626","Mammillaria_parkinsonii",13.5,37,4,0.336161971092224,19.9,22.7500000000001,16.5,504.5,94.6,6.8,78.15,265.1,30.6,147.45,30.8,11.95,0.600500011444092,246.8,29.65,9.75000000000006,19.85,21.35,16.55,827.8,127.455,1520.25,8.12929487228394,0.000385517050744966,87,8.58540344238281,4.11622714996338,0.000640692247543484,15,"22","22=0.62_44=0.38",NA,NA,"globose_solitary/globose_caespitose","compact",0.038694448,4.04423476729654,0.21024252486,3.60367434246694,0.203530970975543,0.977326402627644,0.0848443981387775,2.59413733731961,NA
"627","Mammillaria_pectinifera",13,45,4,0.498258709907532,17.2500000000001,18.85,14.95,739.2,146.8,9.1,80.7,367.2,34.4,256.1,34.4,13.2,0.692999982833862,157.3,25.65,6.65000000000003,19,18.45,14.95,1130.8,127.1,2018,1.06066012382507,5.2490064263111e-05,14,1.21054673194885,0.629718840122223,4.59824659628794e-05,7,"11","11","bee, ento","derived","globose_solitary","compact",0.445858968,4.68658028699846,0.219550535719505,6.21574498195007,0.206865478488503,NA,0.547985401012572,15.3794034785699,NA
"628","Mammillaria_peninsularis",12,39,1,0.360574007034302,23.25,27.05,20.15,329.5,137.35,0.2,140,249.85,1.35,247.6,27.5,3.85,0.352499997615814,273.5,29.05,18,10.95,26.95,22.35,570.4,127.685,79,1.05881714820862,0.000122768426081166,16,1.19346332550049,0.815851807594299,0.000121219589345856,7.5,"11","11",NA,NA,"globose_solitary/globose_caespitose","compact",0.039456734,4.68318623127632,0.21220279298975,5.14089611122277,0.203903976308855,0.846067451189458,0.0889892450292081,4.537976085028,NA
"629","Mammillaria_pennispinosa",13,33,1,0.205444648861885,21.65,26.65,15.45,349.8,80.2,3.7,98.2,223.1,18.8,141.9,26,14.6,0.55,432.2,33.45,6.75000000000006,25.5,25.15,19.95,601.7,129.75,1321,5.99967432022095,0.000349453097442165,43,1.76843452453613,3.26327157020569,0.000356732867658138,4,"11","11",NA,NA,"globose_solitary/globose_caespitose","compact",0.038792937,0.585812083591166,0.20960696644553,0.401588230450533,0.203127499614504,0.778259941703113,0.0605080997343735,0.362847587238252,NA
"630","Mammillaria_perbella",13,38,4,0.369339495897293,17.45,20.3,14.15,513.35,98.8,6.8,79.5,270.3,31.3,148.6,31.35,11.7,0.596999979019165,244.6,27.35,7.35000000000002,19.6,18.85,14.15,840.1,120.955,1899,6.48892831802368,0.00053067525732331,123.75,10.3442535400391,3.62828743457794,0.000616880570305511,20,"11","11",NA,NA,"globose_solitary/globose_caespitose","compact",0.445382332,4.68098961593666,0.218737344817205,5.00506130395985,0.208644792958752,0.790355471038159,0.193337034458469,2.90493133539594,4342.915661
"631","Mammillaria_petrophila",12,42,1,0.283933326601982,24.2500000000001,28.7500000000001,19.15,430.7,168.15,0.6,133.4,317.7,2.1,130.45,48.05,10.2,0.530000019073486,373.55,33.05,13.65,19.3,27.55,25.85,722.8,129.185,315.5,2.68877530097961,0.000227393451496027,43.25,3.55224215984344,1.23451411724091,0.00029001991788391,15,"#N/A","#N/A",NA,NA,"globose_solitary/globose_caespitose","compact",0.44557534,4.68658028699846,0.217493168325316,6.18127024527004,0.20675826207239,NA,0.533692142306957,11.2634880518871,549.6179158
"632","Mammillaria_petterssonii",12,38,4,0.384898066520691,16.7500000000001,20.1,12.35,569.45,141.3,3.8,97.8,355.15,21.9,184,42.9,13.6,0.594000005722046,292.65,27.7,4.85000000000002,23,18.95,15.65,916.25,129.585,2109,2.90303218364716,0.000221728289034218,41.25,3.47379505634308,1.44415128231049,0.000245110291871242,NA,"#N/A","#N/A",NA,NA,"globose_solitary","compact",0.038708315,0.591762506381481,0.216130047725923,0.553980376664823,0.205420727108027,0.880354385357953,0.0854854830931123,0.701483539180033,57929.89758
"633","Mammillaria_phitauiana",12,41,1,0.268931418657303,23.45,27.85,18.7500000000001,401.1,156.85,0.4,133.9,297.95,2.3,183.2,44.6,10,0.526000022888184,372.5,32.4,13.65,18.9,27.55,24.05,679.25,134.09,267,3.41387665271759,0.000255592953180894,43.25,3.68208062648773,1.48787373304367,0.000266874223598279,25,"#N/A","#N/A",NA,NA,"globose_caespitose","compact",0.070465021,0.59355741088767,0.321037138779551,1.95705688385164,0.30958979598098,1.33445942843483,0.254099021896544,1.44853579654181,7214.807565
"634","Mammillaria_picta",14,39,4,0.403412416577339,21.2,24.9,15.55,612.95,125.9,14.6,67.35,288.9,57.6,226.2,59.35,11.5,0.530999994277954,347.3,30.85,10.05,21.2,24.05,16.35,973.5,126.59,885,1.0661449432373,8.57594968692865e-05,16.25,1.4232149720192,0.509941190481186,7.84108269726858e-05,5,"#N/A","#N/A","bee","ancestral","globose_solitary","compact",0.03874598,0.585592092397709,0.207943298393773,0.380820788622541,0.202940785500943,0.772999937705962,0.0509165660817446,0.291063964237889,114091.758
"635","Mammillaria_pilispina",14,37,4,0.36133885383606,17.95,21.35,13.35,517.25,89.8,10.4,65.85,247.05,45.4,212.45,47.35,11.8,0.580999994277954,320.25,27.85,7.25000000000006,20.3,20.7500000000001,14.2500000000001,845.5,117.6,1609.5,3.25679922103882,0.000230876437854022,44.5,3.79227638244629,1.68376064300537,0.000232378210057504,NA,"#N/A","#N/A",NA,NA,"globose_caespitose","compact",0.038727216,0.592890360190225,0.209402077069326,0.472435366086885,0.203204670491649,0.839187240450698,0.0710649382874981,0.640396540974501,37185.09607
"636","Mammillaria_plumosa",15,37,4,0.341413348913193,19.2,24.1,13.2500000000001,493.9,108.05,13.65,71.6,242.25,53.65,173.95,56,11.7,0.509500002861023,448.65,29.55,7.15000000000003,22.2,23.15,14.7500000000001,813.05,118.67,1200,4.40833210945129,0.000247000978561118,56.5,4.71912121772766,1.96948492527008,0.000245145260123536,7,"11","11",NA,NA,"globose_caespitose","compact",0.038727216,0.592890360190225,0.222851251946678,0.846501929796449,0.210112985257403,1.0296775637546,0.0976709922688201,0.876935101283148,10566.1003
"637","Mammillaria_polyedra",12,41,4,0.533020079135895,17.05,18.85,15.05,754.85,161.65,5.4,90.7,418.85,20.95,258.45,23,11.8,0.644999980926514,151.9,26.5,8.15000000000003,18.3,17.7500000000001,15.15,1149.4,122.66,2023.75,5.44825839996338,0.000481765149743296,119.5,9.86500549316406,3.20562922954559,0.000632959010545164,30,"#N/A","#N/A",NA,NA,"globose_solitary/globose_caespitose","compact",0.429928911,4.68318623127632,0.253300032746485,5.45374167173765,0.270406589584465,0.918934261955961,0.237873267099242,6.03032399385287,18193.73227
"638","Mammillaria_polythele",13,39,4,0.389893010258675,17.35,20.1,14.15,550.8,113.6,6.1,81.4,296.65,31.4,153.05,32.35,12.2,0.615999984741211,236,26.95,7.05000000000001,19.8,18.85,14.15,891.25,122.22,2001.25,4.03087973594666,0.000300125568173826,64.75,5.30086302757263,2.10790121555328,0.000354827556293458,NA,"11","11",NA,NA,"globose_solitary","compact",0.038688072,0.590883567274571,0.209305770115092,0.408415881266112,0.203169094017727,0.797390166466619,0.0665187174445316,0.501176812666256,28074.13601
"639","Mammillaria_pondii",12,42,4,0.0784828513860703,19.7500000000001,25.95,15.15,113.65,25.5,0.4,77.15,53.5,3,24.9,52.55,11.65,0.488000011444092,442.25,33.15,9.75000000000006,23.85,15.35,19.85,210.5,129.58,254,3.64616775512695,0.000263752124737948,41,3.3573911190033,1.69603300094604,0.000268618721747771,40,"#N/A","#N/A",NA,NA,"globose_solitary/globose_caespitose","compact",0.038703014,0.58582713653055,0.213139517715915,0.478835904222706,0.204334409989445,0.837854696923849,0.083338129482296,0.635292574257188,11890.99472
"640","Mammillaria_poselgeri",12,39,1,0.126272350549698,22.85,28.3,17.55,201.9,60.1,0.5,110.6,130.5,2.3,112.8,44.9,12.3,0.530000019073486,417.8,34.45,12.2500000000001,22.75,28.05,23.35,363.65,136.125,270.75,3.75156152248383,0.000271423283265904,42.5,3.17002201080322,1.66397047042847,0.000256512299529277,NA,"#N/A","#N/A",NA,NA,"globose_caespitose","compact",0.038703014,0.58582713653055,0.213139518564749,0.47883590213218,0.20433441052977,0.83785498973111,0.083338129482296,0.635292574257188,46046.10487
"641","Mammillaria_pottsii",13,37,4,0.259661972522736,19.45,25.35,12.35,396.85,78.2,6.1,73.65,212.3,26.25,164.5,34.65,13.3,0.494999980926514,511.1,32.1,4.95000000000005,26.5,24.4,16.05,672.9,130.58,1436.5,1.04861223697662,7.23492048564367e-05,16,1.39276051521301,0.46058090031147,8.43936613819096e-05,20,"11","11=0.75_22=0.25",NA,NA,"globose_caespitose","compact",0.038688072,0.585400195598006,0.207871010192046,0.381608724109714,0.202937186324059,0.773519119626689,0.0498073292964164,0.315132256526956,337086.1855
"642","Mammillaria_prolifera",14,39,4,0.390468180179596,21.65,27.45,14.65,581.95,108.9,15.85,61.55,245.15,59.3,203.2,60.8,11.5,0.482000017166138,477.8,32.65,8.75000000000006,23.5,26.45,15.65,932.9,130.925,505.5,1.01357972621918,7.37062327971216e-05,15,1.32384395599365,0.430245101451874,8.44167407194618e-05,9,"22","11=0.15_22=0.46_33=0.39",NA,NA,"globose_caespitose","compact",0.039189295,0.594295860396673,0.211284476799659,0.610072292990816,0.203795711834863,0.901181770845754,0.0863034318596892,0.845967956076736,281287.9369
"643","Mammillaria_rekoi",13,40,4,0.762651771306992,19.15,20.7500000000001,17.45,1069.5,221.65,4.85,91.4,600.55,22.55,334.4,26.4,11.2,0.647499990463257,128.15,28.2500000000001,10.45,17.4,19.65,17.55,1470.6,129.88,1576.5,5.93897914886475,0.000494014180731028,145,12.771445274353,3.68750429153442,0.000735814450308681,15,"#N/A","#N/A",NA,NA,"globose_solitary/globose_caespitose","compact",0.464876374,1.83365569665983,0.212259667565174,1.95174881283212,0.205630188805999,0.783781807073964,0.233456372178748,1.52375218648784,39855.14562
"644","Mammillaria_rettigiana",NA,NA,NA,NA,NA,NA,NA,NA,NA,NA,NA,NA,NA,NA,NA,NA,NA,NA,NA,NA,NA,NA,NA,NA,NA,NA,NA,NA,NA,NA,NA,NA,8,"#N/A","#N/A",NA,NA,"globose_solitary/globose_caespitose","compact",0.039446643,0.58743709691809,0.236486558423357,0.549469398573682,0.215453966061257,0.864981929058869,0.118453088391238,0.551893581532172,NA
"645","Mammillaria_rhodantha",12,38,4,0.508688300848007,17.35,20.05,14.2500000000001,733.35,176.65,6.3,95.05,445.85,31.1,186.85,36.85,12.6,0.621999979019165,227.4,27.15,6.95000000000005,20,18.85,15.15,1123.75,121.325,2012.5,3.29020881652832,0.000231015728786588,48.5,4.25341248512268,1.67677611112595,0.000239583503571339,30,"11","11",NA,NA,"globose_solitary","compact",0.038688072,0.590883567274571,0.209696257096834,0.415993955311047,0.203266764734702,0.802349080873933,0.0730565409093766,0.550768337987316,124408.129
"646","Mammillaria_roseoalba",14,37,4,0.369709983468056,18.2500000000001,21.8,13.15,501.8,92.7,10.5,67.05,246.3,47.3,210.1,51.4,11.9,0.563000011444092,344.95,28.15,7.05000000000001,21.1,21.15,14.65,824.05,120.035,1528,3.80024909973145,0.000232390259043314,44.75,3.67856979370117,1.74750733375549,0.000217925509787165,6,"#N/A","#N/A",NA,NA,"globose_solitary","compact",0.429856129,4.68318623127632,0.335238377101799,5.15725936222672,0.342308989193327,0.790944395202695,0.313332171626727,5.61408521267397,67012.79054
"647","Mammillaria_saboae",13,46,6,0.381008878350258,16.45,23.7500000000001,8.65000000000003,551,145.6,6.7,93.45,330.5,35.55,286.95,105.8,14.4,0.455999994277954,637.3,32.15,1.65000000000003,31.3,22.7500000000001,16.95,891.5,120.64,1488.5,4.15306949615479,0.000383016755222343,59.25,4.69227457046509,1.91295790672302,0.000413995381677523,4,"22","22",NA,NA,"globose_solitary/globose_caespitose","compact",0.038694448,4.04423476729654,0.210291167272988,3.62530130669414,0.203540024223087,0.979009995809301,0.0891090318826673,2.84396068341901,3966.411295
"648","Mammillaria_sanchez-mejoradae",NA,NA,NA,NA,NA,NA,NA,NA,NA,NA,NA,NA,NA,NA,NA,NA,NA,NA,NA,NA,NA,NA,NA,NA,NA,NA,NA,NA,NA,NA,NA,NA,3,"#N/A","#N/A",NA,NA,"globose_solitary","compact",0.038688072,0.585558881433164,0.207768992525397,0.379097509764501,0.202931709856513,0.77274897903802,0.0463972697330346,0.265805336145983,NA
"649","Mammillaria_sartorii",13,40,4,1.22119802236557,22.4,24.7500000000001,19.05,1682.9,321.45,32.55,81.65,861.45,108.95,642.8,114.85,8.7,0.5625,222.95,29.2500000000001,14.15,14.9,24.35,19.65,1908.75,121.94,612.75,3.9000985622406,0.000298068218398839,43.25,3.41056978702545,1.67077571153641,0.000268393661826849,10,"11","11",NA,NA,"globose_caespitose","compact",0.445500843,4.68658028699846,0.217045541460299,6.2031353758636,0.206680573252443,NA,0.372240311394375,14.1809553020721,8183.952716
"650","Mammillaria_schiedeana",13,38,4,0.428537115454674,19.05,22.15,15.15,590.35,114.55,10.15,78.8,301.4,42,214.95,42.9,11,0.563000011444092,285.9,28.65,9.15000000000003,19.6,21.05,15.95,943.95,117.645,1414.75,5.80609798431396,0.000488065415993333,110.75,9.11813068389893,3.42571449279785,0.000596380268689245,10,"#N/A","#N/A",NA,NA,"globose_caespitose","compact",0.039189295,0.621738042713369,0.317115266339764,3.60950424557146,0.301382545833323,1.56538843728975,0.134851490109341,1.25046131008273,20583.38895
"651","Mammillaria_schumannii",NA,NA,NA,NA,NA,NA,NA,NA,NA,NA,NA,NA,NA,NA,NA,NA,NA,NA,NA,NA,NA,NA,NA,NA,NA,NA,NA,NA,NA,NA,NA,NA,4,"#N/A","#N/A",NA,NA,"globose_caespitose","compact",0.038703014,0.585839346613578,0.214940354906615,0.459705463855043,0.205781031601609,0.830328011947479,0.0773056946393516,0.573781305503759,NA
"652","Mammillaria_schwarzii",13,39,4,0.321731597185135,16.65,19.55,13.05,468.1,97.5,7.4,83.6,258.7,31.4,125.6,34.2,13.4,0.623999977111816,253.7,27.05,5.55000000000001,21.5,18.85,13.2500000000001,776.6,125.28,2086.5,5.96735906600952,0.000176836460013874,42,3.38507652282715,2.80269455909729,0.000189141661394387,3,"#N/A","#N/A",NA,NA,"globose_caespitose","compact",0.044696278,0.59357789859508,0.224036669084225,0.576306562702559,0.208894141123843,0.891231170631457,0.114743243604225,0.703338258844398,NA
"653","Mammillaria_scrippsiana",11,37,4,0.615558236837387,19.55,22.2500000000001,16.5,938.95,243.2,3.55,111,629.35,20.55,299.85,55.5,13.3,0.598999977111816,235.55,30.85,8.95000000000005,22.1,21.35,19.4,1355.1,127.92,1492.25,5.69743537902832,0.000449530591140501,107.5,9.04861927032471,3.1564427614212,0.000529857905348763,10,"#N/A","#N/A",NA,NA,"globose_solitary/globose_caespitose","compact",0.445500843,4.68658028699846,0.216956772485465,6.0986265773865,0.206722580810832,NA,0.283964361308324,6.61617304886378,62127.4444
"654","Mammillaria_sempervivi",13,37,4,0.367177248001099,17.55,20.55,13.65,510.4,100.15,9,76.35,267.8,37.6,162.3,38.4,11.9,0.584000015258789,269.15,27.55,7.05000000000001,20.2,19.35,14.35,836,120.305,1849.5,5.14154720306396,0.000408305728342384,88,6.69257140159607,2.88152861595154,0.000488886798848398,15,"11","11",NA,NA,"globose_solitary/globose_caespitose","compact",0.038694448,4.04581381980264,0.207794018068856,3.14556250287454,0.202933798633681,0.938864762608247,0.0776173103931455,2.43651001660756,27362.52687
"655","Mammillaria_senilis",12,36,4,0.640866607427597,13.6,18.4,8.15000000000003,864.5,212.6,9.75,96.7,532.45,38,458.75,89.2,14,0.575,398.75,26.2500000000001,1.05000000000001,24.7,17.7500000000001,12.95,1274.85,113.785,2154.75,6.24106669425964,0.000601951527642086,108,8.69015073776245,3.3692878484726,0.000662988168187439,15,"#N/A","#N/A","bird","derived","globose_caespitose","compact",0.039389944,0.591534519150213,0.208553864951711,0.392213337834752,0.202987900916555,0.786265405847915,0.0574833945817595,0.45924099252301,82542.88575
"656","Mammillaria_sinistrohamata",12,40,4,0.277124106884003,16.95,20.7500000000001,12.35,413.6,87.35,3,94.1,252.8,17.6,164.85,35.85,14.1,0.594999980926514,332,28.05,4.45000000000005,23.7,19.35,15.85,697.7,130.59,2067,0.496078372001648,3.04209570458625e-05,5.25,0.4659743309021,0.14160843193531,2.84565048787044e-05,NA,"#N/A","#N/A",NA,NA,"globose_solitary/globose_caespitose","compact",0.055753668,0.603610275793452,0.224523993194006,1.13028694267592,0.208093282111644,1.06784857966147,0.0933937481931379,1.13069602400038,262.3694924
"657","Mammillaria_sonorensis",12,36.5,4,0.714745163917542,17.8500000000001,21.35,13.45,1103.7,291.2,11.4,98.2,706.9,46.75,617.05,111.15,13.4,0.603500008583069,317.95,28.45,6.45000000000005,22.25,20.95,18.15,1519.65,113.04,1468.5,9.6279673576355,0.000745829951483756,170.5,14.8052597045898,5.48638033866882,0.000818228058051318,NA,"#N/A","#N/A",NA,NA,"globose_solitary/globose_caespitose","compact",0.038688072,0.590883567274571,0.209696256004767,0.415993954891151,0.20326676482636,0.802349409936584,0.0730565409093766,0.550768337987316,NA
"658","Mammillaria_sphacelata",13,41,4,0.495151802897453,17.45,19.35,15.05,710.45,150.5,7.2,89.3,382.55,26.2,240.05,28.65,11.7,0.63899998664856,172.25,26.45,8.15000000000003,18.2,18.45,15.2,1096.05,122.775,1970.5,5.16807293891907,0.000414454436395317,103,8.29705238342285,2.92074859142303,0.00056470074923709,NA,"#N/A","#N/A",NA,NA,"globose_caespitose","compact",0.038688072,0.587057040454359,0.210720179473372,0.472264476480422,0.203615632745791,0.813637084144805,0.0697911872507117,0.480458406409315,18579.49675
"659","Mammillaria_spinosissima",11,33,4,0.910032093524933,18.55,20.65,16.15,1326.2,289.7,6,105.8,829.9,28.2,356.3,35.3,11.8,0.644999980926514,171.7,27.05,8.75000000000006,18.3,19.45,16.35,1716.2,126.19,1816,22.4254837036133,0.00126746878959239,243,19.1313381195068,7.70993232727051,0.00110396044328809,30,"11","11",NA,NA,"globose_solitary","compact",0.483591233,2.09506438656989,0.224281763961998,5.60013935804988,0.20774467533527,0.793135758350043,0.612371450777804,6.81133416230957,NA
"660","Mammillaria_standleyi",11,38,4,0.41165965795517,22.85,28.55,16.05,712.75,203.5,5.2,109.2,479.8,24.65,413.65,104,14.5,0.509999990463257,493.6,37.0500000000001,8.80000000000004,28.2,27.65,22.95,1098.85,126.125,464.75,5.10476112365723,0.000442085074610077,72.75,5.74496793746948,2.63539898395538,0.000487358396640047,NA,"11","11",NA,NA,"globose_solitary/globose_caespitose","compact",0.445549652,4.68658028699846,0.217293645538036,6.20071702074028,0.206726562529961,NA,0.488888182179012,13.0372619599485,39518.51704
"661","Mammillaria_supertexta",13,42,4,0.480222880840302,24.35,26.65,21.85,777.3,156.4,10.6,90.3,439.2,34,200.2,45.5,10.7,0.598000001907349,180.9,34.0500000000001,16.15,17.9,25.05,22.95,1175.8,136.37,711.5,3.65718460083008,0.000541060755494982,91.5,7.34341669082642,1.97874581813812,0.000492883787956089,13,"11","11",NA,NA,"globose_solitary/globose_caespitose","compact",0.44689565,4.68658028699846,2.86341181617866,6.64983356623073,NA,NA,1.6751825968313,45.1011604967042,NA
"662","Mammillaria_surculosa",15,36,4,0.322207808494568,20.95,24.35,16.25,479.9,86.4,8.75,64.75,229.6,38.65,198.6,41.85,11.65,0.56399998664856,328.15,30.8,10.55,20.5,23.45,17.65,793.35,124.3,1119,6.7280490398407,0.000469766353489831,67,5.65837407112122,2.68424487113953,0.000418607596657239,3,"#N/A","#N/A",NA,NA,"globose_solitary/globose_caespitose","compact",0.038839175,0.586085425360521,0.220505339503553,0.426792688826323,0.20728089464375,0.789047777822421,0.105059252510923,0.464361524810951,NA
"663","Mammillaria_tayloriorum",16,42,4,0.341802626848221,23.15,29.55,17.2500000000001,228.7,73.4,0.4,110.2,148.7,2.4,148.7,43.1,2.3,0.148000001907349,485.8,30.85,15.65,15.2,29.55,23.65,408.45,142.55,42.75,9.50170469284058,0.000670822919346392,105.75,8.85896849632263,6.00397109985352,0.000585339264944196,25,"#N/A","#N/A",NA,NA,"globose_solitary/globose_caespitose","compact",0.445548116,4.68658028699846,0.217182704853381,6.15549414729413,0.206705275189085,NA,0.442015607089272,9.04192744962378,2.980055177
"664","Mammillaria_tetrancistra",16,60,9,0.107094660401344,21.15,31.35,10.95,160.6,25.65,1.7,54.85,66.25,11.65,32.05,63.55,12.9,0.382999992370606,802.9,38.65,4.45000000000005,34.55,12.4,25.65,293.05,133.97,637.75,0.851220577955246,5.80937485210598e-05,20.25,1.78583860397339,0.348930060863495,6.43139101157431e-05,25,"11","11",NA,NA,"globose_solitary/globose_caespitose","compact",0.070465021,0.59355741088767,0.283590304599893,1.38274803875765,0.269942367972353,1.1671700484133,0.184049150008887,1.08572142619582,228730.9321
"665","Mammillaria_theresae",NA,NA,NA,NA,NA,NA,NA,NA,NA,NA,NA,NA,NA,NA,NA,NA,NA,NA,NA,NA,NA,NA,NA,NA,NA,NA,NA,NA,NA,NA,NA,NA,4,"#N/A","#N/A",NA,NA,"globose_solitary/globose_caespitose","compact",0.038688072,0.585577139235206,0.207969027446728,0.38405972173782,0.202941147083685,0.773754617342596,0.0504886215227439,0.311593537632369,NA
"666","Mammillaria_thornberi",13,41,4,0.22255165874958,23.7500000000001,30.55,16.55,350.8,90.1,1.1,103.95,227.25,9.45,195.15,66.5,13.2,0.438499999046326,554.25,36.95,10.05,27.9,30.35,24.95,603.3,137.09,220.75,0.496078372001648,2.86169442915707e-05,4.5,0.383869707584381,0.101982656866312,2.87690272671171e-05,10,"11","11",NA,NA,"globose_caespitose","compact",0.050258687,0.587846312266728,0.213080271406581,0.435817261926081,0.204102545017008,0.813937057797887,0.0847994591853973,0.596284913100487,41518.23497
"667","Mammillaria_tonalensis",12,39,4,0.398878872394562,20.35,22.65,18.15,655.65,137.05,4.8,95.6,374.6,17.5,210.7,20.45,14,0.661500000953674,165.55,30.85,9.45000000000005,21.2,21.15,18.2500000000001,1028.1,132.385,1650.25,5.64268064498901,0.000494132342282683,112,9.4473237991333,3.53664636611938,0.000592676573432982,12,"#N/A","#N/A",NA,NA,"columnar","arborescent",0.038688072,0.587057040454359,0.210720178029352,0.473269025022888,0.203615632805179,0.814218555513686,0.0697911872507117,0.573798256505951,213.0686486
"668","Mammillaria_uncinata",13,37.5,4,0.392815157771111,17.2500000000001,20.35,13.3,565.8,119.8,6.8,81.05,309.95,33.05,170.8,38.4,12.8,0.601000022888184,265.5,27.35,6.05000000000001,21.1,19.35,15.2500000000001,911.4,123.695,2006.5,1.98331332206726,0.000146512160426937,31.75,2.74571251869202,1.07669311761856,0.000159953357069753,10,"11","11",NA,NA,"globose_solitary/globose_caespitose","compact",0.038708315,0.591065138326894,0.209414711450325,0.424232078580653,0.203185680523415,0.806787731742909,0.0721832428558929,0.570699575700932,216135.3531
"669","Mammillaria_vetula",13,38,4,0.476957514882088,17.65,20.35,14.35,627.25,125.9,8.85,78.9,328.55,38.1,177.75,38.45,10.9,0.586999988555908,245.2,27.05,7.85000000000002,18.8,19.2500000000001,14.45,991.9,115.805,1795.5,6.9931972026825,0.00057665683561936,151,12.9137387275696,3.99422955513,0.00076691439608112,10,"11","11",NA,NA,"globose_caespitose","compact",0.038697449,0.590759510334624,0.209497081097893,0.384074450408159,0.203236863705377,0.779317969804058,0.0657873034796146,0.415765680362838,10864.22962
"670","Mammillaria_wagneriana",12,35.5,1,0.339082092046738,18.2,22.2,13.35,555.35,140.25,4.35,97.5,356.8,20.2,194.15,56.45,14.5,0.59850001335144,325.2,30.35,5.30000000000004,24.35,20.85,18,896.95,119.995,1737,5.79763603210449,0.000404348582378589,113.25,9.47198581695557,3.33248698711395,0.000483493189676665,15,"#N/A","#N/A",NA,NA,"globose_solitary","compact",0.445549652,3.89295462970169,0.217387150166997,1.91639457094448,0.206743729772951,0.783625621963017,0.517297404666763,0.93918912323332,NA
"671","Mammillaria_wiesingeri",14,39,4,0.390757083892822,13.35,16.15,10.05,500,91.8,6.4,79,259.5,30.1,146.9,30.7,12.6,0.617000007629395,240.3,23.35,2.95000000000005,20.4,14.7500000000001,10.15,821.6,118.25,2593,8.02705383300781,0.000765125907491893,143.5,11.3405838012695,6.40126895904541,0.000846083741635084,4,"11","11",NA,NA,"globose_solitary","compact",0.038688072,0.585358068206916,0.211467907127933,0.430319296932259,0.203810411882438,0.79666292992355,0.0711968645306022,0.446476515891011,NA
"672","Mammillaria_winterae",14,38,4,0.358133539557457,18.65,23.2500000000001,13.15,495.3,99.15,10.65,68.4,248.7,47.95,193.25,54.3,11.95,0.53600001335144,419.15,29.4,6.75000000000006,22.8,22.2,15.15,815,124.49,1432,2.36841201782227,0.000143132099765353,26.75,2.29185962677002,1.01057952642441,0.000130494190671016,NA,"11","11",NA,NA,"globose_solitary/globose_caespitose","compact",0.038747213,4.06249418773396,0.481971736750538,5.56677063872158,0.406213408093742,1.88242668486233,0.229812116928469,4.92474403370905,42308.53092
"673","Mammillaria_wrightii",13,47,6,0.252491980791092,16.15,24.85,7.05000000000001,343.05,72.45,8.9,72.1,183.75,32.7,159.65,53.75,13.6,0.419999980926514,723.95,32.4,0.350000000000023,32.3,23.65,15.05,591.35,121.005,1543.75,1.34837979078293,0.000114494763693074,21,1.71959161758423,0.636083602905273,0.000128409570606891,8,"11","11=0.67_22=0.33",NA,NA,"globose_solitary","compact",0.038688072,0.585583979406687,0.212723762140843,0.442123344511275,0.204583791232851,0.812681197423396,0.0683689498880127,0.433778794813248,178509.2415
"674","Mammillaria_xaltianguensis",NA,NA,NA,NA,NA,NA,NA,NA,NA,NA,NA,NA,NA,NA,NA,NA,NA,NA,NA,NA,NA,NA,NA,NA,NA,NA,NA,NA,NA,NA,NA,NA,20,"#N/A","#N/A",NA,NA,"globose_solitary/globose_caespitose","compact",0.46316903,1.82509268936895,0.212207504052578,1.88591202870369,0.205658639634144,0.783844938769762,0.0880156674068032,0.653684256589966,NA
"675","Mammillaria_zeilmanniana",NA,NA,NA,NA,NA,NA,NA,NA,NA,NA,NA,NA,NA,NA,NA,NA,NA,NA,NA,NA,NA,NA,NA,NA,NA,NA,NA,NA,NA,NA,NA,NA,12,"11","11=0.88_12=0.12",NA,NA,"globose_solitary/globose_caespitose","compact",0.069792465,0.60237665135607,0.26807352208216,1.74883030174607,0.241322306936166,1.26113413445775,0.187385510433641,1.30415929194441,NA
"676","Mammillaria_zephyranthoides",12,39,4,0.37295725941658,16.95,19.7500000000001,13.7500000000001,526.95,110.95,6.6,85.55,288,30.35,147.7,32.2,12.6,0.623000001907349,231.8,27.05,6.65000000000003,20.25,18.65,13.95,858.8,122.945,2062,3.50083565711975,0.000267880066530779,52,4.39690208435059,1.9473922252655,0.000287205737549812,8,"#N/A","#N/A",NA,NA,"globose_solitary","compact",0.038688072,0.586508342805125,0.209373854620421,0.409083033853979,0.203207451764219,0.78582735685281,0.0629911596365613,0.411332838180444,30591.57627
"677","Mammillaria_zublerae",14,39,4,0.380908906459808,21.7500000000001,25.7500000000001,16.65,571.4,105.2,10.9,69.4,272.7,42,242.5,42,10.9,0.555999994277954,360.7,30.7500000000001,11.15,19.6,25.15,16.65,918.9,137.47,674.5,7.95666980743408,0.00070496933767572,188,15.8061027526855,4.60786914825439,0.000661701720673591,5,"#N/A","#N/A",NA,NA,"globose_caespitose","compact",0.039189295,0.621992253710805,0.319292431363099,3.64002057509782,0.303513820689245,1.57158135176502,0.205502756096502,1.85089920351931,NA
"678","Mammilloydia_candida",14,38,4,0.43998958170414,17.9,21.55,13.3,599.5,114,11.9,68.85,294.7,49.9,240.7,53.1,11.3,0.561999988555908,325.25,27.55,7.40000000000003,20.1,20.7500000000001,14.45,955.95,117.67,1543.5,4.60256266593933,0.000313174954499118,76.25,6.21609568595886,2.50361514091492,0.000359040466719307,30,"#N/A","#N/A","bee","ancestral","globose_solitary/globose_caespitose","compact",0.038731689,0.580896682686082,0.208504909026508,0.401630429373988,0.203017034983304,0.77531984539112,0.0618691921455159,0.325535116786008,56480.32054
"679","Matucana_aurantiaca",17,48,7,1.04309678077698,9.55000000000001,9.85000000000002,9.05000000000001,1116.4,206.6,9.7,67.9,523.9,45.2,415.65,53.2,10.1,0.805000019073486,29.1,15.65,2.95000000000005,12.5,9.70000000000005,9.05000000000001,1238.4,103.17,3427,7.80462026596069,0.00056394818238914,180,15.5340967178345,4.60433983802795,0.000719726085662842,35,"#N/A","#N/A","bird","derived","globose_solitary/globose_caespitose","compact",0.090524743,0.611855980383662,0.216461507048937,0.418581421174107,0.205133683924679,0.785271127081947,0.0976499878124714,0.444670522309157,13827.87237
"680","Matucana_haynei",16,51,7,0.803048551082611,9.45000000000005,9.95000000000005,8.80000000000004,811.9,172.7,4.9,83.4,467.8,22.8,144.45,43.1,9.6,0.78899998664856,50.45,15.35,3.35000000000002,12.2,9.35000000000002,8.85000000000002,864.4,102.135,3430.25,6.66789937019348,0.000480958711705171,162.25,13.8242626190186,3.99182820320129,0.000670420296955854,30,"#N/A","#N/A","bird","derived","globose_solitary","compact",0.090285035,0.611313130608462,0.209277052940784,0.387731203497901,0.203064100809077,0.773171404254486,0.0632197138933125,0.272618398611466,76492.91379
"681","Matucana_intertexta",16.5,50,6,1.02695977687836,12.2500000000001,12.55,11.8,1109.75,197.6,9.8,67.8,519.5,43.5,389.45,57.35,9.3,0.781500005722046,29.4,17.6,5.90000000000003,11.9,12.2500000000001,11.9,1341.6,108.045,3121,7.3264467716217,0.000482864401419647,148.5,13.5220928192139,3.9924703836441,0.000603200314799324,30,"#N/A","#N/A","bird","derived","globose_solitary","compact",0.090524743,0.611855980383662,0.216461506102698,0.418581420912021,0.205133683229642,0.785271254198885,0.0976499878124714,0.444670522309157,798.9470707
"682","Matucana_madisoniorum",16,55,6,1.00852751731873,24.95,25.45,24.35,1437.2,177.6,80.4,23.5,474.9,263.9,350.5,263.9,7.4,0.782000017166138,42.1,29.35,19.95,9.4,25.05,24.35,1804.2,129.71,352.5,2.70416355133057,0.000147095182910562,44,3.80426931381226,0.564607381820679,0.00025198858929798,15,"#N/A","#N/A","bird","derived","globose_solitary","compact",0.090158078,0.611701628189048,0.222737484822652,0.431643461648593,0.208567367812999,0.79328873342134,0.102986924817284,0.438947962425209,NA
"683","Melocactus_curvispinus",14,40,4,0.983061552047729,24.85,26.05,23.2500000000001,1355.25,238.9,16.05,63.7,634.7,63.65,356.8,152.45,7.8,0.703000020980835,85.95,30.7500000000001,19.35,11.2,25.1,24.15,1726.05,136.46,416.5,3.8096809387207,0.000298872284474783,64.5,5.06102466583252,2.02538216114044,0.000341521154041402,30,"11","11","bee, bird, ento","derived","globose_solitary","compact",0.261479357,1.54693326050212,0.236836056706309,0.995822244723435,0.220256258611178,1.26519667559958,0.167119474220446,0.975237574686672,301921.1732
"684","Melocactus_intortus",14,38,4,1.25041127204895,25.1,26.8,23.2500000000001,1407.65,206.5,46.9,44.3,506,162.95,426.9,172.3,6.7,0.651000022888184,121.45,29.85,19.95,10.55,26.2500000000001,23.45,1774.3,145.185,145.5,2.70920848846436,0.000196516273717862,34,2.66794919967651,1.20234131813049,0.000210734418942593,75,"11","11","bee, bird, ento","derived","globose_solitary","compact",0.261479357,1.54693326050212,0.236697697207346,0.995822247298818,0.220123221531367,1.26519651861273,0.15182918047355,0.975237574686672,93719.29103
"685","Melocactus_oreas",14,59,6,0.464156046509743,22.9,24.35,20.6,674.4,110.65,18.8,52.35,271.85,69.4,266.55,93.3,8.75,0.676000022888184,150.25,29.15,16.45,12.8,24.35,21.45,1051.65,135.45,686.75,1.30799740552902,0.000105122009699699,20,1.67339646816254,0.650460243225098,9.5997911557788e-05,35,"22","22",NA,NA,"globose_solitary","compact",0.261479357,1.54693326050212,0.236836054942792,0.462484602738039,0.220256258640514,0.822704787555607,0.167119474220446,0.605173625215337,29698.51685
"686","Melocactus_zehntneri",14,62,9,0.472731485962868,26.15,27.7500000000001,24.65,770.35,163.1,2.3,88.2,416.3,11.45,135.75,107.2,9.4,0.678999996185303,122.4,33.45,19.2500000000001,13.6,25.95,25.55,1167.7,153.805,432.75,0.992156744003296,8.28495831228793e-05,16.25,1.3784926533699,0.518132925033569,9.19303856790066e-05,48,"22","11=0.40_22=0.60","bird","derived","globose_solitary","compact",0.261479357,1.54639204581939,0.224126709694208,0.416754780478268,0.209512165546839,0.795272093464321,0.112255181439668,0.472864800357111,928675.1536
"687","Micranthocereus_albicephalus",14,56,6,0.491236552596092,24.05,25.15,21.85,779.3,190.25,0.9,99.3,460.95,4.9,298,4.9,9.8,0.676999998092651,134.2,30.6,15.95,14.5,24.7500000000001,21.85,1178.15,146.215,650.75,1.59266901016235,0.000119866210297914,26.75,2.1987202167511,0.905840039253235,0.000137207731313538,250,"#N/A","#N/A",NA,NA,"columnar","arborescent",0.23964637,1.5319621069913,0.209866610326126,0.383935583969071,0.203270087548626,0.77567647056402,0.0603434000246352,0.262293770865782,13266.848
"688","Micranthocereus_auriazureus",NA,NA,NA,NA,NA,NA,NA,NA,NA,NA,NA,NA,NA,NA,NA,NA,NA,NA,NA,NA,NA,NA,NA,NA,NA,NA,NA,NA,NA,NA,NA,NA,110,"#N/A","#N/A",NA,NA,"shrubby","arborescent",0.282692717,0.48348916872497,0.287261244109943,0.38413234845433,0.267774987707666,0.772644442593273,0.262076717885145,0.19667535595119,NA
"689","Mila_caespitosa",16,51,7,0.652871191501617,12.15,12.45,11.9,654.05,149.3,3.3,82.5,374.5,16.6,132.15,38.55,7.7,0.806999969482422,31.25,17.1,7.25000000000006,10.2,12.05,12.2500000000001,837.3,103.57,2824.25,7.87239193916321,0.000553097081137821,210.5,18.3639640808105,4.75426006317139,0.000886694644577801,20,"#N/A","#N/A","bee","ancestral","shrubby","arborescent",0.09078678,0.612350646699599,0.220536336432674,0.436483022565558,0.206975320367769,0.794995775222296,0.1044069295681,0.474966997911473,50792.39074
"690","Miqueliopuntia_miquelii",15,68,9,0.0492136478424072,15.65,19.1,12.15,60.35,18.7,0.6,119.95,45,2.1,3.1,45,10.6,0.582000017166138,275.25,25.55,7.45000000000005,18.5,12.2,18.35,113.7,110.73,644,4.36516308784485,0.000364170788088813,82,6.6348032951355,2.38949811458588,0.000521129812113941,20,"#N/A","#N/A",NA,NA,"shrubby","arborescent",0.160704644,0.333287985439517,0.224832480693612,0.395841805907218,0.210694795319891,0.773147531444276,0.115938292639178,0.258684507530859,13084.73336
"691","Myrtillocactus_cochal",12,40.5,4,0.130207180976868,20.45,26.55,15.45,183.55,48.05,0.6,92.8,111.95,3,61.2,49.95,11.7,0.505000019073486,413.35,33.2500000000001,10.2500000000001,22.65,25.85,21.8,332.5,131.51,329.25,4.03862404823303,0.000332045339746401,50,3.85516953468323,1.95039999485016,0.000322143358062021,300,"11","11=0.83_33=0.17",NA,NA,"shrubby/arborescent","arborescent",0.137900306,0.493467862645779,0.305623235443688,0.648983988762949,0.292692761810459,1.02275256364553,0.200752474305911,0.698877296652553,51767.19279
"692","Myrtillocactus_geometrizans",12,38,4,0.507593631744385,17.65,20.55,14.15,744.25,171.95,5.95,93.55,444.75,28.75,227.4,39.7,12.6,0.607999992370606,239.75,27.7500000000001,7.05000000000001,20.4,19.45,16.15,1136.8,123.945,1894.75,4.03645467758179,0.000322435997077264,66.5,5.48027157783508,2.18123745918274,0.000360160338459536,400,"11","11=0.80_22=0.20","bee, ento","derived","arborescent","arborescent",0.137900306,0.493467862645779,0.305623235672848,0.648983989865464,0.292692755908257,1.02275258965491,0.200752474305911,0.698877296652553,355456.5253
"693","Myrtillocactus_schenckii",13,41,4,0.627397447824478,18.2500000000001,20.05,16.15,892.35,185.45,6.4,90.7,505.2,24.1,298.1,26.65,11.7,0.640999984741211,157.35,27.2500000000001,9.25000000000006,17.9,19,16.45,1303.75,122.95,1740.75,5.90534067153931,0.000506991986185312,147.5,12.4648380279541,3.57743835449219,0.000707121478626505,500,"#N/A","#N/A","bee, ento","derived","arborescent","arborescent",0.137900306,0.493467862645779,0.242643295036366,0.460877359033538,0.220083055563589,0.79968250515784,0.129977094122789,0.457471466744056,47632.43549
"694","Neolloydia_conoidea",14,38,4,0.282074943184853,19.05,24.65,12.85,416.5,75.2,8.9,66.35,197.8,37.6,168.7,41.75,12.8,0.503000020980835,480.1,30.85,5.75000000000006,24.7,23.9,15.15,702,127.665,1366.75,1.65063643455505,0.000120944656373467,23,2.00011622905731,0.754455864429474,0.000123437086585909,24,"11","11","bee","ancestral","globose_solitary/globose_caespitose","compact",0.038688072,0.585601513249505,0.209700517048297,0.406620137435268,0.203246321056853,0.787274260968135,0.0670793650001146,0.419615253768207,352759.0552
"695","Neoraimondia_arequipensis",17,50,7,0.857900470495224,9.55000000000001,10.3,8.75000000000006,818.55,168.85,6.6,80,454.35,30.15,204.05,48.2,9.1,0.751000022888184,75.05,15.55,3.35000000000002,12.2,9.85000000000002,8.95000000000005,886.5,102.775,3349,6.53521084785461,0.000471010367618874,151,12.9905614852905,3.81183123588562,0.000660029938444495,1000,"#N/A","#N/A","mixed","derived","shrubby","arborescent",0.073399839,0.359474742532002,0.219543668497309,0.41507186674574,0.20897762131547,0.785477335552042,0.0690838579009359,0.237337694392106,276832.0647
"696","Neoraimondia_herzogiana",15,46,6,0.575040727853775,18.35,20.8,14.95,799.45,156.6,7.1,84.8,424.6,28.25,357.4,39.75,10.2,0.637999987602234,211.8,25.95,9.05000000000001,17.3,20.65,15.05,1201.5,111.805,1535.75,7.16095328330994,0.000588805880397558,144,12.3566131591797,3.8704434633255,0.000722346419934183,1500,"#N/A","#N/A","bee, ento","derived","arborescent/shrubby","arborescent",0.073399839,0.359474742532002,0.219543640681456,0.415071867051583,0.208977615545481,0.785477218490671,0.0690838579009359,0.237337694392106,25929.74289
"697","Neowerdermannia_chilensis",18,57,9,0.502796530723572,6.20000000000005,7.25000000000006,5.30000000000004,457,133.15,2.7,107.75,332.7,10.3,78.6,15.15,10.3,0.750500011444092,83.5,12.95,-0.799999999999955,14,5.95000000000005,5.30000000000004,725.4,103.045,4106.75,5.68440866470337,0.000426691069151275,115.5,9.50420904159546,3.05457472801208,0.000550435477634892,5,"#N/A","#N/A",NA,NA,"globose_solitary","compact",0.09720919,NA,0.245643812533487,NA,0.226479145747907,NA,0.0801556631512643,NA,11601.96968
"698","Neowerdermannia_vorwerkii",17,54,9,0.625528246164322,9.00000000000003,11.45,5.85000000000002,744.15,204.4,2.5,111.25,472.45,11.45,227.1,15.3,13.4,0.659999990463257,226.85,17.7500000000001,-2.74999999999994,20.4,10.85,5.95000000000005,1090.25,114.415,3785.75,2.6976490020752,0.000214661282370798,38,3.25099456310272,1.42970824241638,0.000203708121262025,NA,"#N/A","#N/A","bee","ancestral","globose_solitary","compact",0.078459719,0.336726249219648,0.211666735074952,0.378663343715538,0.203587002696255,0.772280393044904,0.0724667220252254,0.14096495775853,45822.87312
"699","Nyctocereus_serpentinus",NA,NA,NA,NA,NA,NA,NA,NA,NA,NA,NA,NA,NA,NA,NA,NA,NA,NA,NA,NA,NA,NA,NA,NA,NA,NA,NA,NA,NA,NA,NA,NA,300,"#N/A","#N/A",NA,NA,"columnar","arborescent",0.077825805,0.435849904852194,0.209690880567544,0.3870284878131,0.20315759420043,0.772489337524775,0.0706783364238633,0.245764720069238,NA
"700","Obregonia_denegrii",15,37,4,0.373201161623001,21.7500000000001,25.7500000000001,16.65,565.55,105.2,10.65,69.6,267.95,41.9,228.65,41.9,11.1,0.560500001907349,357.15,30.7500000000001,11.2,19.6,25.15,16.75,911.05,129.595,869,2.11763429641724,0.000227010910748504,19.5,1.76047492027283,2.02452325820923,0.000104727609141264,5,"11","11","bee","ancestral","globose_solitary","compact",0.038700604,0.558027436602636,0.209017978525086,0.397625024083721,0.203079197295302,0.774034685672954,0.0620443531058759,0.257738445974908,NA
"701","Opuntia_arechavaletae",14,40,6,1.3116706609726,17.45,22.85,11.7500000000001,1382.9,146.5,83,17.5,401,284,366.85,337.25,8.3,0.41399998664856,387.95,27.55,8.05000000000001,18.4,20.35,15.95,1756.7,109.165,41.75,0.958072155714035,9.10113012650982e-05,11.5,0.932245910167694,0.391442209482193,9.15890595933888e-05,30,"#N/A","#N/A",NA,NA,"arborescent","arborescent",0.160640594,0.33454483296336,0.306282795107726,0.507729680914496,0.292176054710604,0.837658645604305,0.22978775572094,0.41374063618677,126416.2829
"702","Opuntia_atrispina",15,40,4,0.353784069418907,20.55,28.45,11.45,514.35,70.05,12.6,54,193.55,50.95,180.4,51.75,12.2,0.43899998664856,663.1,34.45,5.55000000000001,28.3,27.15,11.95,841.5,131.27,679,1.61897921562195,0.000156756294018123,22.25,1.85770630836487,0.712244719266891,0.000156308175064623,60,"11","11=0.67_13=0.17_33=0.16",NA,NA,"shrubby","arborescent",0.160527825,0.333430414911441,0.211614467259887,0.381496606829331,0.210039704714441,0.772441201295359,0.131350167277674,0.238237161366363,42605.89617
"703","Opuntia_auberi",13,41,4,0.727338761091232,20.95,22.7500000000001,18.7500000000001,1065.5,231.6,4.75,94.4,621.15,19.7,340.6,21.85,10.2,0.638000011444092,147.2,29.7500000000001,12.8,16.2,21.8,19.45,1471.35,136.295,1134.75,5.56457161903381,0.000438259754446335,123,10.6216716766357,3.17126250267029,0.000638394878478721,800,"#N/A","#N/A",NA,NA,"arborescent","arborescent",0.1605869,0.332882535450451,0.215790859487678,0.379933870523544,0.219388395105669,0.772361994795371,0.16382702447724,0.224446753150939,28762.73516
"704","Opuntia_aurantiaca",16,47,7,0.6334468126297,22.65,27.2500000000001,17.05,939.35,149.8,10.65,67.15,408.75,40.7,387.3,62.95,9.8,0.480000019073486,403.75,32.65,11.7500000000001,20.85,26.95,17.35,1355.5,125.42,164.5,0.330718904733658,2.32425472859177e-05,2.25,0.157749220728874,0.0776057429611683,2.23111874220194e-05,30,"22","22",NA,NA,"shrubby","arborescent",0.1605869,0.359314084171496,0.345515512117156,0.693793423394283,0.360100683264214,1.06659831866604,0.267560118456434,0.795232479358256,517457.825
"705","Opuntia_aurea",16,58,9,0.314202547073364,11.15,23.35,-0.649999999999977,373.3,46.2,8.8,33.2,129.65,51.45,74.4,118.75,13,0.346000003814697,929.8,31.15,-6.54999999999995,37.6,1.45000000000005,19.05,637.5,108.375,1725.5,3.43454945087433,0.00032851827563718,48,4.13014888763428,1.78672850131989,0.000331973191350698,NA,"33","33",NA,NA,"shrubby","arborescent",0.160518264,0.333046381560964,0.221015164142776,0.384501504441152,0.211323687241922,0.772472666205545,0.124084636457396,0.212812079848763,2000.472912
"706","Opuntia_aureispina",16,41,4,0.179828219115734,21.85,29.7500000000001,12.65,296.6,46.75,8.5,57.2,131.95,31.6,131.95,32.4,13.5,0.442000007629395,673,36.35,5.85000000000002,30.5,29.7500000000001,14.85,518.7,126.495,740,4.28204751014709,0.000396125789848156,52.5,4.12975764274597,2.21844303607941,0.000298911982099526,150,"11","11",NA,NA,"shrubby","arborescent",0.162011496,0.335006367369491,2.99937326561327,1.55448320558783,0.644582857913994,1.59209314472075,0.369404939096171,0.712175525181355,1355.280966
"707","Opuntia_basilaris",16,62,9,0.125477619469166,17.7500000000001,28.15,8.25000000000006,167.35,27.3,2.5,54.3,70.3,14.3,29.1,67.9,12.8,0.376499998569489,809.2,36.2500000000001,2.15000000000003,34.5,10.45,23.95,304.7,126.945,911.75,1.86821621656418,0.000153599976329133,29,2.52955079078674,0.864010244607925,0.000154442037455738,50,"11","11","bee, ento","derived","shrubby","arborescent",0.160542776,0.332712814929838,0.239100986723254,0.378478743334466,0.236787092215067,0.772280391603212,0.186917252228073,0.0938664466437157,303700.0086
"708","Opuntia_boldinghii",14,40,4,0.989483237266541,24.85,25.6,23.7500000000001,1276.9,183.25,24.8,50.4,513.9,93.85,336.7,164.05,7.4,0.726999998092651,69.4,29.2500000000001,20.2500000000001,9.8,24.85,24.15,1670.85,141.195,426,4.95208668708801,0.000375258823623881,97.5,7.71586084365845,2.60416126251221,0.000446125282905996,200,"#N/A","#N/A",NA,NA,"shrubby","arborescent",0.160534795,0.332963274151391,0.210605983090514,0.379802217305291,0.21241962664087,0.772375134017852,0.137995163195501,0.237630285879476,41349.63232
"709","Opuntia_bonaerensis",NA,NA,NA,NA,NA,NA,NA,NA,NA,NA,NA,NA,NA,NA,NA,NA,NA,NA,NA,NA,NA,NA,NA,NA,NA,NA,NA,NA,NA,NA,NA,NA,200,"#N/A","#N/A",NA,NA,"shrubby","arborescent",0.160687204,0.335500969517501,0.28737192823311,0.483827903473874,0.268344728995612,0.811002826727631,0.261619670377015,0.443237225914187,NA
"710","Opuntia_bravoana",11,38,4,0.341661542654037,24.35,29.55,18.05,547.5,158.2,1.1,113.3,398.2,8.6,316,64.55,13.5,0.519000005722046,447.15,36.0500000000001,11.2500000000001,25.6,29.2500000000001,23.55,886.8,133.63,104.75,0.987210661172867,7.57679845264647e-05,12,1.01520639657974,0.384579092264175,7.70414444559719e-05,50,"33","33",NA,NA,"shrubby","arborescent",0.160851675,0.333528580731392,0.260236912184397,0.482203775910221,0.264312517553027,0.816937863290005,0.257607714108205,0.463169276870966,56118.94343
"711","Opuntia_caracassana",14,40,4,0.792461335659027,26.2500000000001,27.05,25.15,1078.6,167.65,16.1,57.6,450.9,67,248.95,169.85,7.5,0.742000007629395,70.45,31.2500000000001,21.55,10.1,26.2500000000001,25.55,1488.7,147.58,204,2.37622046470642,0.000189981852599885,29,2.21549463272095,1.05903202295303,0.00018775399075821,200,"#N/A","#N/A",NA,NA,"shrubby","arborescent",0.1605869,0.402951216926762,0.981735643957051,2.13554978081361,0.467301920371969,1.66844687128273,0.46494493264335,1.34135990503425,154085.5046
"712","Opuntia_chaffeyi",14,38,4,0.194252535700798,20.05,24.35,14.7500000000001,306.2,57.6,4.2,72.1,156.3,26,122.8,33.8,13.4,0.567000007629395,383,30.65,7.15000000000003,23.6,23.2500000000001,18.85,533.9,136.07,1618,0.484122931957245,2.43263330048649e-05,4,0.378483086824417,0.0753498077392578,3.47898458130658e-05,NA,"22","22",NA,NA,"geophytic","compact",0.160527825,0.332882535450451,0.345433837915632,0.576832005331292,0.352108721675957,0.991429570426838,0.221544143746926,0.362174636049339,NA
"713","Opuntia_chlorotica",15,54,7,0.205551825463772,16.65,24.95,7.75000000000006,259.45,39.65,4.2,55.8,102.35,23.55,51.55,73.95,12.9,0.390500009059906,774.95,32.55,1.75000000000006,33.6,14.7500000000001,20.6,458.95,116,1133.5,1.7018711566925,0.000138456001877785,25.5,2.17194271087646,0.787621945142746,0.000146729267726187,200,"11","11","bee","ancestral","shrubby","arborescent",0.162011496,0.335213479134583,0.24957286059207,0.446222463776119,0.257174149751543,0.79475164211707,0.243726483732367,0.491196201379537,836779.8955
"714","Opuntia_cochenillifera",13.5,40,4,0.881913870573044,23.95,27.2500000000001,21.8,1267.7,236.15,16.35,80.9,626.1,73.7,407.8,93.7,9.15,0.598000001907349,193.3,32.1,16,15.7,26.4,22.3,1658.2,135.99,263.5,1.48689895868301,9.49409113673028e-05,19,1.62115561962128,0.644166022539139,0.000102553567558061,400,"#N/A","#N/A",NA,NA,"arborescent","arborescent",0.1605869,0.359314084171496,0.261045446034695,0.554439440204901,0.264993196032125,0.890927683821354,0.213002376979937,0.681989418410277,NA
"715","Opuntia_deamii",13.5,42,4,1.10521119832993,20.25,21.8500000000001,18.35,1551.25,276.25,31,70.6,752,98.8,449.95,153.3,9.6,0.650999999046326,133.75,28.2500000000001,13.3,14.3,20.85,19.05,1888.2,125.835,1245.25,1.387286901474,0.000122959449072368,27,2.47106802463531,0.843695521354675,0.000137246566737304,100,"#N/A","#N/A",NA,NA,"arborescent","arborescent",0.160527825,0.33289736013092,0.208141655408306,0.378613945811876,0.206169667121145,0.772293650422925,0.116489958006421,0.187124982461739,NA
"716","Opuntia_decumbens",13,40,4,0.780371248722076,22.65,24.45,20.5,1127.45,252.25,4.2,98.35,686.05,20.8,317.95,35.05,10.3,0.646000003814697,145.95,30.45,14.2,16.2,23.55,21.2500000000001,1535.6,133.405,975.5,4.96137404441833,0.000407571365940385,100,8.23482179641724,2.74424386024475,0.00053899665363133,50,"#N/A","#N/A",NA,NA,"shrubby","arborescent",0.160518264,0.332772183130998,0.211451938777529,0.379817478306762,0.20905900407221,0.772310068358429,0.122554809492479,0.190424177330641,182041.465
"717","Opuntia_dejecta",13,41,4,0.892744243144989,23.65,26.15,20.2,1241.85,251.45,15,85.9,680.1,55.1,403.15,58.5,8.75,0.557999992370605,224.25,30.7500000000001,15.65,15.7,25.55,21.15,1644.9,127.78,355,2.83876633644104,0.000227782831643708,39.25,2.8516001701355,1.0283710360527,0.000188504352991004,200,"#N/A","#N/A",NA,NA,"arborescent","arborescent",0.1605869,0.359314084171496,0.345515552320235,0.693793425071592,0.360100777600408,1.06660048572364,0.267560118456434,0.795232479358256,NA
"718","Opuntia_depressa",12,40,4,0.488933116197586,21.05,23.05,18.9,765.95,160.5,5,98.25,431.95,21.05,236.05,23,12.5,0.646000003814697,169.1,30.65,10.85,19.4,21.7500000000001,19.15,1162.5,135.32,1573.75,5.1984007358551,0.000443429351435043,99.75,7.90717816352844,2.94683218002319,0.000555507751414552,120,"#N/A","#N/A",NA,NA,"shrubby","arborescent",0.160518264,0.332772183130998,0.211451920362469,0.379817478236668,0.209059014168732,0.772309131018453,0.122554809492479,0.190424177330641,50270.86214
"719","Opuntia_discolor",16,51,6,0.807485431432724,18.8,23.3,13.35,1029.95,217.05,10,83.25,550.4,34.95,548.4,34.95,9.45,0.478999996185303,399.4,27.65,7.90000000000003,19.75,22.95,13.35,1447.6,112.51,739.25,1.38309189677238,6.74187831464224e-05,14.25,1.42905247211456,0.732973217964172,8.88446520548314e-05,NA,"#N/A","#N/A",NA,NA,"shrubby","arborescent",0.160449313,0.332712814929838,0.333001089058563,0.612111899767287,0.327658605924437,1.03713467090019,0.223092208906473,0.17800044347698,NA
"720","Opuntia_elata",16,45,7,0.861257821321487,21.35,26.35,15.95,1113.7,159.7,24.3,52.45,439.6,86,418.25,111.45,9.3,0.441499996185303,413.75,31.7500000000001,11.35,20.55,24.65,15.95,1529.15,127.535,97.5,0.353553384542465,2.58817990470561e-05,3,0.180392995476723,0.0931458957493305,2.4574161216151e-05,200,"11","11=0.67_22=0.33","bee, bird, ento","derived","shrubby","arborescent",0.160687204,0.334500484254617,0.252642086149033,0.42539980155745,0.232199400737953,0.780230364846192,0.176284113957982,0.335618179510163,1107011.383
"721","Opuntia_elatior",14,41,4,0.933642506599426,25.95,26.55,25.15,1300.3,198.55,21.65,58.05,552.8,86.8,286.05,255.45,7.75,0.743499994277954,63.05,30.55,21.45,10.5,25.85,25.65,1629.35,143.505,254,2.51475203037262,0.00018453170923749,29,2.17436218261719,1.0560182929039,0.000178943526407238,500,"22","11=0.40_22=0.40_33=0.20",NA,NA,"shrubby","arborescent",0.160592215,0.357692177027451,0.355797236972436,0.769882017957705,0.362867008137501,1.18675732463144,0.232571707603268,0.65521191057648,139894.1592
"722","Opuntia_engelmannii",14,42,4,0.286458358168602,18.65,26.7500000000001,11.2500000000001,416.45,74.8,7.8,64.5,194.25,34.3,160.7,55.85,13,0.434000015258789,641.6,33.45,4.55000000000001,29.1,24.15,16.15,701.9,129.19,1217.75,0.998044967651367,8.08137338026427e-05,16.5,1.42616891860962,0.440982475876808,9.01474559213966e-05,350,"33","11=0.27_33=0.73","bee","ancestral","shrubby","arborescent",0.160640776,0.332963274151391,0.228387619368535,0.382092544663956,0.244988590318366,0.772592578487002,0.21856281760278,0.255344207125187,1364191.59
"723","Opuntia_excelsa",12,38,4,0.770792424678802,24.45,26.4,22.3,1120.3,282.05,1.6,112.1,783.8,11.75,556.25,51.7,8.85,0.632999992370606,161.8,30.55,17.2500000000001,13.8,26.15,23.7500000000001,1535.35,132.545,243.75,3.8311460018158,0.000313882846967317,56.5,4.6834511756897,1.91906535625458,0.000353675553924404,NA,"#N/A","#N/A","bee","ancestral","arborescent","arborescent",0.160542776,0.333910304647266,0.239100975218849,0.390093041001218,0.236787108950153,0.772957071932516,0.186917252228073,0.258970413689337,8543.195163
"724","Opuntia_ficus-indica",12,37,4,0.355584859848022,17.2500000000001,20.2500000000001,13.7500000000001,512.15,107.95,6.3,84.65,288.15,29.9,142.1,38.2,12.85,0.598999977111816,268.9,27.85,6.75000000000006,21.2,19.2500000000001,15.2500000000001,838.45,124.33,2007.5,1.21030724048615,9.11594615899958e-05,20,1.83143639564514,0.640597879886627,6.35196956864092e-05,600,"33","11=0.40_22=0.03_33=0.07_44=0.50","bee","ancestral","shrubby/arborescent","arborescent",0.160756943,0.338053894195946,1.53412019227372,2.41618753342249,NA,NA,0.325097706460063,0.91572764887816,NA
"725","Opuntia_fragilis",16,42,7,0.629573255777359,6.25000000000006,18.7500000000001,-6.34999999999997,515.35,88.4,14.2,53.8,229.35,51.3,206.4,56.25,10.9,0.296000003814697,961.15,26.65,-11.45,38.4,16.2500000000001,-4.44999999999999,759.6,83.36,886.5,1.02887988090515,0.000117544972454198,14.5,1.19687747955322,0.509672969579697,0.000106426701677265,10,"33","22=0.22_33=0.78","bee, moth, ento","derived","shrubby","arborescent",0.160518264,0.333707760071813,0.275428361856566,0.446468819179908,0.265918410516918,0.796906486246435,0.208552542353147,0.378324060048123,3806207.922
"726","Opuntia_fuliginosa",12,37,4,0.608550310134888,20.85,23.2500000000001,18.45,971.8,233.9,3.5,107.5,635.7,19.7,218.3,39.95,12.4,0.619000005722046,184.35,31.05,11.1,20.1,21.95,20.7500000000001,1388.05,130.82,1357.75,4.94876074790955,0.000392550165997818,89.5,7.55684041976929,2.62935674190521,0.000455082263215445,400,"#N/A","#N/A",NA,NA,"arborescent","arborescent",0.160542776,0.336571073045001,0.223289430714106,0.442649292523927,0.219753521875289,0.784841835317122,0.156194211899201,0.34913360963527,148174.6316
"727","Opuntia_galapageia",14,42,4,1.930908203125,22.65,24.7500000000001,20.95,1343.75,284.6,21.5,82.6,776.7,73.35,632.95,81.8,1.8,0.320500004291534,144.05,26.05,19.7500000000001,5.8,24.35,21.05,1730.5,140.63,153.25,1.16592240333557,7.14755078661256e-05,33.25,3.08195018768311,0.529919445514679,7.30513638700359e-05,500,"33","33",NA,NA,"arborescent","arborescent",0.160640594,0.33454483296336,0.267544257666102,0.4418509353117,0.2453665518287,0.78605773163726,0.162462279767379,0.279474165950672,6855.828259
"728","Opuntia_gaumeri",NA,NA,NA,NA,NA,NA,NA,NA,NA,NA,NA,NA,NA,NA,NA,NA,NA,NA,NA,NA,NA,NA,NA,NA,NA,NA,NA,NA,NA,NA,NA,NA,700,"#N/A","#N/A",NA,NA,"arborescent","arborescent",0.1605869,0.360279812502883,0.293853870493447,0.546856941582676,0.288871042023447,0.870534994437813,0.282865325189928,0.714533294857675,NA
"729","Opuntia_gosseliniana",12,41,4,0.262853041291237,22.65,29.7500000000001,14.7500000000001,444.4,115.65,2.4,104.05,291.5,15.85,234.95,77.3,14.4,0.476000022888184,589.8,37.45,7.85000000000002,29.7,28.95,24,742.65,131.53,478.75,1.81887286901474,0.000158668532094453,20.5,1.64206779003143,0.749808937311172,0.000145409598189872,100,"#N/A","#N/A",NA,NA,"shrubby","arborescent",0.162011496,0.335213479134583,0.249572836033945,0.446222464113437,0.257174207655293,0.794751078190795,0.243726483732367,0.491196201379537,99229.47198
"730","Opuntia_guatemalensis",13,40,4,1.80735814571381,25.7500000000001,26.7500000000001,24.95,2243.3,394.6,11.4,80.05,1055,54,316.65,602.85,6.25,0.632000017166138,70.8,31.1,22.15,9.7,25.55,25.95,2264.75,147.395,139,2.05725610256195,0.0001564884223626,26.75,2.0425431728363,0.862374246120453,0.000135837515699677,NA,"#N/A","#N/A",NA,NA,"shrubby","arborescent",0.160559369,0.35453109936957,0.209141189726106,0.4037444066309,0.208270602054962,0.779043909980878,0.120340379421503,0.31161199084231,7594.162289
"731","Opuntia_guilanchi",NA,NA,NA,NA,NA,NA,NA,NA,NA,NA,NA,NA,NA,NA,NA,NA,NA,NA,NA,NA,NA,NA,NA,NA,NA,NA,NA,NA,NA,NA,NA,NA,200,"#N/A","#N/A",NA,NA,"shrubby","arborescent",0.160527825,0.333517282646234,0.215838993415249,0.384250313371753,0.210039839385895,0.772441542888438,0.145158023458638,0.263852278774701,NA
"732","Opuntia_humifusa",15,45,7,1.12655740976334,14.85,24.7500000000001,4.75000000000006,1226.95,128,80.15,13.75,360.25,262.1,338.3,273.8,9.7,0.315000009536743,764.55,30.7500000000001,-0.249999999999943,30.8,20.7500000000001,7.35000000000002,1580.2,96.89,148.75,1.26089000701904,0.000139538242365234,17,1.28933352231979,0.556096971035004,0.000132701752590947,30,"22","11=0.33_22=0.67",NA,NA,"shrubby","arborescent",0.161928537,0.337402213625004,0.325972050958373,0.564969993862763,0.314517163598049,0.878779418648011,0.241007995208613,0.466071736708245,594669.0311
"733","Opuntia_hyptiacantha",13,38,4,0.423572763800621,17.05,19.85,13.55,624.15,134.85,6.4,86.6,346.35,30.4,180.2,36.5,12.8,0.611999988555908,245.45,27.2500000000001,6.35000000000002,20.8,18.85,15.2500000000001,987.95,123.935,2049.25,2.57238900661469,0.000190134182048496,41.25,3.41808557510376,1.32333332300186,0.000211324040719774,500,"44","44",NA,NA,"shrubby/arborescent","arborescent",0.18076785,0.360818579573826,0.62974286715316,0.781047647173407,0.41612131463858,0.995174383124495,0.327355750144318,0.540715625749381,189828.3155
"734","Opuntia_inaperta",16,42,4,0.699071943759918,26.2500000000001,28.35,23.65,1144.85,200.35,28.4,67.65,533.65,90.55,391.25,105.5,9.9,0.617000007629395,191.1,35.0500000000001,18.95,16.1,27.7500000000001,24.85,1558.2,140.15,22.25,0.55901700258255,4.20918149757199e-05,4,0.273138403892517,0.13880393654108,3.83310089091538e-05,700,"#N/A","#N/A",NA,NA,"arborescent","arborescent",0.1605869,0.360279812502883,0.291463176642406,0.546856940644791,0.286719242558301,0.870532854731366,0.218474055155139,0.714533294857675,48841.18238
"735","Opuntia_lagunae",13,45,4,0.361541077494621,19.45,23.45,14.9,526.9,199.65,0.4,139.5,402.3,3.55,206.05,55.6,12.3,0.582000017166138,330.8,30.4,8.95000000000005,21.25,23.05,21.2,858.75,131.065,1069.75,5.89275908470154,0.000507182470755652,153,14.0399103164673,3.53624057769775,0.00072053080657497,150,"#N/A","#N/A",NA,NA,"shrubby","arborescent",0.160851675,0.333528580731392,0.340558736501901,0.447449040325921,0.326879438916599,0.791060711351396,0.340549327778148,0.424522031067405,722.162218
"736","Opuntia_lasiacantha",13,39,4,0.433730185031891,17.35,20.05,14.05,640.15,138.7,6.8,85.7,359.85,31.6,189.85,36.65,12.5,0.617000007629395,234.25,27.2500000000001,7.05000000000001,20.1,19.05,15.6,1008.45,122.66,1972,3.5824533700943,0.000248633747105487,56.5,4.80064105987549,1.86516523361206,0.00028784282039851,400,"#N/A","#N/A",NA,NA,"shrubby/arborescent","arborescent",0.18076785,0.360818579573826,0.648416864594081,0.983221059415843,0.419614072903903,1.09117132253501,0.496631396940373,0.79334196800472,178915.9112
"737","Opuntia_leucotricha",13,37,4,0.350007206201553,17.7500000000001,21.2,13.3,504.2,104.9,5.9,82.05,286.8,30.4,174.5,40.7,13.2,0.58899998664856,316.2,28.35,6.05000000000001,22.2,20.15,15.95,827.4,126.445,1899,2.12764155864716,0.00016737340047257,32.5,2.74299037456512,1.02906137704849,0.00017659548757365,500,"22","22",NA,NA,"arborescent","arborescent",0.160640776,0.332963274151391,0.213450040614626,0.412206714312206,0.219440393814763,0.783398314255977,0.154922754660261,0.320504108881436,309645.3521
"738","Opuntia_littoralis",13,47,6,0.128831654787064,18.55,25.6,13.2500000000001,187.8,44.25,0.9,80.5,106.7,5.25,31.4,73.4,12.6,0.461999988555908,528.4,33.05,7.95000000000005,26.3,13.85,21.35,339.75,129.375,463.5,4.03282403945923,0.000332525014528073,50.5,4.05786037445068,1.89721095561981,0.000330385752022266,60,"33","33","bee, ento","derived","shrubby","arborescent",0.160527825,0.333517282646234,1.53169234909794,2.49598474547849,NA,NA,0.287232930234697,0.521806627376313,121250.2806
"739","Opuntia_lutea",13.5,43,4,0.727019846439362,24.8,26.65,22.5,1117.9,191.2,23.3,68.7,493.9,77.4,345.9,108.8,9.65,0.634999990463257,151.1,32.2,18.4,15.25,24.8,22.9,1532.85,147.035,364.25,0.665176242589951,5.78193557885243e-05,8,0.657844543457031,0.258888274431229,5.01637332490645e-05,500,"#N/A","#N/A",NA,NA,"arborescent","arborescent",0.1605869,0.360279812502883,0.293853889543596,0.521451297316784,0.28887102035656,0.853259688444411,0.282865325189928,0.606448431510556,NA
"740","Opuntia_macrocentra",14,42,4,0.236089676618576,18.35,26.2500000000001,9.90000000000003,354.25,69.2,7.4,70.7,182.7,28.8,157.25,39.65,13.4,0.448000001907349,642.05,33.2500000000001,2.75000000000006,30.3,25.05,16.05,608.55,128.7,1350,1.02122980356216,7.48031379771419e-05,16,1.43626242876053,0.404753938317299,8.32344994705636e-05,100,"11","11=0.60_22=0.40","bee","ancestral","shrubby","arborescent",0.162011496,0.335006367369491,3.19721278955931,1.55448320655547,1.07632676578376,1.59209317623003,0.710611753146983,0.712175525181355,502478.8228
"741","Opuntia_macrorhiza",15,41,7,0.474517732858658,13.35,24.2500000000001,2.30000000000004,564,91.85,15,51.2,239.9,53.75,213.25,68.45,12.2,0.355499994754791,838.35,31.65,-3.14999999999998,34.6,21.45,8.40000000000003,882.8,110.97,885,0.881671011447906,9.01546045497525e-05,13.5,1.10818636417389,0.420363485813141,9.40848767641e-05,13,"22","22=0.76_33=0.24","bee","ancestral","shrubby","arborescent",0.161928537,0.337632696802376,0.433152573996726,0.728219611934835,0.365101832570018,1.01543723238536,0.433131462501527,0.858708629303094,3705721.896
"742","Opuntia_megapotamica",14,47,7,0.871705681085587,16.7500000000001,22.85,10.7500000000001,1046.65,136.2,30.55,41.05,374.85,97.25,343.45,97.25,9.6,0.41100001335144,483.4,29.15,6.35000000000002,23,21.45,10.95,1462.7,115.195,130.5,0.484122931957245,3.49711790477159e-05,5,0.381134420633316,0.158458486199379,3.3661985071376e-05,100,"#N/A","#N/A",NA,NA,"shrubby","arborescent",0.160687204,0.335733634721633,0.286780729301935,0.492718751505285,0.267691649801692,0.817378992874228,0.224957373194594,0.536861848605983,454893.7049
"743","Opuntia_megarrhiza",14,37,4,0.372917056083679,15.35,18.65,11.2500000000001,505,91.9,11.1,68.7,239.3,45.2,216.7,46.3,12.2,0.575,313.1,25.7500000000001,4.45000000000005,21.2,17.65,12.05,828.5,122.12,2109,3.18136668205261,0.000410147476941347,82.5,6.64328765869141,2.56851696968079,0.000484439311549067,60,"#N/A","#N/A",NA,NA,"shrubby","arborescent",0.160527825,0.332882535450451,0.345433884698857,0.576832006155536,0.352108755549636,0.991430372539564,0.221544143746926,0.362174636049339,NA
"744","Opuntia_microdasys",13,37,4,0.319715291261673,17.45,21.05,12.95,456.95,87.45,6.65,77.25,244.5,35.25,181.8,44.1,12.9,0.58899998664856,320.5,27.8,5.75000000000006,21.75,19.95,15.65,760.7,124.83,1944.25,1.65831243991852,0.000109945322037674,26,2.31377279758453,0.909232646226883,0.000124458740174305,100,"11","11","bee","ancestral","shrubby","arborescent",0.160640776,0.333348583056548,0.220198219544899,0.384683546241525,0.233658758282322,0.772767923036376,0.193840173963471,0.265977083669896,159501.862
"745","Opuntia_monacantha",14,45,6,1.21357583999634,20.35,24.2500000000001,16.2500000000001,1587.4,231.7,47.65,40,602.3,173.9,555.3,181.8,9,0.505999994277954,284.15,28.55,11.2500000000001,16.05,22.95,16.45,1898.6,121.74,510.75,2.03004765510559,0.000197779510926921,31,2.49273371696472,1.04814076423645,0.000206789314688649,400,"16","16=0.75_17=0.25","bee","ancestral","arborescent","arborescent",0.160640594,0.33454483296336,0.306282796400465,0.507729681651418,0.292175945444463,0.837658871221465,0.22978775572094,0.41374063618677,828326.1671
"746","Opuntia_oricola",14,48,7,0.301605239510536,16.55,22.15,11.55,363.5,79.25,1.6,91.6,203.85,7.25,10.95,194.35,11.7,0.467000007629395,446.25,29.4,6.05000000000001,24.4,11.95,20.55,622.65,108.64,441.75,4.23664832115173,0.000349409863702022,65.5,5.26727104187012,2.17151772975922,0.000437736394815147,300,"33","33",NA,NA,"shrubby/arborescent","arborescent",0.160851675,0.333528580731392,0.340558713907619,0.447449040537998,0.326879389944392,0.791060244290698,0.340549327778148,0.424522031067405,43512.57329
"747","Opuntia_phaeacantha",15,44,7,0.326458439230919,16.45,25.4,7.20000000000005,420.05,75.2,10.55,55.5,195.5,40.25,170.35,61.4,13.1,0.397500002384186,758.45,32.85,1.25000000000006,32.3,22.45,13.45,695.45,122.545,1236.75,0.927024781703949,8.52342491270974e-05,16,1.36640185117722,0.438560649752617,9.37142904149368e-05,90,"33","11=0.04_22=0.09_33=0.87","bee","ancestral","shrubby","arborescent",0.160549335,0.333348583056548,0.239836208942629,0.48892275886582,0.238418629331438,0.861450022681955,0.182662264341062,0.417729579372098,2815584.445
"748","Opuntia_pilifera",13,41,4,0.545584887266159,18.1,20,15.7500000000001,763.9,161.5,7.4,88.4,418.05,27.45,260.5,31.2,11.35,0.630000019073486,170.7,27.05,8.95000000000005,18.05,19.05,16.05,1160.1,121.505,1807.5,5.54296875,0.000488190213218331,130.5,10.9942541122437,3.50015330314636,0.000652113405521959,500,"11","11",NA,NA,"arborescent","arborescent",0.1605869,0.332882535450451,0.215790883795429,0.379933870992146,0.219388386794279,0.772361320684726,0.16382702447724,0.224446753150939,26565.23795
"749","Opuntia_pinkavae",16,57,9,0.296266168355942,12.15,24.15,0.650000000000034,366.35,49.6,8.7,40.05,130.5,47.85,89.8,100.2,13.1,0.354999995231628,908.9,32.05,-5.14999999999998,37,17.85,17.2500000000001,627,108.495,1655.75,1.85982197523117,0.00018512240058044,29,2.4102578163147,0.913196206092834,0.000184075572178699,25,"44","44",NA,NA,"shrubby","arborescent",0.160518264,0.333707760071813,0.275428328115197,0.446468818905771,0.265918482594775,0.79690678354852,0.208552542353147,0.378324060048123,10345.89017
"750","Opuntia_pittieri",17,41,4,3.60692381858826,20.95,21.3,20.7,3871.35,497.6,168.25,28.65,1353.3,571.35,1087.8,1291.7,6.1,0.83100004196167,24.25,24.35,16.8,7.15,20.7,21,2175.25,89.18,1155.25,5.40381073951721,0.000468957819975913,118.75,10.3488802909851,3.18961036205292,0.000606514629907906,500,"#N/A","#N/A",NA,NA,"shrubby/arborescent","arborescent",0.18076785,0.360818579573826,0.648416838623411,0.983221053672704,0.419613976036734,1.09117105127964,0.496631396940373,0.79334196800472,23493.8686
"751","Opuntia_polyacantha",16,43,7,0.428351476788521,6.95000000000005,19.35,-4.94999999999999,394.85,71.1,12,50.05,181.45,44.1,156.55,51.9,12,0.316000008583069,917.9,28.15,-10.2499999999999,37.9,15.15,-2.99999999999997,643.6,89.595,1485,1.27398836612701,0.000137200513563585,19.5,1.7023184299469,0.639423310756683,0.000133408917463385,15,"11","11=0.58_22=0.35_33=0.07","bee","ancestral","shrubby","arborescent",0.160518264,0.333707760071813,0.241346117928866,0.400851922160294,0.226460702852899,0.77442507497465,0.15378096335942,0.271696959192335,2780719.986
"752","Opuntia_pottsii",15,48,6,0.224763110280037,17.65,26.65,8.05000000000001,332.2,62.5,7.85,67.8,161.25,30.7,145.7,46.1,13.6,0.419999980926514,727.05,33.85,1.45000000000005,32.3,25.4,15.15,574.6,127.49,1320.5,0.69597053527832,5.0559801820782e-05,11,0.984800100326538,0.256069630384445,5.27847751072841e-05,40,"#N/A","#N/A",NA,NA,"shrubby","arborescent",0.161928537,0.337632696802376,0.433152517750479,0.728219613725034,0.365101718275769,1.0154345664789,0.433131462501527,0.858708629303094,213671.0831
"753","Opuntia_puberula",12,38,4,0.689193248748779,23.2500000000001,25.35,19.55,1058.4,247.15,3.25,106.7,675.55,17.7,325.65,47.6,11.7,0.619999980926514,168,31.55,12.85,18.3,24.35,22.65,1470.75,132.565,788,4.92918181419373,0.000382441052352078,92,7.54358673095703,2.69760870933533,0.000492600025609136,200,"#N/A","#N/A",NA,NA,"shrubby","arborescent",0.160518264,0.332772183130998,0.209430710950571,0.379013985714147,0.206927804230919,0.772290750092471,0.110672038360562,0.168845704688675,304285.3598
"754","Opuntia_pubescens",14,41,4,1.19847232103348,19.45,21.2500000000001,16.65,1315.6,244.8,16.55,72.7,647.8,65.75,490.7,97.05,8.8,0.717499995231628,85.35,27.05,10.55,12.8,20.55,18.35,1432.75,114.705,1408.75,5.38625264167786,0.00040150347922463,105.5,9.21944046020508,2.97299194335938,0.000525024923263118,80,"22","22",NA,NA,"shrubby","arborescent",0.160527825,0.33283458997356,0.24294827096968,0.399041688570497,0.240274730740964,0.77655199788346,0.173937854340363,0.291488030022951,1032815.641
"755","Opuntia_pusilla",15,56,9,1.20136249065399,19.05,26.65,10.85,1435.6,182.55,82.4,23.2,504.8,282.4,492.85,351.65,9.8,0.353999996185303,611.65,31.95,6.15000000000003,25.1,26.35,17.55,1803,107.88,29,0.780624747276306,7.38788039598148e-05,7.5,0.521144509315491,0.27037338912487,6.28532252449077e-05,10,"#N/A","#N/A",NA,NA,"shrubby","arborescent",0.161928537,0.337632696802376,0.368751955623685,0.632303837025248,0.338803536241138,0.934890225187041,0.328746149713092,0.645353761627208,107968.7316
"756","Opuntia_pycnantha",13,43,3,0.178388014435768,20.65,24.85,17.85,133.4,31.05,0.4,82.9,71.05,1.5,66.6,12.2,2.85,0.269000005722046,284,27.1,16.1,10.7,24.85,18.45,245.5,127.635,4.75,0.759006440639496,4.65690663986607e-05,4.5,0.289070338010788,0.200249791145325,4.03398862545146e-05,90,"11","11",NA,NA,"shrubby","arborescent",0.160851675,0.333528580731392,0.253985950537139,0.482203774940444,0.257780098590931,0.816937900706341,0.2279337007277,0.463169276870966,857.8144825
"757","Opuntia_quimilo",17,48,7,0.534112632274628,22.2500000000001,27.2500000000001,16.45,802.2,146.25,5.4,77.25,402.95,23.2,380.35,36.3,10,0.476999998092651,416.7,32.65,10.95,21.4,27.05,16.55,1204.65,128.44,209.5,0.242061465978622,2.23309380089631e-05,2.5,0.169071108102798,0.0756635814905167,2.20654856093461e-05,400,"11","11","bee, bird","derived","arborescent","arborescent",0.160687204,0.335733634721633,0.423185470467621,0.813570218202258,0.411743555165593,1.21137813606825,0.42450933894614,0.865873736112741,503505.1508
"758","Opuntia_quitensis",16,43,6,1.51659822463989,15.7,16.2,15.1,1696.65,254,47.8,47.75,674.35,171.1,561.95,202.6,7.9,0.771000003814697,58.75,20.9,10.45,10.4,16.05,15.15,1624.6,104.37,2050.75,6.99256038665771,0.000498285837238654,175,15.1065073013306,4.08271789550781,0.000729744002455845,300,"#N/A","#N/A",NA,NA,"shrubby","arborescent",0.160687204,0.335733634721633,0.423185445899246,0.813570219311243,0.411743575592983,1.21137784718324,0.42450933894614,0.865873736112741,257179.3458
"759","Opuntia_rastrera",14,36,4,0.282196372747421,18.4,21.9,13.7500000000001,410.95,73.1,7.8,69.2,196.25,36.3,157.8,39.2,12.7,0.580000019073486,328.7,28.7,6.65000000000003,21.7,21.15,16.15,693.8,125.105,1773.75,1.68554306030273,0.000135993730509654,20,1.65907335281372,0.963739782571793,0.000138925119244959,NA,"#N/A","#N/A","bee","ancestral","shrubby","arborescent",0.160549335,0.333348583056548,0.239836220687603,0.488922759422665,0.238418888964677,0.861449396207495,0.182662264341062,0.417729579372098,NA
"760","Opuntia_repens",12,32,4,1.79862010478973,26.15,27.2500000000001,24.8,1315.55,188.15,46.1,40.7,506.45,160.8,394.7,163.7,1.4,0.359999990463257,99.55,28.15,23.85,4.1,26.85,24.85,1707.4,163.575,32.25,2.64279675483704,0.00017299760656897,24,1.98646545410156,1.1413779258728,0.000165460325661115,50,"#N/A","#N/A",NA,NA,"shrubby","arborescent",0.1605869,0.402951216926762,0.874156290151669,1.93640333888241,0.450984116280633,1.57551286714914,0.260418112427956,0.7878568314406,1079.010938
"761","Opuntia_retrorsa",16,46,7,1.13566040992737,21.35,26.35,16.05,1493.2,200,33.9,45.8,539,142.9,491.6,142.9,8.5,0.426999998092651,406,31.65,11.65,20,24.15,16.05,1846.3,130.75,54.5,0.484122931957245,3.11058502120432e-05,3.5,0.148052260279655,0.101435139775276,2.58252330240794e-05,60,"#N/A","#N/A","bee","ancestral","shrubby","arborescent",0.160654947,0.334309431605113,0.247303949083481,0.41819028042591,0.227186696187074,0.777963961631171,0.149959491205701,0.264890013475762,NA
"762","Opuntia_robusta",13,38,4,0.364418879151344,17.2500000000001,20.95,12.65,522.25,114.9,6.9,86.65,300.15,32,180.9,41.2,13.2,0.58899998664856,312.85,28.15,5.45000000000005,22.4,19.95,15.2500000000001,852.35,123.21,1937.5,2.05965626239777,0.000164110460900702,30,2.48205518722534,1.01945799589157,0.000161917036166415,300,"22","11=0.40_22=0.40_33=0.20","bee","ancestral","shrubby","arborescent",0.1605869,0.359314084171496,0.261045437505664,0.554439443057292,0.264993173683084,0.890925822405166,0.213002376979937,0.681989418410277,342195.4909
"763","Opuntia_rufida",14,37,4,0.24003341794014,19.55,25.7500000000001,12.45,367.8,72.45,6.3,72.15,195.25,26.95,156,33.95,13.3,0.48899998664856,522.6,32.3,4.95000000000005,27.1,24.7500000000001,16.55,629.2,131.005,1377,1.16171932220459,8.35126083984505e-05,18.25,1.58558279275894,0.523454010486603,8.62145680002868e-05,150,"#N/A","#N/A",NA,NA,"shrubby","arborescent",0.160640776,0.332963274151391,0.228387621086044,0.382092545168285,0.244988691285557,0.77259180150319,0.21856281760278,0.255344207125187,263646.1018
"764","Opuntia_salmiana",16,48,7,0.60208523273468,22.15,27.05,16.55,889.85,154.3,7.3,73.8,420.15,30.3,398.4,44.3,9.9,0.476000022888184,410.2,32.55,11.15,21,26.65,16.65,1298.7,128.825,195,0.330718904733658,2.37564918279531e-05,3,0.175006940960884,0.0799613371491432,2.25162739297957e-05,200,"22","22=0.75_33=0.25",NA,NA,"shrubby","arborescent",0.160704644,0.333277560178684,0.217634981741723,0.388334894276352,0.206829326008612,0.77255017103992,0.0962745882233415,0.215311280000345,706401.6325
"765","Opuntia_sanguinea",14,33,4,1.70016896724701,25.65,26.85,24.35,1463.4,246.4,51,49.05,588.1,162.1,433.7,162.1,2.8,0.509000015258789,96.7,28.55,22.9,5.6,26.2500000000001,24.35,1824.1,156.73,120.5,6.36508703231812,0.000442691118223593,85.5,7.40194201469421,3.85343718528748,0.000306092071696185,300,"#N/A","#N/A",NA,NA,"shrubby","arborescent",0.160592215,0.357692177027451,0.355797278464665,0.769882018781673,0.362866693515867,1.18675583570089,0.232571707603268,0.65521191057648,32.63254688
"766","Opuntia_scheeri",13,38.5,4,0.345588311553001,17.65,20.7500000000001,14.4,499.6,111.15,4.55,86,275.55,26.2,125.3,28.6,12.95,0.61949999332428,233.35,28.05,7.25000000000003,20.6,20,15.3,820.85,129,2003,1.42615428566933,0.000105771807284327,23.75,1.74030005931854,0.707513004541397,0.000137438375531929,NA,"#N/A","#N/A",NA,NA,"shrubby","arborescent",0.160549335,0.333096229440628,0.242538231090815,0.433171808197596,0.241174845686483,0.790816901912029,0.185207427431194,0.374387660732986,NA
"767","Opuntia_schumannii",16,40,7,1.78856551647186,14.8500000000001,15.25,14.45,1908,264.35,61.8,38.9,676.45,243.5,578.15,268.35,7.3,0.790000009536743,33.9,19.2500000000001,10.3,9.3,15,14.5,1804.55,101.955,2205.25,7.01505064964294,0.00054557915427722,179,15.9446239471436,4.33714246749878,0.000763592252042145,200,"#N/A","#N/A",NA,NA,"shrubby","arborescent",0.18076785,0.360465216465662,0.351357319964084,0.643013950904457,0.329536168795402,0.923950665350791,0.279128362397603,0.518667635297174,2791.892332
"768","Opuntia_soederstromiana",16,45,7,2.07521557807922,18.15,18.8500000000001,17.45,2033.6,375.25,46.75,68.95,1001.85,179.4,858.3,190.1,6.4,0.784999990463257,60.6,21.55,14.4,8.1,18.8,17.45,1704,93.12,1508.75,4.73269009590149,0.000342683677445166,86.25,7.22505497932434,2.53297686576843,0.000409120330004953,400,"#N/A","#N/A",NA,NA,"shrubby/arborescent","arborescent",0.18076785,0.360465216465662,0.412326053558384,0.808997316897227,0.361091576126603,1.0135044563001,0.384143249235362,0.73748951414647,40887.29185
"769","Opuntia_stenopetala",14,37,4,0.335076197981834,18.05,21.55,13.4,469.45,84.9,9.3,68.95,226.5,42.3,180.65,46.05,12.4,0.575,333.5,28.2500000000001,6.65000000000003,21.4,20.85,15.55,778.55,123.485,1715,2.10233390331268,0.000144015022669919,27,2.27838313579559,1.00508433580399,0.000124425059766509,NA,"11","11",NA,NA,"shrubby","arborescent",0.160640776,0.332963274151391,0.216697997892159,0.412206714594449,0.22704402030648,0.783400516357882,0.17443216554022,0.320504108881436,169223.9578
"770","Opuntia_streptacantha",12,38,4,0.404933735728264,17.35,20.45,13.45,609.8,133.6,6.1,86.95,340.4,29.8,187.85,38.2,12.8,0.6,267.65,27.65,6.25000000000006,21.3,19.45,15.35,969.4,125.065,1978.25,2.55524063110352,0.000191526756680105,40.75,3.42874896526337,1.24085760116577,0.00022298947442323,400,"44","11=0.25_44=0.75","bee","ancestral","shrubby/arborescent","arborescent",0.160756943,0.338053894195946,1.53412005013907,2.41618753363046,NA,NA,0.325097706460063,0.91572764887816,272712.6712
"771","Opuntia_stricta",14,45,6,1.03184247016907,21.65,26.95,14.7,1304.05,167.2,53.75,35.15,454.45,185.15,380.9,246,9.6,0.392500007152557,541.15,32.05,10.2500000000001,22.4,26.55,21.05,1697,129.61,82.25,0.856956839561462,7.59097347327042e-05,9,0.701968193054199,0.324320793151855,7.11446955392603e-05,150,"11","11=0.67_22=0.33",NA,NA,"shrubby","arborescent",0.160549335,0.333096229440628,0.242538252324106,0.433171807887645,0.241174679477845,0.790817265677135,0.185207427431194,0.374387660732986,1220454.704
"772","Opuntia_strigil",16,40,7,0.304128855466843,18.55,27.15,9.45000000000005,429.55,58.7,14.4,43.2,162.7,52,148.5,52.7,12.5,0.428500008583069,694.55,33.2500000000001,3.85000000000002,29.3,24.15,9.85000000000002,721.1,132.985,830.5,1.34556543827057,0.000105624443676788,18,1.46315163373947,0.653042912483215,0.000129585998365656,100,"11","11=0.88_22=0.12",NA,NA,"shrubby","arborescent",0.162011496,0.335213479134583,0.239349706682909,0.43022035682729,0.244977718216197,0.785473933589637,0.21528609243116,0.429329613825585,28372.06347
"773","Opuntia_sulphurea",16,53,7,0.517678946256638,17.45,23.7500000000001,11.1,720.25,133.4,7.5,75.95,358.4,30.2,337.25,38.1,10.5,0.451500010490418,465.9,30.7500000000001,5.25000000000006,22.6,23.05,11.2500000000001,1098.4,119.52,412.75,0.463512390851974,3.38706995535176e-05,5,0.426252275705338,0.130852989852428,3.1920902983984e-05,30,"#N/A","#N/A","bee, ento","derived","shrubby","arborescent",0.160449313,0.332712814929838,0.333001078171443,0.612111900596061,0.327658596662598,1.03713440501427,0.223092208906473,0.17800044347698,1347120.704
"774","Opuntia_tapona",12,41,2,0.201935805380344,22.55,27.85,17.45,306.6,105,0.4,126.7,204.1,2.45,163.1,47,11.9,0.545000004768372,385.25,33.05,12.05,21.35,27.45,23.2500000000001,534.5,132.63,377.5,3.53938782215118,0.000301192776532844,48.25,3.8415869474411,1.94741678237915,0.000262096364167519,100,"11","11",NA,NA,"shrubby","arborescent",0.160851675,0.338053894195946,0.238742247807629,0.483974403785314,0.239173712237459,0.784840139871763,0.192496030299279,0.463896233867781,NA
"775","Opuntia_tehuacana",13,40,4,0.579932451248169,16.7500000000001,18.7,14.2500000000001,824.25,166.25,10.9,86.95,457.1,38.25,258.15,44,10.9,0.623000001907349,180.75,25.6,8.15000000000003,17.5,18,14.65,1226.9,118.335,1885.5,6.3686695098877,0.000484927833895199,150,12.9903411865234,3.43754732608795,0.000650034373393282,80,"#N/A","#N/A",NA,NA,"shrubby","arborescent",0.160527825,0.33283458997356,0.2429482572017,0.399041688785095,0.240274741835375,0.776551195301466,0.173937854340363,0.291488030022951,9805.508091
"776","Opuntia_tomentosa",13,38,4,0.484222948551178,18.15,20.95,14.7500000000001,722.25,161.55,7.9,85.8,401.75,34.45,219.35,40.8,12.4,0.607999992370606,236.75,28.05,7.65000000000003,20.1,20.05,15.85,1110.35,122.495,1812.25,3.47479689121246,0.000240107023273595,53.5,4.5483832359314,1.77844566106796,0.000295047357212752,500,"22","22=0.50_44=0.50","bee, bird, ento","derived","shrubby","arborescent",0.18076785,0.360465216465662,0.412326081808074,0.808997312396377,0.361091477618086,1.0135046100554,0.384143249235362,0.73748951414647,310649.4682
"777","Opuntia_triacantha",13,31,4,2.43244647979736,25.2500000000001,26.2500000000001,23.95,1948.85,254.9,74.4,37.2,696.3,257.05,637.1,271.2,2.1,0.449499988555908,87.95,27.7500000000001,22.95,4.4,25.95,24.15,2138.15,155.42,197.75,5.23770546913147,0.000411352069932036,96,7.88586044311523,2.56519734859467,0.000553480669623241,NA,"11","11",NA,NA,"shrubby","arborescent",0.1605869,0.402951216926762,0.981735573520275,2.13554978049662,0.467302037856614,1.66844690915064,0.46494493264335,1.34135990503425,6167.174484
"778","Opuntia_velutina",12,39,4,0.761839061975479,21.65,23.45,19.6,1147.6,251.5,4.6,102,713.05,21.25,279.55,29.2,11.6,0.648000001907349,132.75,30.3,12.2500000000001,18,22.15,20.2500000000001,1540.15,133.2,1331.25,5.44772386550903,0.000483225201605819,126,10.5369987487793,3.32293367385864,0.000635919044725597,400,"#N/A","#N/A",NA,NA,"shrubby/arborescent","arborescent",0.160527825,0.33283458997356,0.209977310736007,0.379340614096275,0.208852669856379,0.772332316534213,0.130221582433802,0.218958753192904,141401.6841
"779","Opuntia_ventanensis",NA,NA,NA,NA,NA,NA,NA,NA,NA,NA,NA,NA,NA,NA,NA,NA,NA,NA,NA,NA,NA,NA,NA,NA,NA,NA,NA,NA,NA,NA,NA,NA,NA,"#N/A","#N/A",NA,NA,NA,NA,0.162011496,0.354098266802388,3.19721281340624,0.402672437910813,1.07632676040061,0.778510462729982,0.710611753146983,0.239958443771747,NA
"780","Opuntia_wilcoxii",11,38,4,0.389469355344772,24.35,29.2500000000001,17.95,646.35,181.7,1.6,114.2,469.4,10.35,353.9,68,13.5,0.517999982833862,447.9,36.2500000000001,11.15,25.5,28.9,23.7500000000001,1016.35,131.145,144,1.97935050725937,0.000151176944200415,19.75,1.63333606719971,0.776146411895752,0.000144981619087048,200,"#N/A","#N/A",NA,NA,"shrubby","arborescent",0.160527825,0.333517282646234,1.53169274451882,2.49598474495617,NA,NA,0.287232930234697,0.521806627376313,73936.52412
"781","Oreocereus_celsianus",16,51,7,0.496909067034721,11.5,13.45,9.05000000000001,608.45,162.95,1.7,104.45,386.9,7,208.05,10.2,13.4,0.651999998092651,181.75,20.2500000000001,0.350000000000023,20.5,12.95,9.10000000000002,967.65,110.79,3386.75,5.62222146987915,0.00051288161193952,110.5,8.81401634216309,3.13121354579926,0.000608052097959444,200,"22","22","bird, moth","derived","columnar","arborescent",0.090524743,0.611733999230382,0.230991845307954,0.482669965959577,0.215046542645634,0.837066256197685,0.1084716274887,0.490405672670258,25606.07134
"782","Oreocereus_hempelianus",18,63,9,0.214771285653114,13.6,14.2500000000001,12.85,236.45,72.55,1.7,121,183.1,6.7,30.5,7.9,9.4,0.725500011444092,72.7,19.45,6.70000000000005,13.3,13.4,12.95,421.3,111.835,2640.25,5.86004972457886,0.00045671607949771,109.5,8.72612857818604,3.19234490394592,0.000520970992511138,40,"#N/A","#N/A",NA,NA,"globose_caespitose","compact",0.09078678,0.612350646699599,0.213585983438756,0.407025364397474,0.204048203324519,0.779299504525941,0.0881813713235582,0.400250256408005,51631.52047
"783","Oreocereus_leucotrichus",18,53,7,0.677583009004593,6.05000000000001,7.25000000000006,4.55000000000001,651.9,163,5.2,104.45,438.55,21.35,123.15,27.25,11.2,0.741499996185303,92.35,13.45,-1.79999999999995,15.1,6.55000000000001,4.65000000000003,801.65,101,4015,5.38059687614441,0.000396542222006246,108,9.21652889251709,2.92101263999939,0.000458097798400559,200,"#N/A","#N/A",NA,NA,"shrubby","arborescent",0.090203961,0.610488995920172,0.209948474242156,0.424463126143777,0.203184076396291,0.778563081589447,0.0702757717112488,0.386787318483701,89488.4744
"784","Oreocereus_trollii",16,54,7,0.592370331287384,9.70000000000005,12.2500000000001,6.05000000000001,702.15,194.1,1,111.7,472.1,5.45,312.25,7.9,13.7,0.646999979019165,221.15,19.35,-2.14999999999998,21.4,11.85,6.15000000000003,1069.7,111.855,3613.75,4.73338484764099,0.000410921100410633,86.75,6.97053670883179,2.56599164009094,0.00052253736066632,50,"11","11","bird","derived","columnar","arborescent",0.090524743,0.611733999230382,0.230991849626094,0.482669966694931,0.215046543049424,0.837066470836842,0.1084716274887,0.490405672670258,35183.69952
"785","Oroya_peruviana",NA,NA,NA,NA,NA,NA,NA,NA,NA,NA,NA,NA,NA,NA,NA,NA,NA,NA,NA,NA,NA,NA,NA,NA,NA,NA,NA,NA,NA,NA,NA,NA,20,"#N/A","#N/A","bird, bee","derived","globose_solitary/globose_caespitose","compact",0.090524743,0.611855980383662,0.214049350650333,0.408983070206433,0.204207865327084,0.780331412147328,0.0871082691908488,0.395179111164138,NA
"786","Ortegocactus_macdougallii",NA,NA,NA,NA,NA,NA,NA,NA,NA,NA,NA,NA,NA,NA,NA,NA,NA,NA,NA,NA,NA,NA,NA,NA,NA,NA,NA,NA,NA,NA,NA,NA,2,"#N/A","#N/A","bee","ancestral","globose_caespitose","compact",0.038688072,0.585647327300626,0.208302997008845,0.383893103705559,0.2029785691797,0.778657123537366,0.0565949586438951,0.417272864954709,NA
"787","Pachycereus_gatesii",11,37,1,0.136494547128677,22.95,27.45,19.2500000000001,189.2,70.25,0.2,127.55,126.7,1.3,125.4,34.9,9.6,0.536999988555908,329.5,32.2500000000001,14.45,17.8,27.2500000000001,22.15,342.15,138.14,109.75,0.634305715560913,4.73778127343394e-05,10,0.81405308842659,0.245799914002419,5.95904311921913e-05,200,"#N/A","#N/A",NA,NA,"shrubby","arborescent",0.077825805,0.435355947646905,0.260475804930234,0.560511033375887,0.248628001662487,0.917485252734168,0.13174169202986,0.539755958529123,1646.191404
"788","Pachycereus_gaumeri",16,41,4,0.669611871242523,25.95,27.85,23.35,1038.8,189,21.8,65.8,486.9,77.2,335.9,104.9,8.3,0.58899998664856,187.7,33.2500000000001,18.85,14,27.45,24.95,1456.9,148,12,0.61237245798111,3.45667322108056e-05,4,0.255113393068314,0.106965385377407,3.34760698024184e-05,800,"#N/A","#N/A","bat","derived","arborescent","arborescent",0.077806776,0.435280270121817,0.208559734664439,0.405305585416068,0.202993660560739,0.774289537635103,0.0531080258948528,0.310308105666759,NA
"789","Pachycereus_grandis",12,40,4,0.464810505509377,21.3,23.45,18.7500000000001,729.95,157,4.8,97.1,409.7,20.3,235.1,22.25,12.6,0.640999984741211,179.85,30.7,10.85,19.7,22.35,18.85,1119.7,132.89,1509.75,4.08287787437439,0.000357403812813573,70,5.71952414512634,2.14490747451782,0.000434073837823234,1000,"#N/A","#N/A",NA,NA,"arborescent","arborescent",0.077825805,0.436445080925467,0.228944586127925,0.480298261465395,0.211609124699827,0.80472508707164,0.1046590813224,0.432278257181037,19697.31212
"790","Pachycereus_hollianus",13,42,4,0.41793030500412,18.85,20.8,16.45,629.3,134.6,6.65,88.5,343.4,24.05,212.15,24.05,12.3,0.653500008583069,176.8,27.95,9.45000000000005,18.8,20.05,16.45,994.55,123.625,1787.75,4.40677452087402,0.000380495926947333,88.75,7.35578298568726,2.46358299255371,0.0004868634568993,500,"#N/A","#N/A",NA,NA,"columnar","arborescent",0.077806776,0.435391630099781,0.241564622463456,0.463513827567585,0.23141520884125,0.83056934242392,0.0881161118092121,0.307692702974545,4580.069996
"791","Pachycereus_lepidanthus",14,41,4,0.659709751605988,24.7,26.6,22.6,961.7,192.9,12,82.35,488.9,39.95,309,43.25,8.5,0.623999977111816,147.2,32.25,18.45,13.7,25.55,23.45,1378.9,135.36,412.75,6.48712587356567,0.000462073527160101,111,9.5566349029541,3.69084239006042,0.000532736885361373,400,"#N/A","#N/A",NA,NA,"arborescent","arborescent",0.077806776,0.435391630099781,0.24156465160348,0.463513828119931,0.23141518961701,0.830569784969236,0.0881161118092121,0.307692702974545,211.1223014
"792","Pachycereus_marginatus",NA,NA,NA,NA,NA,NA,NA,NA,NA,NA,NA,NA,NA,NA,NA,NA,NA,NA,NA,NA,NA,NA,NA,NA,NA,NA,NA,NA,NA,NA,NA,NA,500,"#N/A","#N/A","bird, bat, moth","derived","columnar","arborescent",0.077825805,0.435355947646905,0.213209587929638,0.413706909067411,0.20406154839399,0.775932871353496,0.0828666493483319,0.349970429386526,NA
"793","Pachycereus_militaris",12,39,4,0.684749573469162,25.05,26.6,23.2,1084.85,254.55,2.2,108,693.75,15.55,247.7,38.2,11.4,0.630999994277954,135.1,33.2,16.15,18.25,25.35,24.95,1501.75,134.055,677,6.19648909568787,0.000494383712066337,118.25,9.67114067077637,3.47525548934937,0.000630162161542103,1800,"#N/A","#N/A",NA,NA,"arborescent","arborescent",0.077825805,0.435335848523155,0.208773898811292,0.39092538658242,0.203015792201915,0.772683866634624,0.0616382966960026,0.244018010571591,48491.34214
"794","Pachycereus_pecten-aboriginum",12,39,4,0.617149382829666,22.55,25.85,17.95,950.4,240.55,3.7,107.8,627.4,18.55,348.25,58.05,12.35,0.58899998664856,219.25,32.2500000000001,11.3,20.15,24.85,22.35,1367.1,128.69,774.5,5.3117516040802,0.000429132080171257,101.5,8.27501535415649,2.97012376785278,0.00054703137720935,800,"11","11","bee, bird, bat","derived","columnar/arborescent","arborescent",0.077825805,0.436445080925467,0.257444591377922,0.561294229061522,0.237821546874329,0.891185653383009,0.148481014206904,0.599487539412829,431122.0803
"795","Pachycereus_pringlei",12,42,4,0.112778440117836,21.7500000000001,27.65,15.7500000000001,160.05,38.6,0.5,84.3,86.1,2.7,67.05,46.3,12,0.484999990463257,449.45,34.2500000000001,10.55,23.9,26.7500000000001,22.15,292.1,136.255,242.5,2.20616960525513,0.000190854741958901,27,2.22194671630859,1.03708118200302,0.000167235142725985,1100,"11","11","bee, bird, bat, moth","derived","arborescent","arborescent",0.077825805,0.435370861583204,0.226701791785951,0.383766203552476,0.213009765988599,0.772356204559543,0.101618238303552,0.210790432880849,138697.0858
"796","Pachycereus_schottii",12,41,4,0.129512898623943,22.55,29.15,15.65,192.9,47.55,0.65,89.1,110.9,4.45,89.4,51.15,12.7,0.476000022888184,539.25,35.7500000000001,9.75000000000006,26.2,28.1,23.55,348.4,135.65,266.5,1.4435743689537,9.94369984255172e-05,18.75,1.61005067825317,0.635711282491684,0.000100143341114745,300,"#N/A","#N/A","moth, bee","derived","shrubby/arborescent","arborescent",0.077825805,0.435355947646905,0.260475808072547,0.560511033957233,0.24862800276037,0.917484897970565,0.13174169202986,0.539755958529123,237695.8827
"797","Pachycereus_tepamo",12,39,4,0.473215505480766,25.2500000000001,26.95,23.15,820.35,185.5,1.2,107.45,530.95,13.85,166.95,37.4,12.2,0.625,153,35.0500000000001,15.55,19.4,25.85,25.15,1225.35,127.08,655.25,5.69194436073303,0.000407761559472419,91,7.79244351387024,3.14119291305542,0.000492513878270984,1800,"#N/A","#N/A",NA,NA,"arborescent","arborescent",0.077825805,0.436445080925467,0.257444591293651,0.561294228428938,0.237821547496759,0.891185857182357,0.148481014206904,0.599487539412829,7447.279039
"798","Pachycereus_weberi",12,40,4,0.506382167339325,21.2500000000001,23.2500000000001,19.05,798,168.95,5,100.3,474,20.8,241.1,23.35,12.2,0.638000011444092,170.35,30.85,11.5,19.2,21.7500000000001,19.5,1199.8,134.99,1475,5.56881499290466,0.00047398914466612,112,9.47086143493652,3.26402974128723,0.000631250586593524,1100,"#N/A","#N/A","bat","derived","arborescent","arborescent",0.077825805,0.435782259308631,0.21226680229939,0.418407802066917,0.203713280564858,0.776460249633779,0.0788045993968638,0.327491159524173,49297.36549
"799","Parodia_alacriportana",14,32,4,1.65870928764343,15.35,19.35,11.35,1842.55,187.7,115.55,16.2,523.65,369.55,523.3,434.5,8.8,0.503999996185303,319.6,24.2500000000001,6.75000000000006,17.4,18.85,15.55,1867.2,101.055,958.75,3.68034183979034,0.000330795417539775,49,4.05772972106934,1.81143087148666,0.000323769301758148,15,"#N/A","#N/A",NA,NA,"globose_solitary","compact",0.080200299,0.338319290816462,0.214123634782444,0.382397034344219,0.205197804970309,0.772450066178816,0.0636339133425317,0.140544987533364,11128.65373
"800","Parodia_ayopayana",16,43,7,1.5869208574295,14.95,16.15,13.05,1691.8,315.75,45.45,55.95,818.75,173.25,666,173.25,7.8,0.684000015258789,128,19.65,7.80000000000004,11.3,16.15,13.05,1694.1,90.965,2319.25,8.43147945404053,0.000557580933673307,284.5,24.429271697998,4.95405578613281,0.0010105047840625,8,"#N/A","#N/A",NA,NA,"globose_solitary/globose_caespitose","compact",0.356470937,0.362451757716031,0.219255003342111,0.382762900241861,0.206076751591293,0.77237941544398,0.0950686472173854,0.196266868065556,3391.990496
"801","Parodia_chrysacanthion",17,45,7,1.46730673313141,12.6,15.5,9.05000000000001,1511.45,307.15,16.4,90.4,875.6,53.4,875.6,53.4,9,0.56399998664856,265.9,19.35,3.45000000000005,16.15,15.5,9.05000000000001,1584.65,87.57,2285.25,6.93643641471863,0.000602455547777936,202.5,17.0600471496582,4.03356313705444,0.00091614291886799,12,"#N/A","#N/A",NA,NA,"globose_solitary","compact",0.355147648,0.363472841947461,0.233502870526055,0.430334131035546,0.216522036706875,0.78592844367475,0.109878017971358,0.339240789479101,401.4522458
"802","Parodia_comarapana",14,47,6,0.621434658765793,16.95,18.95,14.15,739.55,145.15,12.8,73,373.85,42.65,352.35,42.65,8.5,0.642000007629395,197.45,22.7500000000001,9.35000000000002,13.2,18.95,14.15,1131.2,110.295,1808,6.11968755722046,0.000559094420168549,126.5,10.7071046829224,3.74493634700775,0.000642243510810658,5,"#N/A","#N/A",NA,NA,"globose_solitary","compact",0.356470937,0.452714644155577,0.509094740520355,0.749796499266619,0.436021354233169,0.925589699012289,0.288053486974643,0.730722370109251,1401.600997
"803","Parodia_concinna",13,44,7,1.15723717212677,17.2500000000001,22.65,11.85,1350.95,140.5,86.85,13.7,383.95,292,340.6,320.55,9.1,0.428999996185303,427.95,28.45,7.55000000000001,21,15.55,19.15,1736.35,113.395,120.25,0.966226577758789,9.20671118365135e-05,13.5,1.10243028402328,0.432357966899872,0.000106738280010177,13,"#N/A","#N/A",NA,NA,"globose_solitary","compact",0.106134348,0.353257656280196,0.208278861211789,0.378916160825367,0.202955589261322,0.772281360822385,0.0526004602961518,0.14487799700102,166875.9124
"804","Parodia_erinacea",14,44,7,1.04176294803619,17.7500000000001,23.55,11.95,1257.25,142.45,58.35,26.85,394.1,199.55,357.1,202.25,9.3,0.421000003814697,461.3,29.7500000000001,7.55000000000001,22.1,21.15,12.45,1658.25,117.87,88,0.591220080852509,5.02736947964877e-05,7.5,0.602076172828674,0.247557751834393,5.17011612828355e-05,15,"#N/A","#N/A",NA,NA,"globose_solitary","compact",0.356455553,0.361766238565302,0.288219591510173,0.478991093574594,0.282077530919666,0.854137530099785,0.143534736939356,0.292876006352321,435610.0862
"805","Parodia_formosa",16,47,6,0.805714517831802,19.55,23.45,14.45,1091.3,224.85,6.05,91.15,628.35,22.1,520.6,28,9.9,0.496999979019165,379.4,27.95,8.45000000000005,19.8,23.15,14.45,1506.3,104.475,824,3.53884267807007,0.000312886462779716,63.25,5.03060913085938,1.83937650918961,0.000409690081141889,30,"#N/A","#N/A",NA,NA,"globose_solitary","compact",0.355147648,0.363472841947461,0.233710402796148,0.429660029945489,0.216703070576856,0.785594944188602,0.138742511280989,0.247033103565567,25574.92785
"806","Parodia_haselbergii",12,29,1,1.58475744724274,17.55,21.8,13.2500000000001,1872.2,192.05,116.15,14.7,532.8,402.85,473.65,454.25,8.9,0.492999982833862,344.3,26.7500000000001,8.45000000000005,18.2,17.55,17.95,2007.75,105.7,603.5,2.85416316986084,0.00026948626327794,40,3.36562514305115,1.36199474334717,0.000283497633063234,10,"11","11","bee","ancestral","globose_solitary","compact",0.080200299,0.338319290816462,0.214123614609055,0.382397035149331,0.205197797516633,0.772450173666371,0.0636339133425317,0.140544987533364,75487.12601
"807","Parodia_horstii",NA,NA,NA,NA,NA,NA,NA,NA,NA,NA,NA,NA,NA,NA,NA,NA,NA,NA,NA,NA,NA,NA,NA,NA,NA,NA,NA,NA,NA,NA,NA,NA,30,"#N/A","#N/A",NA,NA,"globose_solitary/globose_caespitose","compact",0.356455553,0.39915347235213,0.282351457840568,0.454895902913796,0.244778792528307,0.792733761935836,0.132486287326805,0.270339592844481,NA
"808","Parodia_langsdorfii",13,46,6,1.2457315325737,17.45,22.65,12.2500000000001,1481.75,147.1,101.05,11.75,402.7,340.25,363.55,360.15,9.1,0.43899998664856,419.6,28.2500000000001,7.75000000000006,20.7,14.45,20.55,1837.8,111.13,228.5,1.56561577320099,0.000170234394317959,29,2.39868235588074,0.908592730760574,0.000206479096959811,NA,"#N/A","#N/A","bee","ancestral","globose_solitary","compact",0.356455553,0.361766238565302,0.288219586402626,0.478991092998297,0.282077524952508,0.854137555497143,0.143534736939356,0.292876006352321,18308.46364
"809","Parodia_leninghausii",NA,NA,NA,NA,NA,NA,NA,NA,NA,NA,NA,NA,NA,NA,NA,NA,NA,NA,NA,NA,NA,NA,NA,NA,NA,NA,NA,NA,NA,NA,NA,NA,60,"#N/A","#N/A",NA,NA,"globose_caespitose/globose_solitary","compact",0.085417722,0.342185148484235,0.247761818703432,0.425835195011199,0.237708330399058,0.795097510115926,0.0993650806934736,0.227284253205226,NA
"810","Parodia_maassii",16,52,7,0.580618441104889,10.2500000000001,12.45,7.25000000000006,680.85,180.2,1.9,102.55,431.3,7.9,242.65,10.1,13,0.653500008583069,180.7,19.15,-1.09999999999997,19.85,12.05,7.45000000000005,1017.8,108.565,3555.25,5.20197153091431,0.000447613725555129,100.75,8.45627164840698,2.94889402389526,0.000548024341696873,NA,"#N/A","#N/A",NA,NA,"globose_solitary","compact",0.356470937,0.45231086091933,0.509094741850037,0.715084521043996,0.436021354824112,0.912769796469834,0.288053486974643,0.335657173689534,44037.68902
"811","Parodia_magnifica",NA,NA,NA,NA,NA,NA,NA,NA,NA,NA,NA,NA,NA,NA,NA,NA,NA,NA,NA,NA,NA,NA,NA,NA,NA,NA,NA,NA,NA,NA,NA,NA,15,"#N/A","#N/A","bee","ancestral","globose_solitary/globose_caespitose","compact",0.085417722,0.342185148484235,0.209791878724389,0.379269300797701,0.203232644383784,0.772286069507525,0.0602620401116245,0.138540195943591,NA
"812","Parodia_mammulosa",15,46,7,0.802396357059479,17.95,24.15,11.7500000000001,982.75,143.2,17.15,55.2,389.95,59.3,369.2,59.3,9.6,0.423999977111816,478.65,30.2500000000001,7.15000000000003,22.8,22.85,11.95,1399.3,120.52,141,0.409395396709442,2.90402949758573e-05,3.5,0.266880124807358,0.10860376060009,2.80354861388332e-05,8,"22","22",NA,NA,"globose_solitary","compact",0.356455553,0.416658069277661,0.344243381931511,0.595227881682279,0.244778790999437,0.792733807541286,0.213104079649057,0.435342950217694,1244870.783
"813","Parodia_microsperma",16,53,7,0.522991240024567,18.35,23.35,12.35,692.15,158.75,3.6,92.2,395.85,14.85,379.75,15.4,10.2,0.473000001907349,426,28.15,6.25000000000006,21.4,23.15,12.45,1047.5,110.095,923.75,1.01146656274796,7.10286913090385e-05,18.25,1.54247456789017,0.417315095663071,8.57953345985152e-05,20,"#N/A","#N/A","bee, ento","derived","globose_solitary/globose_caespitose","compact",0.355147648,0.363472841947461,0.233710404282724,0.430334131023266,0.21670307745029,0.785927517264047,0.138742511280989,0.339240789479101,111660.7442
"814","Parodia_ottonis",14,45,6,1.17429578304291,18.65,24.35,12.95,1450,167.9,78.75,21.1,443.8,276.85,389.15,280.75,9.2,0.432000017166138,433.85,30.15,8.45000000000005,21.2,21.55,14.05,1814,121.255,117.25,0.860362023115158,7.73623869463336e-05,12.5,1.02442663908005,0.390451371669769,8.43234302010387e-05,15,"#N/A","#N/A","bee","ancestral","globose_solitary/globose_caespitose","compact",0.332713143,0.353257656280196,0.246146792143615,0.40891498455557,0.233148022138709,0.781975973825077,0.102193153454704,0.226235837801063,228967.149
"815","Parodia_rudibuenekeri",NA,NA,NA,NA,NA,NA,NA,NA,NA,NA,NA,NA,NA,NA,NA,NA,NA,NA,NA,NA,NA,NA,NA,NA,NA,NA,NA,NA,NA,NA,NA,NA,20,"#N/A","#N/A",NA,NA,"globose_solitary/globose_caespitose","compact",0.356455553,0.416658069277661,1.12179552370853,2.33034826677848,NA,NA,0.419865100028411,0.857771379811714,NA
"816","Parodia_schumanniana",14,52,6,1.25187683105469,21.85,26.15,17.15,1725.4,192.5,77.15,27,542.6,273.45,484.85,279.3,9.1,0.473999977111816,363.6,31.65,12.35,19.1,24.2500000000001,17.95,2005.65,129.25,135.75,0.96824586391449,8.38844898680691e-05,14,1.18317848443985,0.510217487812042,7.00008931744378e-05,180,"#N/A","#N/A",NA,NA,"globose_solitary","compact",0.085417722,0.342185148484235,0.247761843251772,0.425835195368214,0.237708318398065,0.795097744043795,0.0993650806934736,0.227284253205226,15351.0394
"817","Parodia_scopa",13,45,6,1.22137945890427,17.65,22.8,12.45,1491.8,154.7,96.15,13,411.7,338.2,357.1,364.25,9.1,0.43899998664856,419.65,28.65,7.95000000000005,20.7,15.2500000000001,19.65,1845.3,112.65,153.5,1.25930571556091,0.000123868652735837,19.5,1.66751492023468,0.616341143846512,0.000151809908857103,50,"#N/A","#N/A","bee","ancestral","globose_solitary","compact",0.356455553,0.416658069277661,1.12179551747914,2.33034826623272,NA,NA,0.419865100028411,0.857771379811714,85966.08986
"818","Parodia_stuemeri",16,51,7,1.02388793230057,9.05000000000001,11.4,5.85000000000002,1090.25,260.75,7.25,103.2,697.9,24.5,605.25,24.8,11.3,0.66100001335144,223.45,16.65,-0.649999999999977,17,11.3,5.85000000000002,1229.6,102.985,3356,6.087735414505,0.000431522450526245,146.75,12.9561476707458,3.65031015872955,0.000625783432042226,20,"#N/A","#N/A",NA,NA,"globose_solitary/globose_caespitose","compact",0.356470937,0.452714644155577,0.353724192866624,0.749796498898135,0.334493227297584,0.92558941570955,0.24922214742874,0.730722370109251,2271.805146
"819","Parodia_subterranea",16,51,6,0.687809675931931,11.55,13.15,9.35000000000002,777.5,170.2,3.9,92.65,448.05,16,393.45,18.35,11.3,0.678999996185303,145.9,18.2500000000001,1.75000000000006,16.7,13.05,9.55000000000001,1171.85,101.555,3149.25,5.99982786178589,0.000497027242090553,102.75,8.46252059936523,3.04284286499023,0.00064374489011243,NA,"#N/A","#N/A",NA,NA,"globose_solitary","compact",0.356470937,0.452714644155577,0.353724212708941,0.735400201115451,0.334493226314013,0.91907908488269,0.24922214742874,0.523320025580454,1118.580093
"820","Parodia_tenuicylindrica",NA,NA,NA,NA,NA,NA,NA,NA,NA,NA,NA,NA,NA,NA,NA,NA,NA,NA,NA,NA,NA,NA,NA,NA,NA,NA,NA,NA,NA,NA,NA,NA,8,"#N/A","#N/A",NA,NA,"globose_solitary","compact",0.332713143,0.353257656280196,0.246146789732381,0.408914984240446,0.233148021599907,0.781976024682477,0.102193153454704,0.226235837801063,NA
"821","Pediocactus_simpsonii",16,45,7,0.349912047386169,7.05000000000001,19.55,-4.24999999999994,357.4,48.1,14.15,30.2,128.45,49.6,84.4,62.85,12.4,0.323000001907349,933.35,28.3,-10.05,38.4,11.15,-0.0999999999999659,587.5,93.205,1996.75,2.47158563137054,0.000232008278544527,38.5,3.19712436199188,1.13780891895294,0.000234790888498537,15,"11","11",NA,NA,"globose_solitary","compact",0.03870438,0.557556456023168,0.207921979155755,0.383133882908095,0.202938404355627,0.772446424506463,0.0503912262025585,0.242856885596505,742156.4689
"822","Pelecyphora_aselliformis",13,34,4,0.274151846766472,17.7500000000001,20.7500000000001,13.65,397,72.35,7.6,69.7,187.15,34.9,144.75,36.3,12.6,0.592000007629395,284.6,28.15,6.75000000000006,21.3,19.7,15.05,673.15,123.525,1851.25,0.768012881278992,5.12987044203328e-05,13,1.24356693029404,0.3532704859972,5.23907929164125e-05,10,"11","11",NA,NA,"globose_solitary","compact",0.038759565,0.585944497522013,0.209651168858759,0.406679773657884,0.203163283884196,0.781101840188407,0.0679293524180449,0.413241648266198,1090.574404
"823","Pelecyphora_strobiliformis",13,35,4,0.301998898386955,18.35,21.55,13.95,440.95,74.85,9.25,66.6,203.8,41.55,190.3,43.25,12.6,0.580999994277954,308.5,28.85,7.15000000000003,21.65,20.7500000000001,15.6,737.65,121.67,1708.5,0.69597053527832,4.77291196148144e-05,16.25,1.45503550767899,0.319281443953514,4.81744482385693e-05,4,"11","11",NA,NA,"globose_solitary","compact",0.038759565,0.585917596367814,0.208615081748033,0.394401335767281,0.203006595879512,0.776514683072429,0.0604770304858472,0.334577799496589,5726.025657
"824","Peniocereus_greggii",14,43,4,0.224832743406296,19.35,26.95,11.6,343.2,68.1,6.05,71.9,178,25.1,148.9,42.7,13.5,0.446000003814697,649.9,34.0000000000001,4.45000000000005,30.9,25.65,18.95,591.6,130.18,1269,0.927024781703949,5.67795977985952e-05,13.5,1.16196805238724,0.355208784341812,6.47217166260816e-05,300,"11","11","bee, moth","derived","shrubby","arborescent",0.078645735,0.437321176988256,0.214394794807333,0.418558088285916,0.204249469811397,0.776432376408124,0.0815124703239197,0.338728135858832,513388.5331
"825","Peniocereus_johnstonii",12,36,1,0.16740059107542,22.85,28.35,17.45,239.65,73.4,0.6,115.7,157.35,2.6,154.95,48.25,9.1,0.473000001907349,433.55,33.15,13.55,19.8,28.15,23.95,426.6,137.85,382,7.17079758644104,0.00057016737991944,102,8.3120436668396,3.70282173156738,0.000614371238043532,300,"#N/A","#N/A",NA,NA,"shrubby","arborescent",0.079513297,0.438652063572737,0.29209089851354,0.664577588813176,0.280713401482839,1.05046256594981,0.161338148198376,0.650256885012229,4206.936078
"826","Peniocereus_lazaro-cardenasii",12,41,4,0.344739705324173,26.85,28.2500000000001,25.35,673.1,163.6,0.9,103.8,453.2,12.3,227,38.4,11.2,0.651000022888184,111.5,36.15,19.55,16.9,27.45,26.45,1050,144.82,261,3.49944186210632,0.000403321755584329,75,6.47734451293945,1.60928869247437,0.000467829668195918,125,"#N/A","#N/A",NA,NA,"shrubby","arborescent",0.079513297,0.442274349695823,0.26313590957897,0.559573606232816,0.238561906103587,0.875889322032156,0.14185650473956,0.562386594702795,NA
"827","Peniocereus_marianus",12,38,4,0.256419256329536,24.45,30.35,17.85,420.55,111.7,0.7,111.6,299.8,7.1,246.65,61.15,13.1,0.501999998092651,490.7,36.45,11.4,25.3,30.15,23.65,707.95,139.555,26,0.5,3.11973653879249e-05,3.5,0.244594588875771,0.100092340260744,3.02774369629333e-05,600,"#N/A","#N/A",NA,NA,"shrubby","arborescent",0.079513297,0.438652063572737,0.292090892733435,0.6645775881707,0.280713384294353,1.05046257925632,0.161338148198376,0.650256885012229,26445.4669
"828","Peniocereus_striatus",12,42,4,0.127591133117676,22.55,29.05,15.7500000000001,195.55,47.45,0.6,87.4,109.95,4.2,76.35,50.6,12.6,0.475,522.3,35.45,9.95000000000005,25.8,28.2500000000001,23.35,352.9,136.455,226.25,1.25852400064468,9.89830477919895e-05,16.25,1.33722937107086,0.586533218622208,0.000100619123259094,100,"#N/A","#N/A","bee, moth","derived","shrubby","arborescent",0.078262408,0.43639955314091,0.211145843650593,0.40350128897451,0.203408720173036,0.773899582396584,0.068339300529876,0.289391950191842,220774.9664
"829","Peniocereus_viperinus",13,42,4,0.419288501143456,19.05,20.95,16.55,636.65,132.8,7.6,88.3,346.1,26.75,207.85,27.35,12,0.651999998092651,177.9,28.05,9.65000000000003,18.5,20.2500000000001,16.65,1004,122.02,1712,4.66933608055115,0.000294453420792706,75.5,6.326420545578,2.45006334781647,0.000390087254345417,300,"#N/A","#N/A",NA,NA,"shrubby","arborescent",0.079513297,0.442274349695823,0.494638031507943,1.42964017195258,0.430806387854786,1.7000545434063,0.266522455693576,1.05010454833845,2477.137009
"830","Peniocereus_zopilotensis",13,39,4,0.391150861978531,26.1,28.05,24,702.7,149.4,2.8,104.6,423.8,15.2,184.95,18.95,12.2,0.637000012397766,156.65,35.6000000000001,16.3500000000001,19.25,26.7,25.3500000000001,1086.6,148.78,835,7.43838930130005,0.000620510982116684,101.75,7.90720844268799,3.10219240188599,0.000697005074471235,400,"#N/A","#N/A",NA,NA,"shrubby","arborescent",0.079513297,0.442274349695823,0.494638031006466,1.42964017132624,0.430806387848967,1.70005448932266,0.266522455693576,1.05010454833845,NA
"831","Pereskia_aculeata",13,53,6,0.961346089839935,23.05,25.15,20.6,1381.55,236.3,12.75,76.95,603.95,50.45,419.8,86.45,9.2,0.625,164.4,30.15,15,14.9,24.2500000000001,20.7500000000001,1760.85,137.1,565.75,1.58052098751068,0.000148630162584595,27,2.31073904037476,0.893204033374786,0.000157510796270799,1000,"11","11=0.89_14=0.11","bee","ancestral","shrubby","arborescent",0.062344671,0.0932183016615771,0.207948651678863,0.378422964541672,0.20293919083838,0.772280672704334,0.0367878051427844,0.0594559465771672,2638943.609
"832","Pereskia_bahiensis",14,58,6,0.473507195711136,23.45,24.85,21.2500000000001,710.45,121.9,10,72.2,308.05,35.35,269.9,39.2,9.1,0.68050000667572,144.85,29.9,16.55,13.4,24.55,21.7500000000001,1096.05,137.405,612,1.81034350395203,0.000165401739650406,30,2.50458014011383,0.997253775596619,0.000155820540385321,600,"11","11","bee","ancestral","shrubby/arborescent","arborescent",0.06238068,0.0928139568263883,0.313164623143438,0.558054128901375,0.319411990938654,0.966771771890361,0.0666050265187923,0.118801420781832,185414.2673
"833","Pereskia_diaz-romeroana",14,48,6,0.564193993806839,17.15,19.2500000000001,14.2500000000001,702.25,143.5,9.85,79.4,369.15,35.45,333.7,35.45,9.4,0.657000017166138,206.05,23.45,9.25000000000006,14.5,19.2500000000001,14.2500000000001,1086.05,109.71,1768.25,6.46867394447327,0.000541085319127887,132.5,11.1527137756348,3.5869357585907,0.000664233666611835,300,"#N/A","#N/A","bee","ancestral","shrubby","arborescent",0.062344671,0.0932183016615771,0.232642487915222,0.395668349257417,0.22200428175387,0.775629544989474,0.0630033971949502,0.104127410090732,3217.288768
"834","Pereskia_grandifolia",14,52,6,0.878968238830566,23.15,24.7500000000001,20.65,1244.3,232.75,13.8,74.9,601.85,51.8,390.15,72.9,9.1,0.626500010490417,165.05,29.45,15.45,14.5,24.2500000000001,20.85,1647.1,133.635,576,2.20616960525513,0.000206348260689992,34,2.79403758049011,1.122962474823,0.000209850521059707,500,"11","11","bee","ancestral","shrubby/arborescent","arborescent",0.06238068,0.0927211860559465,0.207771459511981,0.378417045407827,0.202929161740259,0.772281319590841,0.0291196089760571,0.0480743437034821,1429398.594
"835","Pereskia_nemorosa",13,41,4,1.32825839519501,20.65,25.35,15.7500000000001,1761.95,201.1,83.2,23.9,547.65,299,499.25,334.05,9,0.494000005722046,341,30.7500000000001,11.15,18.2,23.3,16.35,2007.35,125.02,238,1.11102426052094,9.44690800679382e-05,18.5,1.61309909820557,0.565737754106522,0.000102755730040371,500,"11","11","bee","ancestral","shrubby/arborescent","arborescent",0.06238068,0.0928139568263883,0.207851603571351,0.378419711181379,0.202931503848722,0.772280129472541,0.0400298392533682,0.0747685394995745,472710.9548
"836","Pereskia_sacharosa",16,49,7,0.615669012069702,23.7500000000001,27.2500000000001,18.7500000000001,924.25,161.35,8,74.25,455.1,34.8,392.45,58.6,9.8,0.553500008583069,303.2,32.35,13.55,17.9,26.9,19.2500000000001,1339.55,130.225,296.25,0.409395396709442,2.69360552920261e-05,3,0.237420424818993,0.105626162141562,2.68187932306319e-05,700,"11","11","bee","ancestral","shrubby/arborescent","arborescent",0.06238068,0.0928139568263883,0.207851601911455,0.378419711923143,0.202931502557242,0.772280555272238,0.0400298392533682,0.0747685394995745,404953.6902
"837","Pereskia_stenantha",14,55,6,0.548212587833405,25.05,26.15,23.3,878.45,198.9,0.9,93.3,496.8,6.6,254.45,6.8,9.7,0.665999984741211,114.35,32,17.2500000000001,14.6,25.55,23.35,1290.15,150.15,570.75,0.856956839561462,6.92544817866292e-05,13.5,1.18775177001953,0.405977711081505,6.68593675072771e-05,400,"#N/A","#N/A","bee","ancestral","shrubby/arborescent","arborescent",0.06238068,0.0928139568263883,0.313164614564158,0.558054128040664,0.319412095877423,0.966771665384979,0.0666050265187923,0.118801420781832,117147.2804
"838","Pereskia_weberiana",16,41,4,1.2987312078476,14.7,16,12.65,1481.7,266.15,38.85,59.15,686.6,143.85,598.35,143.85,8.5,0.692999982833862,134.75,19.35,7.10000000000002,12.3,15.95,12.65,1642.3,94.585,2327.75,9.57680225372314,0.000577986153075472,304,26.7921829223633,5.65607023239136,0.000977618503384292,300,"11","11","bee","ancestral","shrubby","arborescent",0.062344671,0.0932183016615771,0.23264248982328,0.395668349555305,0.222004278722184,0.775629264825868,0.0630033971949502,0.104127410090732,423.1944604
"839","Pereskiopsis_aquosa",12,37,4,0.684117704629898,20.65,23.05,17.7,1032.15,257.55,3.1,111.8,678.1,18.6,267.55,56.7,12.7,0.611999988555908,204.5,31.1,10.55,20.6,22.05,20.45,1450.35,128.11,1328.75,5.09211730957031,0.000403094541979954,97.75,8.28748321533203,2.77009117603302,0.000487632278236561,400,"#N/A","#N/A",NA,NA,"shrubby/arborescent","arborescent",0.160477496,0.350374151637385,0.32922195110443,0.555929471663858,0.319200524949968,0.89594710801573,0.139021199139902,0.255363136340035,58871.66898
"840","Pereskiopsis_diguetii",12,38,4,0.603215992450714,19.55,22.05,16.85,947.7,224.1,4.75,102.9,599.55,22.2,235.2,37.5,12.5,0.626000022888184,186.3,29.7500000000001,9.35000000000002,19.85,20.7500000000001,19.05,1362.9,128.39,1611.75,4.98807120323181,0.000384256069082767,91,7.26849937438965,2.67635715007782,0.00048785624676384,200,"#N/A","#N/A",NA,NA,"shrubby","arborescent",0.160477496,0.350374151637385,0.355880881617822,0.622800822889225,0.342030555976079,0.962930717620763,0.226112422014783,0.419186237604936,196562.0345
"841","Pereskiopsis_porteri",12,40,1,0.248429633677006,23.05,27.45,18.85,368.55,139.55,0.3,133,275.25,2.2,181.8,42.3,10.1,0.534500002861023,357.9,32.55,13.7500000000001,18.9,27.35,23.35,630.35,133.98,224.25,2.22862148284912,0.0001711403238005,29.75,2.52065289020538,1.00228554010391,0.000179270391527098,500,"55","55",NA,NA,"shrubby/arborescent","arborescent",0.160477496,0.350374151637385,0.355880849152259,0.622800823951656,0.342030535579258,0.962932375035484,0.226112422014783,0.419186237604936,11369.93303
"842","Pereskiopsis_rotundifolia",12,40,4,0.803751170635223,19.9,21.6,18.15,1129.7,242.5,5.2,95,652,22.9,301.55,26.75,11.7,0.657000017166138,119.8,29.15,10.85,17.7,20.45,18.2500000000001,1530.95,128.9,1479.75,5.56688714027405,0.000506340846186504,126.75,10.7144141197205,3.3782479763031,0.000657540862448514,400,"#N/A","#N/A",NA,NA,"shrubby/arborescent","arborescent",0.160477496,0.332702118460748,0.208945926743263,0.378453660397879,0.203024379048813,0.772280548307738,0.0480302538259465,0.0868206281102371,56455.67334
"843","Pfeiffera_asuntapatensis",NA,NA,NA,NA,NA,NA,NA,NA,NA,NA,NA,NA,NA,NA,NA,NA,NA,NA,NA,NA,NA,NA,NA,NA,NA,NA,NA,NA,NA,NA,NA,NA,NA,"#N/A","#N/A",NA,NA,"Epiphytic","arborescent",0.078671696,0.365974010205702,0.319080163672916,0.67936939409035,0.313214047883262,1.03308776681329,0.11915120945024,0.296749926278164,NA
"844","Pfeiffera_boliviana",NA,NA,NA,NA,NA,NA,NA,NA,NA,NA,NA,NA,NA,NA,NA,NA,NA,NA,NA,NA,NA,NA,NA,NA,NA,NA,NA,NA,NA,NA,NA,NA,100,"#N/A","#N/A",NA,NA,"Epiphytic","arborescent",0.078671696,0.365974010205702,0.506708348029349,1.55306262916731,0.448756931995946,1.70890841952614,0.225432277258719,0.567577514246283,NA
"845","Pfeiffera_ianthothele",16,48,6,0.765580087900162,15.65,18.3,11.85,923.4,199.6,5.9,89.5,528.75,23.75,493.65,24,10.1,0.58199999332428,252.5,22.55,5.65000000000003,17.15,18.2,11.85,1271.1,100.38,1945.75,6.12212944030762,0.000521857524290681,141.5,12.0581464767456,3.6855320930481,0.000725473713828251,60,"11","11","bee","ancestral","Epiphytic","arborescent",0.078671696,0.343305957523274,0.216983527291486,0.391435911233943,0.20663110567504,0.773309558464831,0.069273816626735,0.220558390024844,74587.31067
"846","Pfeiffera_miyagawae",NA,NA,NA,NA,NA,NA,NA,NA,NA,NA,NA,NA,NA,NA,NA,NA,NA,NA,NA,NA,NA,NA,NA,NA,NA,NA,NA,NA,NA,NA,NA,NA,100,"#N/A","#N/A",NA,NA,"Epiphytic","arborescent",0.078671696,0.343305957523274,0.216983532736066,0.391435911403775,0.206631146126114,0.773308893621495,0.069273816626735,0.220558390024844,NA
"847","Pfeiffera_monacantha",16,45,6,0.879075556993484,19.7500000000001,22.85,15.65,1203.55,218.15,8.9,82.05,622.95,34.8,535.85,53.6,9.8,0.553999996185303,285.9,27.55,9.75000000000006,17.8,22.55,15.9,1611.35,112.2,1033.5,5.3922324180603,0.000541394023457542,99.25,7.8351514339447,2.91441226005554,0.000626452441792935,180,"#N/A","#N/A",NA,NA,"Epiphytic","arborescent",0.078671696,0.343305957523274,0.214901472812366,0.386656599034115,0.205435680481094,0.772692219409297,0.0677107482037608,0.115017976838588,44501.86077
"848","Pfeiffera_paranganiensis",15,43,6,0.838547438383102,12.85,14.2500000000001,10.7500000000001,929.1,179.85,19.75,67.7,462.05,73.15,393.05,77.15,9.4,0.682999992370605,141,18.45,4.65000000000003,13.8,14.15,11.05,1304.5,104.415,2715.5,7.1433424949646,0.000438596878666431,274.5,23.5918455123901,4.05558681488037,0.000731810461729765,400,"#N/A","#N/A",NA,NA,"Epiphytic","arborescent",0.078671696,0.365974010205702,0.506708316294837,1.55306262998975,0.448756962961506,1.70890818562866,0.225432277258719,0.567577514246283,110.2915648
"849","Pilosocereus_albisummus",14,56,6,0.750629931688309,23.65,24.85,22.15,1174.5,244.75,1.4,87.8,632.15,11.5,321.5,17.5,9.8,0.651000022888184,114.6,30.7500000000001,15.85,15,23.95,22.15,1585.3,144.515,743.5,0.774318814277649,6.58734497847036e-05,16,1.44833421707153,0.47253891825676,6.65860752633307e-05,280,"#N/A","#N/A",NA,NA,"shrubby/arborescent","arborescent",1.194635222,1.58724008955291,1.40614423139917,5.26482300366586,0.526647670763541,1.86714159212134,2.01140814808791,3.8587902827085,95383.20204
"850","Pilosocereus_alensis",12,37,4,0.598151206970215,21.35,24.05,17.65,937,243.1,3.5,110,626.25,19,328.75,59.45,12.9,0.59449999332428,238.3,32,10.2500000000001,21.75,23.15,21.2500000000001,1353.05,127.885,1072,5.24161124229431,0.00041394162690267,89.25,7.10093188285828,2.94488322734833,0.000499505258630961,600,"#N/A","#N/A",NA,NA,"arborescent","arborescent",0.284996698,1.55321220459938,0.339131828953418,1.27855982874575,0.322901181051366,1.12862933658452,0.346857121571794,1.15828324060781,210588.508
"851","Pilosocereus_arrabidae",14,53,6,1.16134774684906,23.95,26.2500000000001,21.45,1364.15,210.3,43.6,52.9,547.1,145.8,393.55,147.35,7,0.534999990463257,186.1,29.55,17.55,13,25.2500000000001,21.45,1746.45,128.46,57.25,3.31131708621979,0.00029465627449099,31,2.08773732185364,1.1308462023735,0.000262488159933127,400,"#N/A","#N/A",NA,NA,"shrubby","arborescent",0.277639265,1.58481124752942,0.237884776612438,1.2956175657019,0.216687724646542,1.09314936110766,0.115645068406043,0.916684387730536,53099.00313
"852","Pilosocereus_aureispinus",14,58,6,0.456007063388824,26.2,27.45,24.7500000000001,775.65,145.8,0.9,88.4,390.4,4.6,184.75,4.6,10.4,0.680999994277954,103.2,33.65,18.45,15.25,26.6,24.7500000000001,1173.9,164.01,506,4.24586200714111,0.000292151482426561,59.5,4.61845064163208,2.45797657966614,0.000269007170572877,200,"11","11","bat","derived","shrubby","arborescent",1.185230854,1.58664010460126,0.28120178696889,1.87239226258275,0.217214749635022,1.2107154373043,0.829866947239105,1.45950937767359,312.4468373
"853","Pilosocereus_aurisetus",13,51,6,0.809979528188705,21.65,23.35,19.05,1147.6,260.3,5.5,92.4,670.7,19,471.75,19,9.4,0.634999990463257,171.95,27.95,13.2,14.8,22.85,19.05,1560.7,130.17,862,2.78388214111328,0.000235640072787646,48.5,3.9355320930481,1.54388022422791,0.000270763470325619,300,"11","11",NA,NA,"shrubby","arborescent",1.1928907,1.58671722823747,0.259751459463091,4.02718678794485,0.209620455415684,1.6249789420989,1.00405011422564,2.58749555540051,39308.90746
"854","Pilosocereus_azulensis",NA,NA,NA,NA,NA,NA,NA,NA,NA,NA,NA,NA,NA,NA,NA,NA,NA,NA,NA,NA,NA,NA,NA,NA,NA,NA,NA,NA,NA,NA,NA,NA,1000,"#N/A","#N/A",NA,NA,"shrubby","arborescent",0.807782688,1.58712352331969,0.450147733707879,5.04188967028167,0.423407118069881,1.82253955544744,0.454060779777677,3.31360255533443,NA
"855","Pilosocereus_bohlei",14,57,6,0.405080169439316,22.35,23.45,20.35,609.3,120.05,3.4,86.35,331.05,15.85,189.7,17.2,9.4,0.690000009536743,121.1,28.9,15.2500000000001,13.7,23.15,20.95,968.75,155.54,898.25,3.29237806797028,0.00024569925153628,53.5,4.44801235198975,1.76103973388672,0.000264796559349634,NA,"11","11",NA,NA,"shrubby","arborescent",0.240556754,1.54134115346478,0.210415689283652,0.386699321397903,0.203429325135902,0.77784261608764,0.0804097697229129,0.405757845259658,597.7275992
"856","Pilosocereus_brasiliensis",14,52,6,0.805223673582077,23.65,25.85,21.05,1129.45,200.95,27.65,63.25,548.9,90.7,391.05,90.95,8.2,0.594000005722046,179.35,30.15,16.35,13.8,25.05,21.15,1543.9,126.68,300,5.46830296516418,0.000553449965082109,83.5,6.24237179756165,2.80844116210938,0.000581959931878373,400,"#N/A","#N/A",NA,NA,"shrubby","arborescent",0.282692717,1.5826367482826,0.287261245004468,3.27911533762034,0.267774988294984,1.09443099360723,0.262076717885145,1.40330295240444,120263.9504
"857","Pilosocereus_catingicola",14,61,6,0.451891034841537,25.35,26.85,23.3,738.95,138.3,9.1,67.4,336.05,38.2,166.55,125.25,9.2,0.684000015258789,141,31.9,18.95,13.2,25.85,25.35,1130.5,149.685,351,1.16171932220459,0.000104065351479221,17.5,1.4340386390686,0.585969090461731,0.000111523131636204,1000,"22","22","bee, bat moth","derived","shrubby","arborescent",0.807782688,1.58712352331969,0.450147727169312,5.04188966295596,0.423407117851354,1.82253977494491,0.454060779777677,3.31360255533443,490940.2102
"858","Pilosocereus_chrysacanthus",13,41,4,0.496238961815834,17.95,19.8,15.8,743.7,157.15,5.5,90.5,412.45,22.6,247.65,23.7,12.2,0.655000019073486,167.3,27.2500000000001,8.75000000000006,18.6,18.85,16,1136.15,125.525,1868.75,5.08578729629517,0.000440073607023805,113.5,9.33116436004639,2.9984233379364,0.000562511122552678,400,"22","22","bat","derived","shrubby","arborescent",0.284996698,1.55321220459938,1.34329124493245,4.5512398496959,NA,NA,0.538900686607014,1.77780562724321,38153.2066
"859","Pilosocereus_collinsii",13,41,4,0.933562994003296,24.6,26.15,22.2500000000001,1215,257.15,7.8,96.1,682.7,29.25,377.3,33.35,8.25,0.601999998092651,150.95,30.55,17.65,14.2,25.35,23.65,1621.45,148.64,436.75,4.04924273490906,0.000320636638207361,64.75,5.08044362068176,2.08308780193329,0.000382991114747711,NA,"#N/A","#N/A",NA,NA,"shrubby","arborescent",0.284857046,1.55375952189759,0.342352491134986,1.20860731754219,0.325898975197643,1.08464109634526,0.248978222095224,0.796099904293635,18038.70371
"860","Pilosocereus_densiareolatus",14,51,6,0.57870164513588,25.35,26.45,23.55,916.7,214.6,0.9,95.4,524.45,6.8,253.3,6.8,9.6,0.651000022888184,118.55,32.2500000000001,17.5,14.7,25.7500000000001,23.55,1331.5,148.485,522,0.87384819984436,6.74563707434572e-05,11,0.908595085144043,0.44145393371582,6.30091126367915e-05,600,"#N/A","#N/A",NA,NA,"arborescent","arborescent",1.194635222,1.58724008955291,0.289988831265043,4.84615770792251,0.213057014589082,1.76935904115161,1.54221710060832,3.69544660994054,46828.07611
"861","Pilosocereus_flavipulvinatus",14,64,9,0.645462930202484,27.05,28.55,25.95,1051.05,228.65,2.3,93.6,592.95,11.7,70.4,574.15,8.9,0.701999998092651,113.35,34.35,21.85,12.7,25.95,27.55,1468.95,152.415,255.25,1.24921828508377,9.83267927949782e-05,17.5,1.49344557523727,0.581950038671494,0.000104473660030635,800,"#N/A","#N/A",NA,NA,"arborescent","arborescent",0.282295406,1.58237707896487,0.249857468781911,1.37348429417862,0.227627910575146,1.10819826756818,0.14965207248292,1.14925025668342,432258.4518
"862","Pilosocereus_floccosus",13,50,6,0.743183732032776,22.05,23.95,19.55,1049.05,212.75,8.6,86.7,563.9,32,397.1,32,8.95,0.628000020980835,170.3,28.55,14.2500000000001,14.3,23.35,19.55,1467.05,127.07,728,4.00924348831177,0.000374293813365512,66,5.39346623420715,2.18828582763672,0.000389789522159845,500,"#N/A","#N/A","bat","derived","shrubby/arborescent","arborescent",0.29405473,NA,0.474563620820719,NA,0.422816102824217,NA,0.449949423210525,NA,101148.7013
"863","Pilosocereus_fulvilanatus",14,53,6,0.75491863489151,21.85,23.45,19.35,1097.65,251.8,5.2,93.35,645.6,17.85,444.05,17.85,9.5,0.644000005722046,167.4,28.2500000000001,13.55,14.7,22.95,19.35,1513.95,131,848,3.03204774856567,0.000259228094364516,55.5,4.76911759376526,1.78866624832153,0.000272693840088323,400,"#N/A","#N/A","bat","derived","shrubby/arborescent","arborescent",1.18289154,1.58712352331969,0.250402468066859,3.83472060079635,0.210935366687671,1.57047659656167,0.446278692661724,2.27670795371243,8813.941442
"864","Pilosocereus_glaucochrous",13,56,6,0.401771068572998,22.65,23.95,20.55,608.05,115.5,6.25,77.6,285.35,23.2,261.4,27.25,9.2,0.696999979019165,142.7,29.05,15.95,13.1,23.85,20.85,967.1,143.625,794.75,0.69597053527832,4.84750926261768e-05,12.5,1.07285612821579,0.358429059386253,4.77296125609428e-05,500,"11","11",NA,NA,"arborescent","arborescent",0.28013757,1.56200844289998,0.416616030036877,1.9429067679186,0.419193602806993,1.61054784489284,0.311678499374142,1.2167763006369,20870.87216
"865","Pilosocereus_gounellei",14,62,6,0.488187044858932,25.85,27.2500000000001,24.2500000000001,791.8,173.15,2.4,90.4,437.65,11.4,157.7,83,9.4,0.676999998092651,126,32.95,19.05,13.7,25.85,25.3,1192.65,151.685,439.75,1.08793091773987,9.01390521903522e-05,18,1.52865642309189,0.565652638673782,9.65428298513871e-05,400,"11","11=0.67_44=0.33","bee, moth","derived","shrubby","arborescent",0.240822303,NA,0.243287087816952,NA,0.229174131065746,NA,0.125126216708266,NA,1061473.97
"866","Pilosocereus_lanuginosus",14,43,4,0.772627294063568,24.95,26,23.7500000000001,1038.3,178.95,14.55,61.7,465.8,58,311.25,127,7.5,0.751000022888184,76.95,29.65,20.1,9.8,25.55,24.05,1436.85,139.17,328,3.41354990005493,0.000274083169642836,56.75,4.53082609176636,1.7518664598465,0.000317362413625233,1000,"#N/A","#N/A","bat","derived","arborescent","arborescent",0.284857046,1.55412085448841,0.795663172120413,4.84606404768759,0.514725808259507,NA,0.612892543516043,2.17761053910182,145835.2248
"867","Pilosocereus_leucocephalus",14,39,4,0.813783943653107,21.95,24.55,18.2500000000001,1168.65,237.8,13.8,81.1,612,53.85,396.15,64.85,9.5,0.576999998092651,224,30.35,13.35,16.5,23.65,19.05,1562,127.22,826.25,4.64417266845703,0.000349586887750775,76.75,6.27022075653076,2.39622437953949,0.000397284267819487,500,"#N/A","#N/A","bee, bird, bat, moth","derived","arborescent","arborescent",0.284857046,1.55412085448841,0.346121706531911,2.01879920604349,0.329559533054769,1.08464087354586,0.329427881323133,1.16085924819729,130903.5063
"868","Pilosocereus_machrisii",13,52,6,0.880842685699463,23.45,24.7500000000001,21.9,1325.05,272.2,2.8,85.8,709.55,15.25,336.25,29.8,9.5,0.642999982833862,121.85,30.6,15.65,14.7,23.85,21.95,1715.2,143.475,747.75,1.02887988090515,8.3228362200316e-05,19.5,1.70439487695694,0.609997302293777,9.09045666048769e-05,350,"11","11","bat, bird, bee","derived","shrubby","arborescent",1.190148557,1.58671722823747,0.255429222075101,4.02718679684133,0.209459937434534,1.62497825857502,0.829183651917929,2.58749555540051,350914.1127
"869","Pilosocereus_magnificus",NA,NA,NA,NA,NA,NA,NA,NA,NA,NA,NA,NA,NA,NA,NA,NA,NA,NA,NA,NA,NA,NA,NA,NA,NA,NA,NA,NA,NA,NA,NA,NA,500,"11","11",NA,NA,"shrubby/arborescent","arborescent",0.282692717,1.5826367482826,0.616905983739713,5.74855328217479,0.472546806545602,NA,0.425141309420383,2.59885896795271,NA
"870","Pilosocereus_multicostatus",NA,NA,NA,NA,NA,NA,NA,NA,NA,NA,NA,NA,NA,NA,NA,NA,NA,NA,NA,NA,NA,NA,NA,NA,NA,NA,NA,NA,NA,NA,NA,NA,350,"11","11",NA,NA,"shrubby","arborescent",0.282692717,1.5826367482826,0.61690595863855,5.74855327331447,0.472546806955936,NA,0.425141309420383,2.59885896795271,NA
"871","Pilosocereus_oligolepis",14,50,6,1.57932633161545,25.15,25.7500000000001,24.2500000000001,2197.5,338.65,76.25,50.1,965.6,255.65,304.35,911.7,7.2,0.765499997138977,66.9,30.15,21.05,9.2,24.2500000000001,25.55,2264.9,123.72,228.75,3.18410563468933,0.000301210340694524,37.25,2.15567338466644,1.20322966575623,0.000302451924653724,200,"#N/A","#N/A",NA,NA,"shrubby","arborescent",0.282488881,1.58237707896487,0.250094416031162,1.37348429670162,0.227849066200924,1.10819792532804,0.175710726236788,1.14925025668342,2813.154544
"872","Pilosocereus_pachycladus",14,61,6,0.471590727567673,25.85,27.35,24.35,779,168.15,2.1,92.1,426.05,10.15,150.3,37.75,9.5,0.675,121.2,32.95,18.95,14,25.9,25.15,1177.8,153.66,471.5,1.04395580291748,9.11621573322918e-05,17.5,1.47367852926254,0.561385273933411,9.79962787823752e-05,1000,"11","11=0.67_22=0.33","bee, bat, moth","derived","arborescent","arborescent",1.194635222,1.58724008955291,1.40614427567402,5.26482299233918,0.526647661961998,1.8671418658655,2.01140814808791,3.8587902827085,844520.1713
"873","Pilosocereus_parvus",14,52,6,0.892403721809387,23.45,24.7500000000001,22.5,1358.25,252.9,0.8,83.9,677.95,9.6,343.55,30.4,9.3,0.653000020980835,95.5,30.85,16.35,14.3,23.35,22.65,1742.25,150.54,814,0.780624747276306,5.38341009814758e-05,14,1.26341462135315,0.500812217593193,4.97578930662712e-05,350,"#N/A","#N/A",NA,NA,"shrubby","arborescent",1.194476808,1.58696730903634,0.275660120549719,3.18966928619632,0.210770942921351,1.44686325071195,1.30293744316862,2.4229954074648,1777.424531
"874","Pilosocereus_pentaedrophorus",14,59,6,0.483451098203659,24.55,26.15,22.3,728.75,114.9,18.95,50.7,297,68.35,238.25,127.4,8.9,0.667000007629395,152.95,30.7500000000001,18.05,13.2,24.45,23.7500000000001,1118.25,138.56,419.75,1.66242444515228,0.000140069001645315,27,2.24029314517975,0.875037312507629,0.000148731414810754,600,"11","11",NA,NA,"shrubby/arborescent","arborescent",0.28013757,1.56200844289998,0.416616029276691,1.94290676916862,0.419193602604638,1.6105475991857,0.311678499374142,1.2167763006369,282071.7061
"875","Pilosocereus_piauhyensis",14,63,9,0.463483989238739,27.35,28.85,26.2500000000001,794.3,203.8,1.8,102.6,499.25,8.65,51.85,342.8,9.3,0.7125,111.9,34.5500000000001,21.45,13.2,26.45,27.7500000000001,1195.55,159.52,308.75,1.07347273826599,9.63616075750906e-05,17,1.43022787570953,0.560881435871124,0.000101592690043617,250,"#N/A","#N/A",NA,NA,"shrubby","arborescent",0.28013757,1.56200844289998,0.308816162029114,0.821812240508184,0.287526357249694,1.04623142280919,0.177956472105503,0.703697329564377,207800.3419
"876","Pilosocereus_polygonus",14,37,4,1.09365212917328,25.15,27.35,22.95,1350.9,210.1,37.4,51.65,527.85,130.4,469.55,133.9,7.2,0.601000022888184,150.45,30.85,19.65,11.8,26.7500000000001,23.05,1735.95,146.065,72.25,1.01443994045258,7.51349616621155e-05,11.5,0.913512468338013,0.384801685810089,7.0824538852321e-05,1000,"#N/A","#N/A",NA,NA,"shrubby","arborescent",0.284857046,1.55412085448841,0.79566319150008,4.84606405532046,0.514725806655239,NA,0.612892543516043,2.17761053910182,200616.5891
"877","Pilosocereus_purpusii",12,37,4,0.697102814912796,22.85,24.7500000000001,20.05,1039.9,255,2.6,110.7,689.5,16.9,385.5,56,11.8,0.61399998664856,194,31.65,13.35,19.2,24.05,22.85,1458,129.31,779,4.68999457359314,0.000369220491847955,74.5,6.19657301902771,2.5431307554245,0.000406135848606937,300,"#N/A","#N/A",NA,NA,"shrubby","arborescent",0.284996698,1.55321220459938,0.339131831899035,1.27855981518633,0.322901181680926,1.12862915204392,0.346857121571794,1.15828324060781,126392.1151
"878","Pilosocereus_pusillibaccatus",13,66,7.5,0.886018514633179,25.7500000000001,27.35,24.85,1415.3,254.4,0.6,82.65,700.95,4,136.35,689,9,0.688000011444092,101,33.45,20.2500000000001,13.1,24.85,25.85,1787.35,154.755,465.75,1.13019633293152,8.79374565556645e-05,19.5,1.75499224662781,0.62635001540184,9.93388130154926e-05,350,"#N/A","#N/A",NA,NA,"shrubby","arborescent",1.194635222,1.58724008955291,0.294945717096979,3.50292511914299,0.214286059555802,1.50093826783671,1.61202293266205,2.82396869457464,21814.88006
"879","Pilosocereus_quadricentralis",13,42,4,0.802591949701309,24.05,25.9,22.2,1082.6,218.65,3.15,94.95,590.5,12.6,360.6,13.1,9.8,0.647000002861023,141.75,32.65,15.7,15.8,24.65,22.8,1491.75,137.49,770.75,3.63098156452179,0.000185021166544175,34.75,2.98602259159088,1.95587450265884,0.000143691318953643,500,"#N/A","#N/A",NA,NA,"arborescent","arborescent",0.284996698,1.55321220459938,1.34329122719337,4.55123984521692,NA,NA,0.538900686607014,1.77780562724321,NA
"880","Pilosocereus_royenii",14,38,4,1.01019644737244,25.45,27.45,23.2500000000001,1284.25,205.7,36.1,54.1,529.4,125.8,434.65,127.85,7.5,0.613000011444092,156.35,31.35,19.35,12.3,27.05,23.45,1681.25,144.22,48.75,0.768012881278992,6.09159687883221e-05,8,0.637868493795395,0.290902435779572,5.54773650947027e-05,800,"11","11=0.67_22=0.33","bee","ancestral","arborescent","arborescent",0.284996698,1.55326367230829,0.29666883378878,0.731298174002897,0.275721849976689,0.949345841187047,0.222076371659472,0.723106710424308,276880.3677
"881","Pilosocereus_splendidus",13,53,6,0.538546621799469,22.55,23.7500000000001,20.45,802.3,189.6,1.9,97.2,473,7.9,333.8,7.9,9.4,0.684000015258789,133.8,28.85,15.15,13.8,23.35,20.45,1204.8,138.865,858,3.5152792930603,0.000301446314551868,57.25,4.9270453453064,1.92933636903763,0.000324190885294229,1000,"#N/A","#N/A",NA,NA,"arborescent","arborescent",1.194635222,1.58724008955291,0.294945695938053,4.8461577101282,0.214286060748517,1.76935882310368,1.61202293266205,3.69544660994054,273.5822306
"882","Pilosocereus_tuberculatus",14,62,6,0.33437642455101,25.7500000000001,27.2500000000001,23.35,552.3,107.6,6.1,77.25,266.85,23.65,155.5,38.9,9.5,0.68600001335144,146.15,32.55,18.7500000000001,13.8,26.55,24.85,893.3,155.35,427,0.780624747276306,6.05634631938301e-05,12.5,1.067542552948,0.392820954322815,6.89175249135587e-05,600,"11","11","bee, bird, bat","derived","arborescent","arborescent",0.240822303,NA,0.243287092792851,NA,0.229174133951041,NA,0.125126216708266,NA,134926.5239
"883","Pilosocereus_ulei",17,59,6,1.37729859352112,23.05,25.05,21.2500000000001,985.2,132.4,36.3,37,365.3,137.5,314,157.9,2.3,0.370000004768372,150.5,26.2500000000001,19.95,6.3,23.95,21.45,1403.1,138.19,6.5,2.71281671524048,0.000150462874444202,30.5,2.02220988273621,0.963444232940674,0.000283665780443698,500,"#N/A","#N/A",NA,NA,"shrubby/arborescent","arborescent",1.185230854,1.58664010460126,0.281201779249468,1.84736193617539,0.217214750542504,1.20588271235529,0.829866947239105,1.2166182743528,NA
"884","Pilosocereus_vilaboensis",14,51,6,1.04516971111298,24.65,25.95,23.55,1614.8,310.05,3,84.4,829.6,17.9,228.6,30.3,9.5,0.632000017166138,98.95,32.35,17.15,15,24.55,23.7500000000001,1932.7,142.35,610.5,2.20616960525513,0.000175024026248138,32.75,2.75454425811768,1.12994432449341,0.000193926243809983,140,"11","11","bat","derived","shrubby","arborescent",1.193990053,1.58677561060006,0.266178741186976,2.89399438106718,0.209969013554644,1.39701246551835,1.15704568129286,2.17528160863397,41723.40477
"885","Polaskia_chende",13,41,4,0.546804487705231,17.2500000000001,19.2,14.7500000000001,778.1,156.95,9.05,87.9,433.75,32.65,238.35,39.05,11.2,0.626000022888184,179.15,26.3,8.10000000000002,17.85,18.3,14.95,1176.7,118.64,1919.5,5.73282074928284,0.000449659739388153,139,12.1621494293213,3.0783839225769,0.000617716083070263,400,"#N/A","#N/A","moth","derived","arborescent","arborescent",0.138636604,0.49291633536346,0.339147315059757,0.486181175610743,0.32565889435156,0.829975400383263,0.319064246004744,0.499768062332697,9457.405195
"886","Polaskia_chichipe",12,42,4,0.426323935389519,17.7500000000001,19.65,15.45,631.15,138.1,6.5,90.7,342.8,22.45,221.9,23.3,12.3,0.652500009536743,171.8,26.95,8.15000000000003,18.8,18.8,15.45,996.95,125.545,1962.25,4.84122896194458,0.000409208558266982,97.25,7.97382593154907,2.78493773937225,0.000523602386238053,400,"#N/A","#N/A","bee, bird, moth","derived","arborescent","arborescent",0.137900306,0.49291633536346,0.223395001066305,0.486181176413978,0.207870688699088,0.829975459816315,0.100246087935774,0.499768062332697,6346.891245
"887","Praecereus_euchlorus",13,56,6,1.01697868108749,23.2500000000001,25.7500000000001,20.05,1464.5,238.5,31.1,55.75,604.85,118,508.35,154.65,9.2,0.611999988555908,211.75,30.7500000000001,14.85,15.4,25.2500000000001,20.2500000000001,1823.7,138.23,399.5,1.01357972621918,8.21144385554362e-05,19.5,1.73424208164215,0.602658748626709,9.46320251387078e-05,500,"#N/A","#N/A","bat, moth","derived","shrubby/arborescent","arborescent",0.092192185,0.336459898503164,0.295441312111673,0.612464774106101,0.301453465257329,1.03763989051608,0.0730272617521133,0.18037633677245,642612.0059
"888","Praecereus_saxicola",16,48,7,0.751525700092316,23.15,27.15,18.2500000000001,1113.5,170.75,19.8,58.2,468.2,73.65,428.3,107.95,9.2,0.488000011444092,367.95,32.35,13.35,19.3,26.85,18.45,1529,132.165,132.75,0.353553384542465,2.50779012276325e-05,3,0.184171579778194,0.0877302139997482,2.32572583627189e-05,300,"#N/A","#N/A","bee, moth","derived","shrubby","arborescent",0.092192185,0.336459898503164,0.295441283303433,0.612464773254105,0.301453481832407,1.03763920218545,0.0730272617521133,0.18037633677245,1019849.308
"889","Pseudoacanthocereus_brasiliensis",14,58,6,0.506546944379807,23.95,25.55,21.65,746,114.55,19.9,47.85,288.8,72.85,272.4,102.2,8.6,0.661999988555908,156.05,30.1,17.35,13.05,25.05,22.35,1138.9,134.41,449.5,2.34103775024414,0.000194515509065241,33.75,2.59559524059296,1.1072336435318,0.000194847991224378,NA,"#N/A","#N/A",NA,NA,"shrubby","arborescent",0.073625077,0.359622020959153,0.210797143961251,0.383772815993877,0.203716189035695,0.772397762359856,0.0511285708108079,0.189687371973937,123191.1816
"890","Pseudoacanthocereus_sicariguensis",14,42,4,0.419841483235359,27.15,28.2500000000001,25.95,710.15,124.85,10.55,62.05,312.6,48.1,154.95,123.35,9.9,0.759000015258789,89.5,34.15,21.05,13,26.95,26.3,1095.7,160.75,337.75,3.23252415657043,0.000231303631153423,43.25,3.38586175441742,1.56135565042496,0.000250899392995052,200,"#N/A","#N/A",NA,NA,"shrubby","arborescent",0.073625077,0.359622020959153,0.210797182176517,0.392995883898626,0.20371609959918,0.773339833708591,0.0511285708108079,0.243539469471379,16663.99409
"891","Pseudorhipsalis_acuminata",15,39,4,2.91803097724915,23.95,24.7500000000001,22.9,3559,467.35,85.6,44.25,1313,299.45,782.2,738.6,6.4,0.675,69.9,28.95,19.85,9.4,23.7500000000001,23.85,2423.05,117.94,329.25,2.93615067005157,0.000218945795495529,49,4.1310338973999,1.35387635231018,0.000241605681367218,35,"#N/A","#N/A",NA,NA,"Epiphytic","arborescent",0.201190037,0.766779118437637,0.233840227962768,0.470837279410545,0.214256031901902,0.796144994417651,0.0846827234364474,0.338662531194351,20297.19847
"892","Pseudorhipsalis_alata",13,33,4,1.21417772769928,23.45,24.85,22.05,1687.1,285.1,45.6,52.5,672.3,170.2,401.5,170.2,8.2,0.694000005722046,109.6,29.45,17.65,11.8,24.35,22.05,1981,141.39,635,3.225266456604,0.000295569014269859,32,1.59692978858948,1.82707226276398,0.000157578018843196,500,"#N/A","#N/A",NA,NA,"Epiphytic","arborescent",0.201190037,0.76890549897743,0.36216102062441,0.976342791466498,0.352376773563063,1.31174418031334,0.283717490900806,1.06445261060522,NA
"893","Pseudorhipsalis_amazonica",15,45,6,2.26680386066437,24.7500000000001,25.35,23.85,3061.65,374.85,103.05,35.1,1061.15,412.6,587.2,870.5,6.8,0.775,56.65,29.65,21.05,8.7,24.45,25.15,2457.9,115.73,225.75,1.53856462240219,0.000137936156534124,16.5,1.23202979564667,0.577320098876953,0.00012363433779683,NA,"11","11",NA,NA,"Epiphytic","arborescent",0.201190037,0.766779118437637,0.234217570442458,0.472069219997083,0.214506628342015,0.796804960635563,0.11290795896247,0.433324944824991,530361.1603
"894","Pseudorhipsalis_himantoclada",14,39,4,3.82589411735535,23.9,24.55,23.35,4491.85,692.1,71.75,55.75,1857,274.55,768.2,1267.55,5.85,0.707999992370606,44.6,28.45,20.65,8,23.55,23.95,2452.4,117.53,389,4.70766162872314,0.000369939254596829,83,7.2052206993103,2.66570031642914,0.000430144209531136,100,"#N/A","#N/A",NA,NA,"Epiphytic","arborescent",0.201190037,0.76890549897743,0.362161019035958,0.976342792393588,0.352376773364983,1.31174405163178,0.283717490900806,1.06445261060522,22614.99187
"895","Pseudorhipsalis_lankesteri",14,35,4,4.06125211715698,22.5,23.05,22.05,5082.65,754.05,91.45,53.1,2001.8,351.45,993.35,1492.65,6.4,0.698000001907349,39.1,28.05,18.45,9.1,22.2500000000001,22.7,2388.5,104.135,580.75,6.35520553588867,0.000501020636875182,132.25,11.4974975585938,3.67372035980225,0.000618967140326276,86,"11","11",NA,NA,"Epiphytic","arborescent",0.201190037,0.76890549897743,0.331414323904462,0.831776742330043,0.319943810846656,1.16780871564868,0.183179848196466,0.694402013326065,598.4742438
"896","Pseudorhipsalis_ramulosa",14,40,4,1.44030582904816,23.55,25.1,21.55,1943.1,331.05,38.5,63.2,890.05,140.35,506.75,207.65,8.1,0.621000003814697,138.95,30.35,17.2500000000001,13.4,24.35,23.15,2018.45,127.21,543.5,4.71014928817749,0.000398552117985673,79.5,6.58374500274658,2.43690645694733,0.000450311010354199,95,"11","11",NA,NA,"Epiphytic","arborescent",0.202159326,0.767466646044288,0.214196597621531,0.40604432874671,0.204154525025982,0.774340147511912,0.0819162348393307,0.315025273991862,408441.6464
"897","Pterocactus_gonjianii",18,60,9,0.321879535913467,7.30000000000004,13.6,0.250000000000057,314.9,53,8.9,55.1,141.65,38.7,141.65,42.95,12.3,0.482999992370605,531.8,19.85,-5.79999999999995,25.45,13.5,1.15000000000003,547.1,97.545,2590,4.40046143531799,0.000334393975208513,94.75,8.31016731262207,2.37947297096252,0.000448160382802598,10,"#N/A","#N/A","bee","ancestral","geophytic","compact",0.160477496,0.340387919782077,0.271859010685256,0.44478558108805,0.259383460305125,0.801075480379515,0.141649961461153,0.2570325506484,4213.234453
"898","Pterocactus_tuberosus",16,64,9,0.344354793429375,15.95,23.45,8.45000000000005,435.75,72.25,12.2,53.15,179.95,42.5,167.05,42.6,11.6,0.426000022888184,573.5,31.15,3.55000000000001,27.5,22.35,8.95000000000005,725.5,120.265,471.5,0.428478419780731,3.10166451527039e-05,5,0.419338673353195,0.12341833114624,3.07448790408671e-05,20,"11","11",NA,NA,"shrubby","arborescent",0.160477496,0.340387919782077,0.271859012488617,0.444785580792848,0.259383823256858,0.801075687634088,0.141649961461153,0.2570325506484,391572.1584
"899","Pterocactus_valentinii",19,66,9,0.240847319364548,13.05,20.15,5.35000000000002,279.75,38.25,14.7,28.45,94.25,50.25,54.7,69.7,12.4,0.417999982833862,607.45,28.7500000000001,-0.399999999999977,29.5,11.3,18.15,491.8,113.775,741,0.807677984237671,6.78340657032095e-05,17.5,1.58388340473175,0.42100128531456,7.32179323676974e-05,8,"#N/A","#N/A",NA,NA,"geophytic","compact",0.160477496,0.340387919782077,0.237345910402999,0.397024321101679,0.220098089873977,0.774470465529345,0.0903142810919584,0.160041440730559,72724.01953
"900","Punotia_lagopus",16,48,7,1.4484030008316,3.65000000000003,4.75000000000006,1.95000000000005,1279.7,247.7,13.5,71.15,633.75,63.9,404.55,63.9,10.9,0.746000003814697,112.3,11.2500000000001,-4.69999999999996,14.7,4.45000000000005,1.95000000000005,879.1,98.175,4454.75,3.1926976442337,0.000254607060924172,57.75,4.51454758644104,1.75622999668121,0.000288769253529608,60,"#N/A","#N/A",NA,NA,"cushion_forming","compact",0.160485449,0.332678479820657,0.211612654320038,0.379050816451544,0.203499641378022,0.772281761326005,0.0705401817074011,0.127272370367736,2335.340016
"901","Pygmaeocereus_bylesianus",NA,NA,NA,NA,NA,NA,NA,NA,NA,NA,NA,NA,NA,NA,NA,NA,NA,NA,NA,NA,NA,NA,NA,NA,NA,NA,NA,NA,NA,NA,NA,NA,8,"#N/A","#N/A","moth","derived","shrubby","arborescent",0.09078678,0.612350646699599,0.22053633491991,0.436483021934882,0.206975318993944,0.794995810081459,0.1044069295681,0.474966997911473,NA
"902","Quiabentia_verticillata",16,48,7,0.567761152982712,23.45,27.45,18.15,858.9,153.35,6.8,78.7,416,28.2,379.7,50.35,10,0.523999977111816,339.65,32.9,12.95,19,26.95,18.45,1263.7,125.14,290,0.330718904733658,2.65000080617028e-05,3,0.207210928201675,0.0905722826719284,2.46153458647314e-05,1500,"55","55","bee","ancestral","arborescent/shrubby","arborescent",0.160477496,0.332699866192004,0.210280957351135,0.378614244197,0.20322664448846,0.772284247025956,0.0598186488474619,0.107947610069767,329951.1468
"903","Rauhocereus_riosaniensis",16,42,4,1.18729293346405,18.1,18.8,17.1,1413.7,204.05,42.05,32.45,512.75,160.4,385.15,180.1,7.75,0.773999977111816,73.3,22.55,13.05,9.85,18.55,17.15,1611.6,110.11,1650.5,6.85603356361389,0.000499470566865057,158.25,13.3228979110718,3.84583497047424,0.000636023440165445,400,"#N/A","#N/A","bat","derived","columnar","arborescent",0.090178228,0.611023464664481,0.212043464730346,0.40345115989506,0.203871829832663,0.776774879490468,0.0723638841829893,0.306368794196079,9441.216495
"904","Rebutia_arenacea",14.5,43,4,1.11916327476501,12.7500000000001,14.05,10.7500000000001,1281.8,260.2,22.8,74.6,665.8,83.2,383.3,85,9.9,0.675,134.2,18.65,4.15000000000003,14.5,13.7500000000001,10.95,1602.45,97.14,2963,5.36627626419067,0.000386284227715805,180,16.5933265686035,3.38958120346069,0.000734368921257555,3.5,"#N/A","#N/A","bee","ancestral","geophytic","compact",0.084389972,0.336632401287285,0.208258634384638,0.37910306855864,0.202962160771891,0.772284823937311,0.0508837662259108,0.147749212395121,18.93749591
"905","Rebutia_deminuta",16,50,6,0.810668855905533,11.15,13.35,8.40000000000003,869.4,210.6,3.9,98.2,541.8,15.15,487.15,16.25,10.8,0.644000005722046,207.55,18.5,0.850000000000023,17.1,13.15,8.45000000000005,1142.35,99.775,3139.75,6.70791101455688,0.000538152700755745,158,13.5139374732971,4.03102540969849,0.000798272551037371,6,"22","22",NA,NA,"globose_caespitose","compact",0.135539849,0.475568508257972,1.78693441391523,3.40154335461299,NA,NA,0.220673704228321,0.638846132632282,36646.41821
"906","Rebutia_einsteinii",18,57,9,0.600921422243118,8.45000000000005,11.35,4.35000000000002,693.65,198.1,0.9,120.3,490.05,4.3,377.55,4.4,14.1,0.651999998092651,279.35,18.45,-3.54999999999995,21.8,11.2500000000001,4.45000000000005,1001.5,111.11,3668.5,4.51689529418945,0.000303019565762952,78.25,6.40379810333252,2.34832763671875,0.000414676193031482,NA,"#N/A","#N/A",NA,NA,"globose_caespitose","compact",0.093840861,0.341023243653663,0.208051589696073,0.37878839112962,0.202941617906961,0.772280897022303,0.0468264678270777,0.135268920176849,12856.54964
"907","Rebutia_fabrisii",17,44,7,1.72163474559784,12,14.95,8.30000000000004,1771.1,371.8,11.25,93.3,1038.2,36.75,1038.2,36.75,9.2,0.561999988555908,268.45,18.6000000000001,2.05000000000001,16.4,14.95,8.30000000000004,1584.65,87.1,2460.25,8.12307643890381,0.00073207711102441,254,22.7719497680664,5.75553417205811,0.00112486514262855,NA,"#N/A","#N/A","bee","ancestral","globose_caespitose","compact",0.084389972,0.336679920940217,0.208649704580996,0.37962322614278,0.203003977086074,0.77228721687474,0.0577689156708086,0.165528375090755,166.2040853
"908","Rebutia_fiebrigii",15,49,6,0.650884717702866,14.05,15.95,11.35,781.4,171.25,4.3,90.6,442.55,17.15,367.8,18.1,10.5,0.657999992370605,180.8,20.65,4.15000000000003,16.45,15.65,11.35,1151.4,104.385,2533.75,6.90264272689819,0.000576552061829716,158.75,13.4855289459229,4.00587105751038,0.00074717978714034,6,"#N/A","#N/A","bee","ancestral","globose_solitary/globose_caespitose","compact",0.135539849,0.475568508257972,1.78693452111171,3.40154335333568,NA,NA,0.220673704228321,0.638846132632282,89057.84552
"909","Rebutia_heliosa",15,50,6,0.767230659723282,12.45,15.2500000000001,8.85000000000002,853.9,182.55,3,92.75,489.8,13.45,489.8,13.45,9.8,0.582500004768372,266.4,19.05,2.25000000000006,16.8,15.2500000000001,8.85000000000002,1255.9,98.705,2434.5,7.20676636695862,0.000633914023637772,176.75,15.7511239051819,4.39869117736816,0.000846721202833578,2,"#N/A","#N/A","bee","ancestral","globose_caespitose","compact",0.135539849,0.475568508257972,0.413620573124119,1.22379320654024,0.202941614377392,0.772280830986066,0.110669955287274,0.320411326712399,1491.884339
"910","Rebutia_mentosa",14,49,6,0.585893601179123,15.45,16.85,13.35,762.15,162.45,4.8,87.6,414.5,19.4,271.2,19.85,11.4,0.703000020980835,132.1,22.3,6.65000000000003,16.3,16.5,13.35,1158.05,110.67,2444,7.1869535446167,0.000658244505757466,159,13.2553343772888,4.13243556022644,0.000794671097537503,NA,"#N/A","#N/A",NA,NA,"globose_caespitose","compact",0.083561612,0.336356285275041,0.20782582017751,0.378450697923904,0.202929981068276,0.772274766029801,0.0413001215220924,0.108171459076569,3743.401999
"911","Rebutia_minuscula",16,46,6,0.830874621868134,13.5,17.2500000000001,9.40000000000003,934.45,216.6,7.2,100.9,569.35,23.9,562.95,23.9,9.5,0.528999996185303,333.15,21.35,3.35000000000002,17.9,17.2500000000001,9.40000000000003,1235.65,95.435,1922.5,6.20168304443359,0.000477105233585462,143,12.1317172050476,3.50204277038574,0.000776636559749022,3.5,"11","11","bee","ancestral","globose_caespitose","compact",0.084389972,0.336679920940217,0.208313685147403,0.379141024329264,0.202963019113499,0.772282706751054,0.0506807544652604,0.145791560652848,6216.862815
"912","Rebutia_neocumingii",14,51,6,0.420287147164345,16.2,18.05,13.7,555.1,124.7,3,92.35,314.75,11.8,237.75,12.9,11.2,0.669999980926514,178.35,23.55,6.75000000000006,16.9,17.8,13.7,897.05,109.77,2203.5,6.91563940048218,0.00055556753068231,152,12.9479622840881,3.99538576602936,0.000734834640752524,20,"#N/A","#N/A","bee","ancestral","globose_solitary","compact",0.084389972,0.336632401287285,0.208258629498026,0.37910306852033,0.20296215699127,0.772285034480236,0.0508837662259108,0.147749212395121,11739.21299
"913","Rebutia_padcayensis",16,48,7,1.39633446931839,7.45000000000005,9.10000000000002,5.25000000000006,1224.95,267.65,8.35,91.45,721.15,32.8,694.05,32.8,9.3,0.675,165.3,13.2500000000001,-0.849999999999966,13.9,9.10000000000002,5.25000000000006,1183.5,95.71,3843.25,6.13502025604248,0.000504132185596973,168,13.8245139122009,3.65387523174286,0.000666844774968922,2.5,"#N/A","#N/A",NA,NA,"globose_caespitose","compact",0.084389972,0.336679920940217,0.208649708359641,0.379623226113132,0.203003976091077,0.772287501631229,0.0577689156708086,0.165528375090755,703.3555517
"914","Rebutia_pygmaea",17,53,7,0.666628867387772,8.80000000000004,11.15,5.55000000000001,743.55,205.4,2,106.5,482.9,8.2,280.55,9.8,12.9,0.653999996185303,206.25,17.35,-2.34999999999997,19.8,10.65,5.55000000000001,1041.55,110.06,3775.75,4.8514711856842,0.000401810350012966,96.25,8.07958030700684,2.79973876476288,0.000482929171994328,4,"#N/A","#N/A","bee","ancestral","globose_solitary","compact",0.135539849,0.35894469719982,2.01558610585549,3.01228479674492,NA,NA,0.118892583626093,0.343887493352802,75210.92648
"915","Rebutia_steinmannii",16,49,7,0.664500802755356,10.1,12.15,7.60000000000002,739.85,185.2,3.1,95.1,445.95,12.25,267.7,14.05,12.1,0.663000011444092,162.8,17.65,-0.749999999999943,18.2,11.55,7.65000000000003,1077.9,106.555,3564.75,5.95654702186584,0.000499181885970756,126,10.5104794502258,3.41811800003052,0.000650901900371537,2,"#N/A","#N/A",NA,NA,"globose_caespitose","compact",0.135539849,0.35894469719982,2.01558626251108,3.0122847980762,NA,NA,0.118892583626093,0.343887493352802,78342.06939
"916","Rhipsalis_agudoensis",NA,NA,NA,NA,NA,NA,NA,NA,NA,NA,NA,NA,NA,NA,NA,NA,NA,NA,NA,NA,NA,NA,NA,NA,NA,NA,NA,NA,NA,NA,NA,NA,NA,"11","11",NA,NA,"Epiphytic","arborescent",0.342552136,0.625293768364865,0.723194431443533,2.16554566712181,0.469632371650206,1.60840400622039,0.583719753366544,1.22752407720322,NA
"917","Rhipsalis_baccifera",13,54,6,1.01288479566574,24.45,25.7500000000001,23.05,1519.45,246.7,12.35,66.95,666.85,58.15,283.55,468.45,9,0.673000001907349,105.5,31.35,19.05,13.4,24.15,24.3,1855.65,129.68,483.75,1.1709371805191,9.78912539721932e-05,17,1.37308371067047,0.553103119134903,0.000100217301223893,400,"11","11=0.71_22=0.29","bee","ancestral","Epiphytic","arborescent",0.337264021,0.590207072278495,0.257133823470917,0.432912769365337,0.234730322696179,0.788864113236132,0.180184599334867,0.423106265778636,17181867.8
"918","Rhipsalis_burchellii",14,52,6,1.4748055934906,20.55,23.15,17.85,1786.2,287.35,47.85,55.15,802.25,163.9,579.1,163.9,7.6,0.542999982833862,209.05,27.15,13.45,14,22.3,17.85,2041.25,114.865,705.5,6.49969553947449,0.000711911881808192,117,8.94358968734741,3.89902222156525,0.000761332048568875,66,"#N/A","#N/A",NA,NA,"Epiphytic","arborescent",0.123463065,0.347861114511243,0.265120564742337,0.425139021070292,0.242692461127712,0.779394761484484,0.167806335472309,0.321298997684124,1110.68465
"919","Rhipsalis_campos-portoana",14,45,4,1.63087379932404,19.45,22.35,16.2500000000001,1894.1,289.8,74,41.4,741.5,279.8,718,281.2,7.95,0.5125,267.3,26.55,11.35,15.3,22.35,16.2500000000001,2021.7,99.8,690.75,3.92109680175781,0.000408374238759279,61.25,4.55097532272339,2.09059369564056,0.000431583888712339,200,"#N/A","#N/A",NA,NA,"Epiphytic","arborescent",0.123463065,0.347199632117868,0.23624333504167,0.404058639992755,0.216741927745254,0.774639663127859,0.137692834081828,0.31225066234483,91317.28332
"920","Rhipsalis_cereoides",14,53.5,6,1.21214777231216,23.55,26.05,20.7500000000001,1527.1,250.4,38.85,64.7,657.4,128.05,563.25,128.05,7.9,0.538000011444092,214.3,30.45,15.85,14.6,25.2500000000001,20.7500000000001,1866.05,119.945,119.75,5.79432511329651,0.00058285056729801,95,7.12792539596558,3.22319841384888,0.000634010561043397,100,"11","11","bee, ento","derived","shrubby","arborescent",0.342552136,0.613208184100779,0.364327276627895,0.750446029943784,0.346392910560071,1.00423056491771,0.248825948522835,0.496266367832983,3061.242808
"921","Rhipsalis_cereuscula",13,49,6,1.10176247358322,21.95,24.65,18.6,1522.65,212.65,39,47.55,566.65,148.6,507.1,200.1,9,0.584000015258789,218.8,29.35,13.5,15.3,23.7500000000001,18.95,1866.2,128.375,495,1.81464874744415,0.000168312268215232,30.5,2.54570865631104,1.00583189725876,0.000184940021426883,60,"11","11","bee","ancestral","Epiphytic","arborescent",0.123463065,0.347343258585041,0.240893177348727,0.397968074770437,0.218981403636815,0.773331569248123,0.124280167154884,0.249293531702808,2112617.852
"922","Rhipsalis_clavata",14,52,6,1.36448931694031,21.55,24.15,18.65,1653.1,276.85,44.15,57.35,740.45,142.35,679.1,142.35,7.6,0.526999998092651,214.2,27.85,13.6,14.3,23.85,18.65,1947,114.75,512.5,5.84282732009888,0.000541494111530483,91.5,6.95977306365967,3.0601247549057,0.000621865474386141,100,"11","11","bee, ento","derived","Epiphytic","arborescent",0.123463065,0.347861114511243,0.218307814788755,0.440997096711208,0.205709362471151,0.786447282711448,0.0948073244122074,0.397663823438706,29577.48151
"923","Rhipsalis_crispata",NA,NA,NA,NA,NA,NA,NA,NA,NA,NA,NA,NA,NA,NA,NA,NA,NA,NA,NA,NA,NA,NA,NA,NA,NA,NA,NA,NA,NA,NA,NA,NA,NA,"11","11",NA,NA,"Epiphytic","arborescent",0.337328356,0.591196359241481,0.255135516202649,0.425444372455805,0.232103986215767,0.785445694468911,0.177450756823045,0.414505719873235,NA
"924","Rhipsalis_cuneata",16,43,7,2.92599248886108,16.2,17.9,13.85,2644.55,494.1,75.15,55.55,1278.5,254.15,1065.75,254.15,7.7,0.668499994277954,149.5,20.55,9.15000000000003,11.7,17.9,13.85,1892.3,90.59,1888.5,7.6443133354187,0.000607427413342521,184.25,15.7200880050659,4.52017188072205,0.000855316262459382,100,"22","22",NA,NA,"Epiphytic","arborescent",0.338286909,0.596383038043272,0.621864047847108,1.95861351399412,0.486356009571154,1.70116201023421,0.628992261603334,1.39574598246139,3643.722837
"925","Rhipsalis_dissimilis",NA,NA,NA,NA,NA,NA,NA,NA,NA,NA,NA,NA,NA,NA,NA,NA,NA,NA,NA,NA,NA,NA,NA,NA,NA,NA,NA,NA,NA,NA,NA,NA,NA,"11","11",NA,NA,"Epiphytic","arborescent",0.126908054,0.358526168856162,0.394610227792292,0.844902680294046,0.390711413948689,1.25709981151206,0.223919613802487,0.487897060599372,NA
"926","Rhipsalis_elliptica",13,48,6,1.23024809360504,20.05,22.55,17.2500000000001,1595.1,307.1,17.6,76.6,813,62.9,697.85,62.9,8.7,0.571000003814697,208.35,26.85,11.7500000000001,15.3,22.05,17.2500000000001,1908.7,115.015,832.5,4.78727126121521,0.000518860993906856,76,5.60912156105042,2.4367880821228,0.000576431833906099,200,"11","11","bee, ento","derived","Epiphytic","arborescent",0.337962752,0.594581524369802,0.34184739469291,0.665988493337626,0.331065582955696,0.975363120428997,0.334030291493733,0.792617878574425,80479.01602
"927","Rhipsalis_ewaldiana",NA,NA,NA,NA,NA,NA,NA,NA,NA,NA,NA,NA,NA,NA,NA,NA,NA,NA,NA,NA,NA,NA,NA,NA,NA,NA,NA,NA,NA,NA,NA,NA,60,"#N/A","#N/A",NA,NA,"Epiphytic","arborescent",0.338286909,0.59638073883289,0.41059541298361,1.13077883812983,0.399516936528694,1.28719951194497,0.4480180640709,1.14179267043892,NA
"928","Rhipsalis_flagelliformis",NA,NA,NA,NA,NA,NA,NA,NA,NA,NA,NA,NA,NA,NA,NA,NA,NA,NA,NA,NA,NA,NA,NA,NA,NA,NA,NA,NA,NA,NA,NA,NA,400,"#N/A","#N/A",NA,NA,"Epiphytic","arborescent",0.337194105,0.593698340189332,0.617399784521662,0.789083382808695,0.497963608631909,1.03871874906142,0.503306380376941,0.907194689152434,NA
"929","Rhipsalis_floccosa",13,48,6,1.11912351846695,21.95,24.35,18.7500000000001,1532.75,235.45,38.8,52.85,615.6,138.4,532.95,170.55,8.8,0.584999990463257,206.05,28.7500000000001,13.65,15.1,23.7500000000001,18.95,1866.65,124.56,555.25,2.51673567295074,0.000261121313087642,40,3.32522809505463,1.33881068229675,0.000259884516708553,100,"11","11","bee","ancestral","Epiphytic","arborescent",0.126908054,0.358526168856162,0.394610227778249,0.844902679195635,0.390711406845433,1.25710062860939,0.223919613802487,0.487897060599372,1547189.717
"930","Rhipsalis_goebeliana",NA,NA,NA,NA,NA,NA,NA,NA,NA,NA,NA,NA,NA,NA,NA,NA,NA,NA,NA,NA,NA,NA,NA,NA,NA,NA,NA,NA,NA,NA,NA,NA,30,"11","11",NA,NA,"Epiphytic","arborescent",0.338286909,0.59638073883289,0.410595413489935,1.13077883421803,0.399516941839905,1.28719977978106,0.4480180640709,1.14179267043892,NA
"931","Rhipsalis_grandiflora",14,50,6,1.29839825630188,20.45,23.15,17.35,1651.9,291.3,39.45,56.35,739.05,143.8,700.35,157.2,8.5,0.561999988555908,226.4,27.05,12.15,15,23.15,17.35,1948.4,112.14,664,3.87848424911499,0.000387384337955154,56,4.14475798606873,1.92848384380341,0.000440942181739956,100,"11","11","bee","ancestral","Epiphytic","arborescent",0.338286909,0.59638073883289,0.300124901082966,0.588024419709906,0.28065623327031,0.893209901142663,0.260865611702477,0.754000826603176,68622.64559
"932","Rhipsalis_hoelleri",15,52,6,1.39744687080383,19.45,22,16.7500000000001,1664.45,267,47.4,54,730.3,162.65,538.7,162.65,7.3,0.542999982833862,205.5,26.05,12.65,13.5,21.15,16.7500000000001,1966.05,114.95,878.5,5.27040076255798,0.000714988447725773,90.5,6.63285160064697,2.85527181625366,0.000786905380664393,150,"#N/A","#N/A",NA,NA,"Epiphytic","arborescent",0.126908054,0.3514413235477,0.30372866003636,0.554643961564967,0.28735009976527,0.89870588221109,0.176819037481554,0.401411897946362,303.5556029
"933","Rhipsalis_juengeri",14,47,6,1.48267483711243,20.05,22.65,17.15,1801,307.5,47.2,52.1,814,163.9,762.5,163.9,8,0.544000005722046,210.6,26.95,12.2500000000001,14.7,22.35,17.15,2036.75,112.61,744.5,6.09927487373352,0.000630263413768262,106.25,8.29496192932129,3.46910750865936,0.000738245929824188,300,"#N/A","#N/A","bee, ento","derived","Epiphytic","arborescent",0.123463065,0.347199632117868,0.225650153728115,0.39254262795591,0.209411856751153,0.772884164789637,0.114853007598215,0.265987829356297,1654.062561
"934","Rhipsalis_lindbergiana",14,54,6,0.695151060819626,23.65,25.35,21.15,997.9,179.8,14.4,71.8,469.35,54.3,335.25,62.45,8.8,0.636000013351441,162.5,29.85,16.35,14,24.45,21.35,1416,132.625,519.25,2.93017423152924,0.000283919856883585,43,3.4010888338089,1.49966740608215,0.00027455402596388,200,"#N/A","#N/A","bee, ento","derived","Epiphytic","arborescent",0.337194105,0.593698340189332,0.617399776243381,0.782058587646232,0.497963610643938,1.03399338548128,0.503306380376941,0.675412153639619,723906.7159
"935","Rhipsalis_mesembryanthemoides",NA,NA,NA,NA,NA,NA,NA,NA,NA,NA,NA,NA,NA,NA,NA,NA,NA,NA,NA,NA,NA,NA,NA,NA,NA,NA,NA,NA,NA,NA,NA,NA,21.5,"11","11","bee","ancestral","Epiphytic","arborescent",0.337264021,0.590207072278495,0.268855502904615,0.455849247902686,0.247639252376938,0.8034750945974,0.212263077260342,0.504209844141725,NA
"936","Rhipsalis_micrantha",15,43,6,1.95831108093262,23.4,24.15,22.15,2452.45,330.2,69.45,40.4,877.45,271.45,640.95,547.7,6.9,0.784000015258789,49,27.5,18.6,8.7,23.85,22.45,2075.8,111.55,534,4.41849446296692,0.000342219849699177,82.5,6.94126582145691,2.48878800868988,0.000408355321269482,80,"11","11=0.50_22=0.50",NA,NA,"Epiphytic","arborescent",0.337962752,0.594581524369802,0.341847395640165,0.665988496306153,0.331065576463856,0.975362768026984,0.334030291493733,0.792617878574425,842317.5004
"937","Rhipsalis_neves-armondii",14,49,6,1.42107164859772,23.65,25.7500000000001,21.15,1620.35,185.55,77.7,29.95,513.3,287.2,435.2,294.6,6.3,0.534000015258789,164.3,28.7500000000001,17.35,12.2,25.05,21.35,1936.5,119.385,87.75,3.26857662200928,0.000273473167908378,33.25,2.27337205410004,1.18772315979004,0.000259493215708062,200,"11","11","bee","ancestral","Epiphytic","arborescent",0.126908054,0.3514413235477,0.266665872187712,0.466289782799449,0.241517835234334,0.801908081106868,0.11386730402205,0.249997853015265,25487.95503
"938","Rhipsalis_oblonga",14,47,6,1.00512719154358,24.05,25.85,21.85,1344.6,172.65,65,27.9,439.2,230.75,365.5,246.55,7.2,0.594000005722046,160.3,29.7,17.65,12.1,25.15,21.95,1731.2,124.36,132.25,3.21981155872345,0.000284731999272481,35.75,2.52399706840515,1.32043099403381,0.000265754410065711,250,"11","11",NA,NA,"Epiphytic","arborescent",0.338286909,0.596383038043272,0.332504906835143,0.629651349155292,0.317109303796985,0.921200315033373,0.355144111508146,0.780064975880261,8597.837503
"939","Rhipsalis_occidentalis",15,49,6,1.99018031358719,25.2500000000001,25.7500000000001,24.45,2632.4,287.95,158.9,18.7,820.2,522.7,644.35,594.25,6.3,0.775,52.9,29.35,21.2500000000001,8.2,25.35,25.15,2440.2,114.475,191,0.975255221128464,8.20029381429777e-05,10.5,0.712803363800049,0.33737675845623,7.74126419855747e-05,100,"#N/A","#N/A",NA,NA,"Epiphytic","arborescent",0.338286909,0.596383038043272,0.621864075975843,1.9586135118089,0.486356013572065,1.70116262141749,0.628992261603334,1.39574598246139,176798.3885
"940","Rhipsalis_olivifera",14,54,6,1.37566018104553,22.4,25.15,19.7,1735.7,286.05,47.25,57.9,765.1,146.8,703.9,146.8,7.6,0.526000022888184,217.55,29.2500000000001,15.3,14.5,24.8,19.7,1989.3,114.88,325.25,5.91077399253845,0.000525769428350031,86,6.49277806282043,3.04476249217987,0.00062378536676988,100,"#N/A","#N/A","bee","ancestral","Epiphytic","arborescent",0.337962752,0.594581524369802,0.284052079631014,0.476754762562675,0.26251455712087,0.817614702974812,0.245907912278592,0.58287728520129,6407.610957
"941","Rhipsalis_ormindoi",15,51,6,1.57273888587952,22.2500000000001,25.05,19.45,2014.1,338.8,55.75,58.15,888.5,169.35,778.8,169.35,7.7,0.532000017166138,219.8,29.2500000000001,14.85,14.5,24.15,19.45,2097,113.33,301.5,8.26465654373169,0.000653522671200335,159.5,13.0371990203857,4.34636425971985,0.000845767790451646,NA,"#N/A","#N/A",NA,NA,"Epiphytic","arborescent",0.123463065,0.347199632117868,0.221524388786181,0.389795251278471,0.207211305483675,0.772661341675027,0.0982688056004027,0.235605170494287,152.2647887
"942","Rhipsalis_pacheco-leonis",NA,NA,NA,NA,NA,NA,NA,NA,NA,NA,NA,NA,NA,NA,NA,NA,NA,NA,NA,NA,NA,NA,NA,NA,NA,NA,NA,NA,NA,NA,NA,NA,200,"#N/A","#N/A",NA,NA,"Epiphytic","arborescent",0.337194105,0.592969678491393,0.330981187244516,0.576148033751726,0.315996491075538,0.888479921398763,0.169339451573798,0.448608349836186,NA
"943","Rhipsalis_pachyptera",14,50,6,1.68832302093506,20.2500000000001,23.2500000000001,17.05,1964.1,308.6,63.35,46,810.65,236.35,791.9,238.65,7.6,0.519000005722046,234.1,26.95,12.35,14.4,23.2,17.05,2103.2,106.015,596,4.16621279716492,0.000399833399569616,57.25,4.22935271263123,2.03798532485962,0.000441894808318466,100,"11","11","bee, ento","derived","Epiphytic","arborescent",0.342552136,0.614438741256487,0.387319046692344,0.867908436530144,0.363365933262034,1.07072387432838,0.354087244994635,0.735004469745595,55747.9233
"944","Rhipsalis_paradoxa",14,48,6,0.817292928695679,21.7500000000001,23.65,19.35,1052.35,117.15,31.8,33.7,314.45,116.35,300.65,147.75,7.3,0.609000015258789,157.75,27.7500000000001,15.7500000000001,11.9,23.15,20.2500000000001,1470.25,118.42,630.5,4.67289328575134,0.000532463251147419,87.75,7.06483292579651,2.7607741355896,0.000585918955039233,500,"11","11",NA,NA,"Epiphytic","arborescent",0.127891378,0.346607010472818,0.212654451107543,0.380278451996354,0.203737829169177,0.772292191486207,0.0748394015649432,0.134222274858909,6043.48054
"945","Rhipsalis_pentaptera",14,52,6,1.09838426113129,15.7500000000001,25.15,5.95000000000005,1249.9,133.4,82.9,15.3,378.2,271.5,378.2,282.3,9.8,0.322000002861023,741.7,31.2500000000001,0.850000000000023,30.4,25.15,11.15,1651.9,99.15,125.5,0.807677984237671,6.48775894660503e-05,14.5,1.29943573474884,0.536972999572754,7.99849003669806e-05,40,"11","11","bee","ancestral","Epiphytic","arborescent",0.337194105,0.593698340189332,0.392713655436817,0.789083382952042,0.384132622624229,1.03871921028692,0.275370221868714,0.907194689152434,NA
"946","Rhipsalis_pilocarpa",14,49,6,1.42545962333679,19.7500000000001,22.45,16.7500000000001,1756.75,303.35,44.85,52.5,776.5,167.85,745.05,167.85,8.2,0.558500003814697,228.55,26.7500000000001,11.85,15.1,22.45,16.7500000000001,2014.85,107.97,743.5,3.89661312103271,0.000435028137871996,59.25,4.31344079971313,1.91124701499939,0.000469710634206422,45,"11","11",NA,NA,"Epiphytic","arborescent",0.123463065,0.347199632117868,0.236243333276757,0.404058639858351,0.216741929019952,0.774639454578933,0.137692834081828,0.31225066234483,38875.0828
"947","Rhipsalis_pulchra",13,49,6,1.23496919870377,21.05,23.55,18.15,1601.6,297.15,24.65,72.2,784.75,76.8,700.75,76.8,8.7,0.559000015258789,215.8,28.2500000000001,12.65,15.5,23.2500000000001,18.15,1904.4,114.125,642.5,5.70361661911011,0.000633829913567752,90.75,6.7612476348877,3.02906382083893,0.000692282133968547,600,"11","11",NA,NA,"Epiphytic","arborescent",0.123463065,0.347861114511243,0.265120563730129,0.440997096847421,0.242692459983553,0.786446945697413,0.167806335472309,0.397663823438706,18795.02993
"948","Rhipsalis_puniceodiscus",14,47,6,1.64178055524826,19.85,22.7500000000001,16.7,1916,295.35,71.05,43.2,751.55,265.25,737.8,266.95,7.7,0.514499998092651,249.85,26.85,11.85,14.8,22.65,16.7500000000001,2060.95,102.27,652.5,3.84666204452515,0.00039977663254831,57.5,4.32791471481323,1.83265978097916,0.000439311232184991,NA,"#N/A","#N/A",NA,NA,"Epiphytic","arborescent",0.126908054,0.3514413235477,0.303728657599402,0.554643962243828,0.287350104160771,0.898705824568702,0.176819037481554,0.401411897946362,75661.4542
"949","Rhipsalis_russellii",14,53,6,0.761129468679428,23.7500000000001,25.55,21.45,1040.95,147.6,32.7,50.6,389.55,109.6,330.35,120.6,8,0.61399998664856,156.25,29.65,17.15,12.9,24.7500000000001,21.65,1459.05,127.14,316.25,3.63119077682495,0.000331401839503087,49,3.92416024208069,1.74896723031998,0.000317852012813091,200,"11","11",NA,NA,"Epiphytic","arborescent",0.342552136,0.625293768364865,0.762116896021637,2.32047575628373,0.47817647394985,1.67394745883592,0.889971147471827,1.90791273735652,175322.0345
"950","Rhipsalis_sulcata",14,51,6,1.34347689151764,20.6,23.15,17.95,1599.4,257.75,48.9,51.4,690.75,170.25,494.7,170.25,6.9,0.530999994277954,202.95,27.15,14.05,13,22.35,17.95,1922.15,118.91,661.5,5.61770343780518,0.000797523709479719,107.5,7.76455020904541,3.41487216949463,0.000803564151283354,NA,"#N/A","#N/A",NA,NA,"Epiphytic","arborescent",0.337264021,0.590207072278495,0.268855501179855,0.455849248532467,0.247639255996229,0.80347561964098,0.212263077260342,0.504209844141725,74.22402761
"951","Rhipsalis_teres",13,47,6,1.34768974781036,19.7500000000001,22.95,16.55,1596.2,259.45,47.25,49.85,665.85,172.3,606.95,174.1,8.5,0.535500001907349,239.05,26.95,11.55,15.45,22.2500000000001,17.35,1898.5,111.65,651.25,3.73695659637451,0.000355208263499662,51.5,3.91101431846619,1.76212739944458,0.000395876733819023,NA,"11","11","bee, ento","derived","Epiphytic","arborescent",0.337625536,0.591780761617933,0.255058957433547,0.421789023574339,0.230871407636761,0.781647167603463,0.161237636504162,0.310166214846036,351693.4738
"952","Rhipsalis_triangularis",NA,NA,NA,NA,NA,NA,NA,NA,NA,NA,NA,NA,NA,NA,NA,NA,NA,NA,NA,NA,NA,NA,NA,NA,NA,NA,NA,NA,NA,NA,NA,NA,100,"#N/A","#N/A","bee, ento","derived","shrubby","arborescent",0.342552136,0.625293768364865,0.762116888914824,2.32047575591096,0.478176478516025,1.67394715692325,0.889971147471827,1.90791273735652,NA
"953","Rhipsalis_trigona",14,42,4,1.76252901554108,19.55,22.95,15.7500000000001,1977.1,291.75,87,35,751.5,307.2,743.85,309.1,7.6,0.480000019073486,283,26.7500000000001,11.45,15,22.95,15.95,2078.8,97.5,377,4.60128545761108,0.000417722083511762,69.75,5.62479853630066,2.34373414516449,0.000439275347162038,NA,"11","11",NA,NA,"Epiphytic","arborescent",0.126908054,0.358526168856162,0.322786022933423,0.592817688811553,0.310125916587942,0.938412694515323,0.127154639368202,0.273687416548766,56077.66648
"954","Samaipaticereus_corroanus",14,47.5,6,0.531107604503632,17.7500000000001,19.7500000000001,14.9,658.15,129.25,12,73.6,332.1,39.2,314.5,39.2,8.6,0.642999982833862,201.5,23.65,10.2500000000001,13.5,19.7500000000001,14.9,1031.25,110.64,1652.75,5.99846076965332,0.000542797759408131,114.25,9.16024112701416,3.41152465343475,0.000589340663282201,400,"#N/A","#N/A","bat","derived","columnar","arborescent",0.090758717,0.610831413602458,0.209913352874859,0.388279057718208,0.203190936940364,0.772778025581483,0.0615159280196948,0.227485205540105,722.0680089
"955","Schlumbergera_gaertneri",NA,NA,NA,NA,NA,NA,NA,NA,NA,NA,NA,NA,NA,NA,NA,NA,NA,NA,NA,NA,NA,NA,NA,NA,NA,NA,NA,NA,NA,NA,NA,NA,NA,"#N/A","#N/A",NA,NA,"Epiphytic","arborescent",0.073592896,0.33434748157774,0.214181506496603,0.383474625829512,0.205129493608422,0.772547627207828,0.0642624791603288,0.155501413110322,NA
"956","Schlumbergera_kautskyi",NA,NA,NA,NA,NA,NA,NA,NA,NA,NA,NA,NA,NA,NA,NA,NA,NA,NA,NA,NA,NA,NA,NA,NA,NA,NA,NA,NA,NA,NA,NA,NA,NA,"#N/A","#N/A",NA,NA,"Epiphytic","arborescent",0.07362553,0.336013063559201,0.249022848768638,0.432595841783712,0.226869338472971,0.784071412039883,0.119378001872412,0.304630790352277,NA
"957","Schlumbergera_lutea",NA,NA,NA,NA,NA,NA,NA,NA,NA,NA,NA,NA,NA,NA,NA,NA,NA,NA,NA,NA,NA,NA,NA,NA,NA,NA,NA,NA,NA,NA,NA,NA,NA,"#N/A","#N/A",NA,NA,"shrubby","arborescent",0.07362553,0.334390705221537,0.21028985955394,0.379474037127453,0.2032593285612,0.772285237208038,0.0687104974799134,0.15812776581661,NA
"958","Schlumbergera_microsphaerica",13,45,4,1.22503036260605,20.05,22.45,17.45,1529.05,312.95,14.5,79.5,832.3,59.4,601.55,59.4,8,0.569000005722046,194.55,26.55,12.35,14.2,21.65,17.45,1786.5,115.125,875.5,6.17745184898376,0.000579594896407798,120.75,10.1273746490479,3.57626831531525,0.000708036939613521,NA,"#N/A","#N/A",NA,NA,"Epiphytic","arborescent",0.07362553,0.334357689062401,0.221072364953751,0.390145948016996,0.208139062604971,0.773582776218823,0.0927504921112178,0.198733291616439,512.993862
"959","Schlumbergera_opuntioides",14,46,4,1.52191352844238,18.15,20.6,15.2,1858.3,339.35,38.3,69.3,886.8,121.95,804.15,121.95,8.7,0.573000001907349,212.05,24.85,9.75000000000006,15.2,20.55,15.2,1974,108.635,1169.5,5.42815208435059,0.000547603907762095,104.75,8.79264116287231,3.16365098953247,0.000680230295984074,120,"11","11",NA,NA,"shrubby","arborescent",0.07362553,0.334357689062401,0.221072363858347,0.390145948260688,0.208139067004975,0.773582904054286,0.0927504921112178,0.198733291616439,1854.1152
"960","Schlumbergera_orssichiana",NA,NA,NA,NA,NA,NA,NA,NA,NA,NA,NA,NA,NA,NA,NA,NA,NA,NA,NA,NA,NA,NA,NA,NA,NA,NA,NA,NA,NA,NA,NA,NA,NA,"#N/A","#N/A",NA,NA,"Epiphytic","arborescent",0.07362553,0.336013063559201,0.323869791175232,0.599628512845441,0.319890325994578,0.980459241156876,0.197375990730724,0.49956085301537,NA
"961","Schlumbergera_rosea",NA,NA,NA,NA,NA,NA,NA,NA,NA,NA,NA,NA,NA,NA,NA,NA,NA,NA,NA,NA,NA,NA,NA,NA,NA,NA,NA,NA,NA,NA,NA,NA,NA,"#N/A","#N/A",NA,NA,"columnar","arborescent",0.073592896,0.33434748157774,0.214181480170315,0.383474626559091,0.20512948625052,0.772548075273843,0.0642624791603288,0.155501413110322,NA
"962","Schlumbergera_russelliana",NA,NA,NA,NA,NA,NA,NA,NA,NA,NA,NA,NA,NA,NA,NA,NA,NA,NA,NA,NA,NA,NA,NA,NA,NA,NA,NA,NA,NA,NA,NA,NA,NA,"#N/A","#N/A","bird","derived","Epiphytic","arborescent",0.07362553,0.335041344430364,0.223349992795656,0.394486215269696,0.208321863344011,0.773341554147535,0.0830073812746742,0.215926266765832,NA
"963","Schlumbergera_truncata",14,57,6,1.28822267055511,23.7500000000001,26.55,21.05,1654.3,268.35,50.5,55,700.65,158.25,625.25,158.25,7.5,0.523000001907349,220.9,30.55,16.45,14.3,25.55,21.05,1958.85,117.93,40,5.35223984718323,0.000428321000072174,47.5,3.30291879177094,2.1521270275116,0.000435982394265011,30,"11","9=0.20_11=0.40_12=0.40","bird","derived","Epiphytic","arborescent",0.07362553,0.336013063559201,0.32386979323828,0.599628513466645,0.319890330417781,0.980459703029667,0.197375990730724,0.49956085301537,4314.504082
"964","Sclerocactus_brevihamatus",15,41,6,0.352271199226379,20.35,28.55,11.2500000000001,517.65,70.75,14.5,42.1,194.15,56.9,178.25,57.25,11.8,0.413499999046326,665.65,34.35,5.55000000000001,28.6,27.2500000000001,11.7500000000001,846,131.665,600,1.21672815084457,0.000106431158201303,17.75,1.54527199268341,0.552932024002075,0.000122044264571741,10,"#N/A","#N/A",NA,NA,"globose_solitary","compact",0.040935607,0.341766837611678,0.207916106537503,0.380378107526035,0.202934448673894,0.772294191758298,0.0426736662808279,0.159911474953264,67578.62212
"965","Sclerocactus_glaucus",16,43,7,0.258427187800407,10.35,22.85,-1.94999999999999,305.05,37.45,16,24.5,104.45,56.35,74,56.35,14.3,0.344000005722046,951.85,31.9,-9.29999999999995,41.5,16.95,-1.59999999999997,532.05,96.41,1596.5,3.62661337852478,0.000352001399733126,45,3.73090291023254,1.81377410888672,0.000303352877381258,12,"#N/A","#N/A",NA,NA,"globose_solitary","compact",0.042221106,0.349817989672184,0.255669400892187,0.552106715385661,0.245766884758343,0.928908656184532,0.11751354388568,0.406777752802857,1545.597268
"966","Sclerocactus_intertextus",13,44,6,0.231582678854465,17.45,26.05,8.25000000000006,335.65,74.3,7.3,77.25,187.45,27.6,155.85,40.9,13.7,0.428000020980835,688.2,33.2500000000001,1.25000000000006,31.7,24.7500000000001,15.2500000000001,579.95,127.495,1433.75,0.927024781703949,6.88619838911109e-05,14,1.20176547765732,0.419150203466415,7.18691335350741e-05,15,"#N/A","#N/A",NA,NA,"globose_solitary","compact",0.042221106,0.351390628250674,0.216192674175442,0.48787390025718,0.205324700288883,0.823198411021628,0.0893131987142114,0.44089136311539,224842.0765
"967","Sclerocactus_parviflorus",16,55,9,0.234658822417259,11.4,22.95,-0.0499999999999545,274.75,41.15,10.2,36.8,106.3,41.6,82.4,55.15,12.9,0.349000000953674,894.1,30.7500000000001,-6.14999999999998,36.8,19.55,15.55,483.75,106.36,1851.75,2.34977066516876,0.000205421740247402,30.75,2.48927235603333,1.07249003648758,0.00019620152306743,27,"11","11",NA,NA,"globose_solitary/globose_caespitose","compact",0.042221106,0.349817989672184,0.255669389419001,0.552106715978254,0.245766901185196,0.928908656647328,0.11751354388568,0.406777752802857,190494.5977
"968","Sclerocactus_polyancistrus",16,66,9,0.105510853230953,17.15,27.55,7.05000000000001,138.2,22.8,2.75,57.2,59.4,15.9,21.6,57.45,12.6,0.345000004768372,858.55,35.35,0.850000000000023,35.85,8.80000000000004,22.95,253.95,121.89,1102,1.90666168928146,0.000145746380439959,37.5,3.28100860118866,1.02952766418457,0.000133221561554819,40,"#N/A","#N/A",NA,NA,"globose_solitary","compact",0.042221106,0.351390628250674,0.21032005813605,0.487873899845594,0.203279337194935,0.823198419823072,0.0640137956102381,0.44089136311539,54561.93528
"969","Sclerocactus_spinosior",16,43,7,0.343975320458412,7.25000000000006,19.55,-3.94999999999999,369.8,44.6,17.4,24.7,117.2,64.1,75.95,89.45,13.1,0.342000007629395,923.5,27.95,-10.2499999999999,38.4,8.65000000000003,15.85,632.05,92.76,2069.25,3.38279807567596,0.000312587697408162,58,4.90249562263489,1.73282027244568,0.000343299296218902,15,"#N/A","#N/A",NA,NA,"globose_solitary","compact",0.041490485,0.347125216883152,0.216406638411293,0.421358264523704,0.205950296465731,0.783191815363628,0.073958000241661,0.287388510096486,24428.93289
"970","Sclerocactus_unguispinus",13,36,4,0.274765491485596,17.95,22.3,12.55,408.75,83.25,4.8,90.65,228.05,21.05,164.9,34.35,13.6,0.555999994277954,408.25,29.2500000000001,4.95000000000005,25.1,21.05,16.35,690.55,130.335,1852.5,1.30952048301697,0.000104656464827713,20.5,1.83144593238831,0.670016884803772,0.000110919481812743,14,"#N/A","#N/A",NA,NA,"globose_solitary","compact",0.042221106,0.351390628250674,0.216192672458684,0.419131312798222,0.205324701961634,0.777281862155527,0.0893131987142114,0.310527966385953,207370.0199
"971","Sclerocactus_whipplei",16,56,9,0.215605169534683,12.05,23.55,0.650000000000034,268.35,42.1,7.3,43,107.15,33.9,83.7,58.8,13.3,0.354999995231628,875.1,31.35,-5.14999999999998,36.2,21.95,16.85,473.4,109.605,1791,1.19725662469864,0.000101304729469121,17.5,1.54004472494125,0.55824738740921,0.000112083293061005,14,"#N/A","#N/A",NA,NA,"globose_solitary","compact",0.041490485,0.347125216883152,0.216406634989542,0.42135826426199,0.205950295470159,0.783191479893945,0.073958000241661,0.287388510096486,24265.53177
"972","Selenicereus_anthonyanus",14,41,4,1.69261288642883,24.35,26.65,21.45,2298.85,425,37.35,68.45,1125.5,150.15,463.2,259.25,7.7,0.521499991416931,197.2,31.65,17.45,14.4,25.2500000000001,24.45,2251.3,129.635,253.5,3.66888892650604,0.000312000018311664,54.75,4.13604807853699,1.87819254398346,0.000325552886351943,100,"11","11","moth","derived","shrubby","arborescent",0.289275632,0.987577604032876,0.44755356611821,2.46820734002405,0.382437236739528,1.37237452773257,0.402650598243384,1.34478639278591,37083.31446
"973","Selenicereus_atropilosus",12,37,1,0.847904026508331,21.45,23.2500000000001,19.35,1141,268.1,3.6,103,718.2,24.9,188.1,67.9,11.9,0.625,150.4,31.2500000000001,12.55,19,22.15,21.2500000000001,1554.6,127.42,1000,4.41411066055298,0.000235356535995379,100.5,9.75959014892578,2.19880890846252,0.000264640111709014,300,"#N/A","#N/A",NA,NA,"Epiphytic","arborescent",0.203654255,0.806633431676523,0.248211191687148,0.401909369660711,0.227410207497833,0.785602665173645,0.132375753343314,0.335290720763626,NA
"974","Selenicereus_chontalensis",NA,NA,NA,NA,NA,NA,NA,NA,NA,NA,NA,NA,NA,NA,NA,NA,NA,NA,NA,NA,NA,NA,NA,NA,NA,NA,NA,NA,NA,NA,NA,NA,100,"#N/A","#N/A",NA,NA,"shrubby","arborescent",0.213711464,0.852507657949884,0.297886376094601,0.977205739713324,0.291863402692017,1.11107068271758,0.241377404933447,0.980356133698036,NA
"975","Selenicereus_dorschianus",NA,NA,NA,NA,NA,NA,NA,NA,NA,NA,NA,NA,NA,NA,NA,NA,NA,NA,NA,NA,NA,NA,NA,NA,NA,NA,NA,NA,NA,NA,NA,NA,NA,"#N/A","#N/A",NA,NA,"shrubby","arborescent",0.203654255,0.853631748509219,0.248211191507234,1.64653869862743,0.227410206729941,1.29403710876615,0.132375753343314,1.259799698593,NA
"976","Selenicereus_grandiflorus",14,40,4,1.07185137271881,25.15,27.35,22.65,1446.15,258.05,34.2,61.8,663.6,122.25,450.95,142.55,8.3,0.601000022888184,172.5,31.85,18.65,14.15,26.65,23.85,1803.85,136.23,112.25,1.33317053318024,0.000110001197754173,15,1.19473963975906,0.548361957073212,0.000104544600617373,500,"11","11",NA,NA,"Epiphytic","arborescent",0.213711464,0.852507657949884,0.297886377144593,0.977205748993782,0.291863401987058,1.11107084656429,0.241377404933447,0.980356133698036,795546.8907
"977","Selenicereus_hamatus",14,40,4,1.64415669441223,18.65,20.7500000000001,15.65,1970.2,349.35,50.9,72.65,988.2,170.05,726.65,179.75,8.4,0.581500005722046,207.55,25.05,10.8,14.3,20.35,16.35,2068.2,115.785,1270.25,6.84510540962219,0.00051787419943139,136,11.1897487640381,3.75481081008911,0.000610703660640866,400,"#N/A","#N/A",NA,NA,"Epiphytic","arborescent",0.211961011,0.852377837494317,0.261804913418264,0.699617915865926,0.246141414672783,0.944768829673842,0.183286644932042,0.81789792300224,7047.962885
"978","Selenicereus_inermis",14,40,4,1.0693467259407,25.15,26.2,24.15,1509.15,241.6,23.5,53.75,641.25,108.75,333.8,301.6,7.5,0.702500009536743,70.65,30.95,20.2,10.6,25.2,24.7500000000001,1823.95,135.66,306.25,3.19391822814941,0.000225363357458264,54,4.32361388206482,1.54572647809982,0.000278162653557956,NA,"#N/A","#N/A",NA,NA,"Epiphytic","arborescent",0.225571185,0.875798063230826,0.242264458720833,0.451410668285229,0.229131373104802,0.828470162033076,0.19009312297707,0.599392394906417,151653.9845
"979","Selenicereus_pteranthus",14,38,4,1.08808946609497,25.05,27.45,22.35,1352.1,227.5,34.4,61,572.7,120.1,482.65,126.95,7.8,0.530999994277954,204.05,31.3,18.7500000000001,13.8,26.95,22.55,1735.25,139.88,66,0.927024781703949,6.46871849312447e-05,9,0.675594478845596,0.314313769340515,6.05492859904189e-05,300,"11","11",NA,NA,"Epiphytic","arborescent",0.211961011,0.852377837494317,0.261804912154746,0.535376805232567,0.246141415600347,0.869530037131244,0.183286644932042,0.653120119605286,223439.7512
"980","Selenicereus_spinulosus",14,39.5,4,0.893237113952637,22.2500000000001,25.2500000000001,17.85,1235.6,251.55,19.2,72.85,644.8,72.9,418.85,78.9,8.9,0.525,274.9,30.55,13.15,17,24.35,18.85,1633.4,122.94,568.25,3.26049816608429,0.000255800638115034,40.75,3.33576226234436,1.68692547082901,0.000252245357842185,500,"11","11",NA,NA,"Epiphytic","arborescent",0.210125878,0.853631748509219,0.28514924629637,1.08938024833239,0.272273642777649,1.10225003768256,0.179631800873216,0.884314851084815,179209.2372
"981","Selenicereus_testudo",NA,NA,NA,NA,NA,NA,NA,NA,NA,NA,NA,NA,NA,NA,NA,NA,NA,NA,NA,NA,NA,NA,NA,NA,NA,NA,NA,NA,NA,NA,NA,NA,NA,"12","12",NA,NA,"Epiphytic","arborescent",0.073399839,0.435543641106718,0.207946313499669,0.379145887182062,0.202937238904499,0.772281712849456,0.044432322328624,0.151952600057668,NA
"982","Selenicereus_vagans",12,38,4,0.817385375499725,23.55,25.65,19.85,1211.3,285.55,3.7,106.8,775.95,19.6,379.85,54.95,11.2,0.619999980926514,165.35,31.45,14.05,17.7,24.55,23.2500000000001,1608.25,130.805,607.25,4.99646759033203,0.00039305051905103,91.75,7.75261497497559,2.76501655578613,0.000506931421114132,NA,"#N/A","#N/A",NA,NA,"Epiphytic","arborescent",0.210125878,0.853631748509219,0.285149256568874,1.64653870808564,0.272273641878501,1.29403676276267,0.179631800873216,1.259799698593,260179.1876
"983","Selenicereus_validus",12,38,4,0.696770161390305,23.55,25.15,21.7500000000001,1116.9,257.25,2,104.7,731.4,18.5,221.55,57.1,12,0.63899998664856,147.05,33.15,15.05,18.85,24.05,23.2500000000001,1532.15,128.985,762,5.18467497825623,0.000393109585274942,103.5,8.49369668960571,2.72972226142883,0.00048334410530515,70,"#N/A","#N/A",NA,NA,"Epiphytic","arborescent",0.213567672,0.852507657949884,0.234018143713695,0.485536188859063,0.220445320547552,0.844339320041446,0.158045236213872,0.692124405104733,11554.72932
"984","Stenocactus_coptonogonus",13,36,4,0.307079955935478,16.55,19.7500000000001,12.55,439.7,88.05,6.2,78.65,236.3,31.15,152.8,39.3,13,0.601000022888184,292.5,27.05,5.25000000000006,21.75,18.65,15.3,735.85,126.57,2139.5,0.856956839561462,5.40256460226374e-05,16,1.42639476060867,0.462686598300934,5.87999020353891e-05,10,"#N/A","#N/A",NA,NA,"globose_caespitose","compact",0.038738292,0.301061259956585,0.207904118532718,0.498017039807196,0.202935117492957,0.831116554464932,0.0478032800582804,0.453206204883826,40009.88082
"985","Stenocactus_crispatus",13,39,4,0.478326976299286,17.35,20.1,13.85,671.1,138.1,8.7,80.7,365,36.65,220.75,38.3,12.1,0.611999988555908,236.85,26.95,7.05000000000001,19.4,19.05,14.45,1047.5,120.07,1948,3.72465395927429,0.000258551066508517,53,4.44134998321533,1.92832213640213,0.000294849189231172,20,"11","11",NA,NA,"globose_solitary","compact",0.157487637,0.455387157773115,0.290854588931484,1.01314528996387,0.27122543617217,1.11520454175781,0.211666225808174,0.750035301942606,159921.1575
"986","Stenocactus_multicostatus",13,33,4,0.293635070323944,16.7500000000001,20.65,12.15,435,92.1,3.2,93.6,265.1,17.8,169.8,34,13.9,0.582000017166138,343.2,27.7500000000001,3.95000000000005,23.8,19.15,15.7500000000001,729,131.76,2077.5,1.33317053318024,0.000183938755071722,29.5,2.40569877624512,0.753994584083557,0.00018383348651696,6,"#N/A","#N/A",NA,NA,"globose_solitary","compact",0.157487637,0.463115117443124,1.26975348292666,3.57674417391366,NA,NA,0.20428628048665,1.5018509442436,NA
"987","Stenocactus_obvallatus",13,38,4,0.355212152004242,17.15,19.95,14.05,499.8,105.9,6.8,84.6,278.5,31.5,139.7,31.5,12.6,0.617999982833862,240.7,27.15,6.75000000000006,20.1,18.65,14.05,821.3,122.58,2033.5,2.17944955825806,0.000129956300952472,33.5,2.85114479064941,1.52985811233521,0.000199642090592533,10,"#N/A","#N/A",NA,NA,"globose_solitary","compact",0.044857065,0.310492915655962,0.209587862923328,0.406614587022777,0.203170515566819,0.775570082160003,0.0625049002114087,0.297311621287171,NA
"988","Stenocactus_ochoterenanus",NA,NA,NA,NA,NA,NA,NA,NA,NA,NA,NA,NA,NA,NA,NA,NA,NA,NA,NA,NA,NA,NA,NA,NA,NA,NA,NA,NA,NA,NA,NA,NA,8,"#N/A","#N/A",NA,NA,"globose_solitary","compact",0.157487637,0.463115117443124,0.274777230278718,1.09972034060063,0.25479624833593,1.04371582055849,0.152643031391208,0.759283525842584,NA
"989","Stenocactus_phyllacanthus",12,39,4,0.374074578285217,13.55,15.95,10.7500000000001,559.2,97.5,6.2,75.1,276.3,30.1,165.2,30.1,12.2,0.634000015258789,202.8,22.85,3.65000000000003,19.2,14.65,10.7500000000001,902.5,118.71,2576,4.98121452331543,0.000528016360476613,116,9.95963287353516,2.83565354347229,0.000641253660432994,15,"#N/A","#N/A",NA,NA,"globose_solitary","compact",0.157487637,0.463115117443124,1.26975346994031,3.57674417589585,NA,NA,0.20428628048665,1.5018509442436,NA
"990","Stenocactus_vaupelianus",13,37,4,0.392545849084854,17.95,20.55,14.65,552.8,102.5,7.4,79.1,289.2,33,154.8,33,11.7,0.605999994277954,232.6,27.35,8.05000000000001,19.3,19.35,14.65,893.9,115.91,1774,1.59956049919128,5.8733370678965e-05,28,2.58819007873535,0.547290444374084,8.27750482130796e-05,NA,"#N/A","#N/A",NA,NA,"globose_solitary","compact",0.157487637,0.455387157773115,0.290854586167178,1.01314529313461,0.271225429423966,1.11520413970999,0.211666225808174,0.750035301942606,NA
"991","Stenocereus_alamosensis",12,39,4,0.277588486671448,24.45,29.9,17.95,464.2,130.1,1.3,113,336.75,9.2,271.45,62.7,13.4,0.498999977111816,481.25,36.5500000000001,11.2500000000001,25.8,29.45,23.85,771.05,134.455,98.75,0.69597053527832,4.56590587418759e-05,7,0.617883682250977,0.199100948870182,4.73084455734352e-05,400,"11","11","bird","derived","shrubby/columnar","arborescent",0.138044458,0.496248700047816,0.308261444053134,0.832466365729935,0.296372070622165,1.2056629222071,0.231870358348418,0.889717148209243,71592.98184
"992","Stenocereus_beneckei",12,39,4,0.490456357598305,24.85,27.1,22.65,867.75,186.7,3.3,106.2,536.9,16.7,189.2,21.4,12.4,0.628000020980835,174.2,34.65,14.7500000000001,19.6,25.35,23.15,1278.4,143.04,1110.5,5.21471905708313,0.000457540721981786,101.25,8.4956750869751,3.15329909324646,0.000554084894247353,200,"#N/A","#N/A",NA,NA,"columnar","arborescent",0.138636604,0.502176538037044,0.274608616166991,0.685201427143824,0.252940151072496,0.955783701376132,0.215015104810985,0.665670148401249,9750.073701
"993","Stenocereus_chacalapensis",12.5,47,5,0.824293613433838,24.55,25.5,23.55,1104.2,233.3,3.4,97.35,627.15,16.8,335.3,19.45,8.55,0.676999998092651,77.7,30.7,18.3,12.4,24.9,23.55,1519.5,142.03,562.5,2.75177907943726,0.000292701399303041,79,6.82339918613434,1.39056694507599,0.000430471911386121,1500,"#N/A","#N/A",NA,NA,"arborescent","arborescent",0.138044458,0.495591837649362,0.262047449496455,0.541201947465946,0.240669987756212,0.867531345442965,0.191057572448862,0.678451960621835,NA
"994","Stenocereus_chrysocarpus",12,40,4,0.649174153804779,25.05,27.15,22.85,842.2,232.8,1.3,107,568.8,16.4,273,45.7,11.1,0.623000001907349,170.5,30.7500000000001,17.55,17.8,26.95,23.65,1250,135.54,414,3.56852555274963,0.000259439315414056,36,2.73468446731567,1.47497057914734,0.000347879773471504,900,"#N/A","#N/A",NA,NA,"arborescent","arborescent",0.138044458,0.495323369719115,0.243760325521968,0.468758315688531,0.223834177132085,0.817986684370041,0.150135535667203,0.549663908047909,NA
"995","Stenocereus_dumortieri",12,38,4,0.502829641103745,17.7500000000001,20.45,14.6,767.7,180.25,5.6,97.4,474.15,27,209.5,35.4,12.7,0.623000001907349,216.65,27.85,7.35000000000002,20.1,19.2,16.45,1164.55,124.47,1961,3.57672536373138,0.000286274298559874,59.5,5.0647246837616,1.93719911575317,0.000306855246890336,1500,"#N/A","#N/A",NA,NA,"arborescent","arborescent",0.137355145,0.486725356496025,0.208550653537369,0.383137665941469,0.202981433089011,0.772357502995133,0.0532917141069144,0.196518718099036,199137.5651
"996","Stenocereus_eruca",12,36,1,0.109326377511024,21.35,25.95,18.05,136.95,29.3,0.4,83.9,69.3,1.6,63.3,32.2,8,0.481500005722046,322.4,30.45,13.95,16.4,25.85,19.7500000000001,251.75,130.385,15.5,0.661437809467316,5.10236914124107e-05,6,0.4350276440382,0.224442377686501,4.64362838101806e-05,300,"#N/A","#N/A","bee, moth","derived","columnar","arborescent",0.137657167,0.489443852743285,0.212089250274157,0.390893139865872,0.203648180403525,0.773260432444363,0.067167073913568,0.245360665353378,3598.824345
"997","Stenocereus_fricii",12,39,4,0.701407968997955,24.7,26.3,22.85,1020.1,249.05,1.4,108.2,675.55,14.2,359.15,47.6,10.85,0.644999980926514,126.2,31.55,17.05,16.7,25.7500000000001,24.15,1438.3,133.325,461.25,5.26597237586975,0.000428328712587245,95,8.0662693977356,2.94672572612762,0.000549965858226642,700,"#N/A","#N/A",NA,NA,"arborescent","arborescent",0.138044458,0.495591837649362,0.247598975395596,0.486726380278035,0.225809220065689,0.825951692721988,0.156938276306115,0.556243003828038,31847.61352
"998","Stenocereus_griseus",14,40,4,0.618745863437653,23.6,26.3,18.45,891.6,165,17.65,65.95,420.4,68.7,264.7,84.95,9.5,0.617999982833862,195.6,30.85,13.85,16.2,25.55,19.45,1301.85,132.495,458.5,2.71820998191833,0.000196954184502829,35,2.87704682350159,1.27379846572876,0.000203334777324926,900,"11","11","bee, bat","derived","arborescent","arborescent",0.077825805,NA,0.226701776347989,NA,0.213009771654868,NA,0.101618238303552,NA,298395.7146
"999","Stenocereus_gummosus",12,40,3,0.105344194918871,21.45,27.35,15.95,140.85,33,0.4,86.9,75.1,2.3,61.5,44.25,11.3,0.499499988555908,403,33.65,11.55,22.35,25.95,21.95,258.6,133.97,222.25,2.80164003372192,0.00019770665676333,31,2.56771230697632,1.25130152702332,0.000190910679521039,150,"11","11","bat","derived","shrubby","arborescent",0.138044458,0.495179983632091,0.22502213949593,0.416213060416953,0.20953932099288,0.783399039016642,0.121158693384774,0.42115092710066,105322.7814
"1000","Stenocereus_kerberi",12,38,4,0.793263137340546,24.15,26.45,21.15,1200.75,305.6,2.1,113,846.3,15.1,552.8,60,11.1,0.607000017166138,194,31.65,15.05,18.1,26.05,23.7500000000001,1608.85,129.185,375.5,4.27747845649719,0.000335515549522825,67.75,5.5911602973938,2.24672973155975,0.000399667434976436,300,"#N/A","#N/A",NA,NA,"columnar","arborescent",0.138044458,0.496248700047816,0.308261444998634,0.832466367333651,0.296372065596376,1.20566282819366,0.231870358348418,0.889717148209243,55011.79283
"1001","Stenocereus_martinezii",12,37,2.5,0.475836023688316,24.65,28.55,19.95,806.95,223.75,1.6,117.25,594.75,10.55,353.25,61.8,12.75,0.558000016212463,339.9,35.3000000000001,12.4,22.9,27.95,24.7,1207.55,127.81,107.75,1.18745249509811,0.000132185057736933,14.75,1.10239690542221,0.48352986574173,0.000113777046863106,500,"#N/A","#N/A",NA,NA,"columnar/arborescent","arborescent",0.138044458,0.495323369719115,0.243760325074532,0.468758317254423,0.223834180023845,0.817986882738006,0.150135535667203,0.549663908047909,NA
"1002","Stenocereus_montanus",12,36,4,0.674292027950287,21.15,24.15,16.85,1036.2,272.4,4.9,108.7,688.15,24.6,493.9,85.45,13.3,0.584000015258789,291.7,31.95,9.35000000000002,22.75,23.45,21.3,1447.9,124.025,950.75,6.27339267730713,0.000523082417203113,116,9.58341693878174,3.43791878223419,0.000650791480438784,700,"#N/A","#N/A",NA,NA,"arborescent","arborescent",0.138066625,0.495323369719115,0.22726096167798,0.416739075216125,0.211004685120869,0.784427597452519,0.136252726284159,0.473500307797429,110566.498
"1003","Stenocereus_pruinosus",13,41,4,1.05049520730972,19.95,21.95,17.7500000000001,1383.05,267.55,13.75,88.3,722.95,48.4,382.3,54.55,9.4,0.601500010490418,179.6,28.55,11.35,15.9,21.05,18.05,1643.8,125.42,1319.5,4.89314866065979,0.000357714729034342,86,6.87095260620117,2.54579532146454,0.000480628063087352,500,"11","11","bat","derived","arborescent","arborescent",0.138044458,0.495591837649362,0.262047449326866,0.541201949098963,0.240669990857749,0.867531155998866,0.191057572448862,0.678451960621835,88177.6686
"1004","Stenocereus_queretaroensis",12,37,4,0.560271471738815,19.2500000000001,22.15,16.2500000000001,877.55,216.45,4.6,106.6,576.95,23.6,204.85,43.25,12.7,0.619000005722046,210.65,29.95,8.55000000000001,20.6,20.85,19.2500000000001,1289.2,128.765,1692.25,4.03471565246582,0.000302765489323065,65.25,5.51066970825195,2.17544710636139,0.000316850215313025,600,"#N/A","#N/A","bee, bird, bat","derived","arborescent","arborescent",0.138636604,0.502242323552278,0.274608616250705,0.693339039077782,0.252940147785139,0.960981102251611,0.215015104810985,0.838971035990475,132727.5769
"1005","Stenocereus_standleyi",12,38,4,0.881804794073105,24.2,25.8,22.55,1279.35,293.4,2.7,107.6,801.3,17.2,332.75,44.9,10.5,0.648499989509583,117.35,31.15,16.35,16.2,24.85,23.85,1674.45,134.385,576.25,5.25892019271851,0.000432027023634873,116.75,9.70979785919189,3.03851580619812,0.000582331529585645,400,"#N/A","#N/A",NA,NA,"arborescent","arborescent",0.138044458,0.496248700047816,0.248665144928045,0.48826699935802,0.225728659760737,0.824546244472783,0.157519891105203,0.558244613561026,87339.16463
"1006","Stenocereus_stellatus",12,40,4,0.469195663928986,21.05,23.05,18.45,751.45,160.4,5.1,93,429.3,20.8,237.6,22.5,12.6,0.638000011444092,178.4,30.15,11.15,19.2,22.05,18.95,1145.4,133.05,1491.25,4.77542209625244,0.000436190559412353,92,7.49911665916443,2.70410883426666,0.000537094834726304,400,"#N/A","#N/A","bee, bat","derived","shrubby/arborescent","arborescent",0.138073615,0.495161231256702,0.224314173070229,0.409338046233032,0.209310178498231,0.780923468136071,0.128241633137699,0.412002594517703,34571.93799
"1007","Stenocereus_thurberi",12,42,4,0.232708543539047,23.05,29.85,15.45,362,94.65,1.3,100.3,229.45,10.05,193.7,63.15,13.6,0.469999980926514,585.7,36.9,8.85000000000002,28.9,28.95,24.15,620.4,134.725,314.5,0.934369206428528,7.61588489694986e-05,13.25,1.13361322879791,0.411287575960159,7.9503526649205e-05,800,"11","11","bee, bird, bat, moth","derived","shrubby/arborescent","arborescent",0.138636604,0.502242323552278,0.302317972415325,0.937745295426691,0.284572571680722,1.12114207239542,0.237039394282386,1.10253992814565,217746.5483
"1008","Stenocereus_treleasei",13,41,4,0.672989010810852,18.45,20.15,16.45,957.25,195.25,4.6,90.1,521.1,22.35,320.25,25.2,11.9,0.640999984741211,149.75,27.2500000000001,9.45000000000005,18,19.05,16.7500000000001,1365.6,122.61,1719.25,6.04410815238953,0.000495473650516942,151.25,13.2088813781738,3.5261744260788,0.000724336539860815,400,"#N/A","#N/A",NA,NA,"shrubby/columnar/arborescent","arborescent",0.138636604,0.502242323552278,0.339147315242375,0.937745290688065,0.325658902959013,1.12114211249417,0.319064246004744,1.10253992814565,22708.35012
"1009","Stephanocereus_leucostele",14,58,6,0.454551458358765,23.95,25.35,21.85,700,124.8,4.5,83.95,322.3,17.15,253.8,18.7,9.5,0.680999994277954,138.5,30.55,16.85,13.8,25.05,22.15,1083.3,142.25,581.25,1.55055075883865,0.000126864404592197,25.5,2.1461683511734,0.860856473445892,0.000135060654429253,500,"#N/A","#N/A",NA,NA,"columnar","arborescent",0.180963478,0.383453427395277,0.208239628900732,0.382261655533854,0.202956147172474,0.772425866298443,0.0480916743906999,0.149497407015115,218252.8932
"1010","Stetsonia_coryne",16,48,7,0.550245553255081,22.65,27.2500000000001,17.2,831.45,149.25,6.6,76.4,410.4,26.75,386.1,44.1,10,0.484000015258789,394.2,32.7500000000001,11.85,20.4,27.05,17.45,1237.95,129.125,214,0.330718904733658,2.37603699133615e-05,3,0.180392995476723,0.0808399021625519,2.24037103180308e-05,800,"#N/A","#N/A","moth, bat","derived","arborescent","arborescent",0.083336753,0.340243615223636,0.207808968022174,0.378488684473265,0.202929794884463,0.772284437553937,0.039568526797154,0.11278343624327,602359.3143
"1011","Strombocactus_disciformis",13,38,4,0.39404833316803,17.45,20.2500000000001,14.15,545.35,106.85,7.05,79.4,287.75,32.4,154.9,32.9,11.4,0.596000003814697,241.5,27.05,7.50000000000003,19.4,18.85,14.15,883.85,119.29,1894,6.69172286987305,0.000591142830671743,139.5,11.8754205703735,3.96143960952759,0.000767317833378911,12,"11","11","bee","ancestral","geophytic","compact",0.038694886,0.557711059098471,0.208174504105017,0.385799974404137,0.202936338699162,0.772420598781517,0.0534693157703076,0.254708190435056,6839.723444
"1012","Strophocactus_wittii",16,59,9,2.57274866104126,25.2500000000001,25.65,24.55,3458.6,442.5,186.4,27.4,1234.75,602.45,628.75,1107.3,6.6,0.806999969482422,44.25,29.7500000000001,21.65,8.2,24.7500000000001,25.55,2532.6,112.92,115,0.96824586391449,8.6347197793657e-05,10.5,0.683702379465103,0.34188087284565,8.10174315120094e-05,NA,"#N/A","#N/A",NA,NA,"Epiphytic","arborescent",0.073399839,0.359622020959153,0.207963766847932,0.392995884148984,0.202938527703539,0.773339614196877,0.0447023651800536,0.243539469471379,77270.89822
"1013","Tacinga_funalis",14,60,6,0.413030833005905,25.15,26.55,23.15,655.75,125.9,2,87.95,320.1,10,216.65,15.6,9.4,0.676999998092651,128.15,31.7500000000001,17.95,13.9,25.85,23.7500000000001,1028.25,152.35,492.5,1.10661190748215,9.66503357631154e-05,17,1.45784890651703,0.598737388849258,9.12239811441395e-05,NA,"11","11",NA,NA,"shrubby","arborescent",0.161875098,0.350104549608148,0.391129658957001,0.737567317946226,0.385906221278949,1.10491043769306,0.356012879674398,0.770257470015428,256974.2537
"1014","Tacinga_inamoena",14,58,6,0.491868525743484,24.7500000000001,26.2500000000001,22.65,760.35,139.65,7.35,76.55,364.05,29.3,235.85,53.55,9.3,0.667999982833862,143.05,31.15,17.95,13.8,25.05,23.85,1155.9,144.795,479,1.27475488185883,0.00011202206951566,21,1.73614287376404,0.721094071865082,0.000120478096505394,50,"22","22=0.67_33=0.33",NA,NA,"shrubby","arborescent",0.161875098,0.350104549608148,0.391129663313657,0.737567318971199,0.385906297763652,1.10490983144799,0.356012879674398,0.770257470015428,659773.0781
"1015","Tacinga_palmadora",14,63,9,0.39876851439476,26.55,27.7500000000001,25.55,666.9,186.8,1.3,112.85,451.9,5.2,26,289.5,9.2,0.751999998092651,90.75,33.65,21.4,12.3,25.85,27.55,1042.2,155.31,345,1.98766309022903,0.000170720893947873,24.75,2.06407833099365,0.937529146671295,0.000161623785970733,500,"22","22","bee, bird","derived","shrubby","arborescent",0.161875098,0.339859705769488,0.267495688455779,0.451806962858597,0.242900183027519,0.787917997673915,0.144441197135366,0.327452959940104,1422.125024
"1016","Tacinga_saxatilis",14,54,6,0.745061308145523,23.95,25.15,22.2500000000001,1156.65,249.4,1.6,91,642.3,11.4,313.4,18.1,9.6,0.648000001907349,120.05,30.95,16.15,14.8,24.35,22.35,1569.05,145.935,690.25,0.84548431634903,6.96377283020411e-05,15,1.37005937099457,0.465107381343842,6.77664138493128e-05,NA,"#N/A","#N/A",NA,NA,"shrubby","arborescent",0.161875098,0.350104549608148,0.35143706932859,0.626358359103453,0.344888903671463,0.95942969200798,0.229920191210093,0.509079593133765,187921.2559
"1017","Tephrocactus_alexanderi",17,64,9,0.185165882110596,16.45,21.8,9.90000000000003,237.05,53.8,2.6,88.65,138.1,11.25,137.8,11.25,12.2,0.478000020980835,489.1,27.35,3.05000000000001,24.6,21.7500000000001,9.90000000000003,421.7,113.935,1280.5,1.05973863601685,7.92410246504005e-05,23.25,2.03028011322021,0.479841828346252,8.35403952805791e-05,NA,"11","11","bee","ancestral","shrubby","arborescent",0.160449313,0.333220695296119,0.225193756855681,0.387175514044566,0.209904164081241,0.772739902486864,0.0974677304460656,0.189116873408506,85719.58165
"1018","Tephrocactus_aoracanthus",17,63.5,9,0.170434214174747,16.35,22.45,9.25000000000006,216.2,43.95,3.2,81.35,113.9,13.5,113.4,13.5,11.7,0.465000009536743,523.15,28,3.05000000000001,25.1,22.2500000000001,9.45000000000005,387.7,112.1,1150.75,1.31695675849915,8.08283366495743e-05,25,2.1876904964447,0.536817371845245,8.58752719068434e-05,30,"#N/A","#N/A",NA,NA,"shrubby","arborescent",0.160449313,0.333220695296119,0.256473926031145,0.421074902872567,0.239185928193258,0.784904888461249,0.142705111536757,0.280083468746716,67668.85296
"1019","Tephrocactus_articulatus",16,60,9,0.30245167016983,17.95,24.65,10.85,393.85,82.15,3.2,85.2,212.5,14.4,210,14.4,11.3,0.448999977111816,520.45,30.45,4.55000000000001,24.85,24.15,10.85,659.3,120.165,761.75,0.55901700258255,3.66467356798239e-05,8.5,0.775902450084686,0.156625725328922,3.69255558325676e-05,30,"#N/A","#N/A","bee","ancestral","shrubby","arborescent",0.160449313,0.333220695296119,0.256473924640656,0.421074903074794,0.239186214015641,0.784904608463768,0.142705111536757,0.280083468746716,291304.9307
"1020","Tephrocactus_bonnieae",NA,NA,NA,NA,NA,NA,NA,NA,NA,NA,NA,NA,NA,NA,NA,NA,NA,NA,NA,NA,NA,NA,NA,NA,NA,NA,NA,NA,NA,NA,NA,NA,NA,"#N/A","#N/A",NA,NA,"geophytic","compact",0.160451843,0.332712114078417,0.266748112217829,0.436953690909761,0.256004900845658,0.803956043463209,0.133012677289802,0.256384586879318,NA
"1021","Tephrocactus_molinensis",17,60,9,0.310575440526009,15.2500000000001,18.7500000000001,11.05,402.65,104.7,2.2,105.95,268.65,8.25,243.5,8.25,12.5,0.58600001335144,329.75,24.4,3.45000000000005,21.2,18.7500000000001,11.05,681.5,124.315,1917.25,2.3831639289856,0.000143157041748054,41,3.65717172622681,0.998199462890625,0.000199541107576806,NA,"44","44",NA,NA,"shrubby","arborescent",0.160451843,0.332712114078417,0.215118593235807,0.380644369225669,0.204798261207219,0.772314800399624,0.0821717752455081,0.157381376716684,476.9761556
"1022","Tephrocactus_nigrispinus",17,58.5,9,0.552042871713638,9.15000000000003,11.95,5.05000000000001,679.2,194.35,0.7,115.45,476.75,4.45,376.15,5,15,0.65,279.95,19.35,-3.54999999999995,22.8,11.65,5.15000000000003,1051.1,113.64,3680.5,1.48885869979858,0.000106224426417612,22.5,1.91692072153091,0.684852689504623,0.000119187618111027,NA,"#N/A","#N/A",NA,NA,"shrubby","arborescent",0.160449313,0.332520524026864,0.216690727284259,0.384749349539474,0.20524986444589,0.772627056945563,0.0869877928345429,0.19682071614613,6969.217736
"1023","Tephrocactus_recurvatus",NA,NA,NA,NA,NA,NA,NA,NA,NA,NA,NA,NA,NA,NA,NA,NA,NA,NA,NA,NA,NA,NA,NA,NA,NA,NA,NA,NA,NA,NA,NA,NA,NA,"#N/A","#N/A",NA,NA,"shrubby","arborescent",0.160451843,0.332712114078417,0.266748131911229,0.436953691313368,0.256005004660587,0.803953365164764,0.133012677289802,0.256384586879318,NA
"1024","Tephrocactus_verschaffeltii",NA,NA,NA,NA,NA,NA,NA,NA,NA,NA,NA,NA,NA,NA,NA,NA,NA,NA,NA,NA,NA,NA,NA,NA,NA,NA,NA,NA,NA,NA,NA,NA,10,"#N/A","#N/A",NA,NA,"shrubby","arborescent",0.160449313,0.332520524026864,0.289675860625404,0.384749350275323,0.273581229946343,0.772627545866992,0.139481628814387,0.19682071614613,NA
"1025","Tephrocactus_weberi",16,61,9,0.277751341462135,14.35,18.85,9.15000000000003,309.65,84.5,2.2,100.55,205.5,9.4,192.65,9.4,11.4,0.50550000667572,408.65,23.9,2.75000000000006,21.6,18.85,9.15000000000003,539.3,108.34,1780,3.38626313209534,0.00026167297619395,55.5,4.57716131210327,1.62775528430939,0.000301420586765744,20,"#N/A","#N/A",NA,NA,"shrubby","arborescent",0.160449313,0.332520524026864,0.209446375815764,0.378814392718283,0.203124022243503,0.772281305757688,0.0722262125213116,0.147361652317486,76441.51161
"1026","Thelocactus_bicolor",14,38,4,0.295237243175507,19.7500000000001,25.55,12.85,439.45,85.3,8.6,68.55,221.9,36.4,178.25,41.15,12.8,0.494000005722046,495.3,32.05,5.75000000000006,25.7,24.65,15.7500000000001,735.45,130.07,1348.75,1.12411516904831,8.19760716694873e-05,18,1.58456164598465,0.530638128519058,8.43287489260547e-05,38,"11","11=0.83_22=0.17",NA,NA,"globose_solitary","compact",0.038700078,0.295193554572557,0.208380933297058,0.378483211214649,0.203136242315553,0.772281190178334,0.0681749251607524,0.109014538758348,521483.0083
"1027","Thelocactus_conothelos",14,38,4,0.461184039711952,18.35,21.7500000000001,13.7500000000001,631.95,114.8,12.4,68,299.55,51.8,256.4,53,11.3,0.571000003814697,323.3,28.15,7.95000000000005,19.8,21.05,14.65,997.95,119.1,1478.25,5.40163922309875,0.000397588650230318,86.75,7.28052186965942,2.9311136007309,0.000461175382952206,45,"#N/A","#N/A",NA,NA,"globose_solitary","compact",0.038700078,0.299996089883679,0.208835545251111,0.438452297022609,0.203345661477859,0.79007587409407,0.0803607351397166,0.408864470622121,25137.76004
"1028","Thelocactus_hastifer",13,40,4,0.366284087300301,17.7500000000001,20.55,14.55,529.85,102.25,6.4,82.15,280.05,31.1,152.95,31.1,12.45,0.614499998092651,234.05,27.7500000000001,7.35000000000005,20.35,19.05,14.55,862.75,124.485,1935.75,4.56695461273193,0.000340986909577623,67,5.41979742050171,2.19658148288727,0.000425987876951694,30,"#N/A","#N/A",NA,NA,"columnar","arborescent",0.039586684,0.29977081237693,0.242807838745486,0.510190256690931,0.231315162081275,0.874977914114345,0.0944022504483797,0.493531620856509,NA
"1029","Thelocactus_hexaedrophorus",13,36,4,0.270839586853981,17.55,21.1,12.95,397.75,71.75,7.1,68.6,196.05,36.3,158.7,40.25,13,0.590999984741211,325.75,28.05,5.65000000000003,21.8,20.05,16.1,674.2,125.25,1954.25,0.69597053527832,4.5428869270836e-05,15,1.37179839611053,0.327419623732567,4.60528117400827e-05,7.5,"#N/A","#N/A",NA,NA,"globose_solitary","compact",0.038700078,0.301061259956585,0.212013683399815,0.50383846640808,0.204102689859776,0.836056506248207,0.0654862361524065,0.569251084712446,82938.67338
"1030","Thelocactus_lausseri",15,36,4,0.172183066606522,22.7500000000001,28.85,15.2500000000001,272.2,46.35,6.8,62.6,126.3,27.2,114.65,30.15,12.1,0.469999980926514,537.5,34.2500000000001,8.55000000000001,25.7,27.7500000000001,17.35,479.6,142.76,713.75,0.433012694120407,2.21742857320351e-05,4,0.371191635727882,0.0872641876339912,2.28824665100547e-05,10,"#N/A","#N/A",NA,NA,"globose_solitary","compact",0.038700078,0.33634590607628,0.207771948532929,0.378624589248607,0.2029297645005,0.772280368552788,0.0406534597301901,0.139402569468348,55.44242019
"1031","Thelocactus_leucacanthus",13,39,4,0.374903440475464,17.05,19.65,13.95,522.5,104.7,5.8,79.1,276.65,29.6,153.1,30.2,12.2,0.614499998092651,232.95,26.7500000000001,6.85000000000002,19.7,18.55,14,852.7,118.26,2006,5.3058774471283,0.000398570904508233,93,7.56898069381714,2.8692170381546,0.000490955455461517,15,"#N/A","#N/A","bee","ancestral","globose_caespitose","compact",0.039586684,0.29977081237693,0.242807839081811,0.510190256067883,0.231315170763472,0.874978023363195,0.0944022504483797,0.493531620856509,13335.79405
"1032","Thelocactus_macdowellii",15,34.5,4,0.277002841234207,19.3,23.85,13.4,391.75,89.8,9.5,73.4,205.9,40.55,143.4,43.6,11.3,0.515999984741211,419.6,29.2500000000001,7.45000000000005,21.9,22.85,14.95,665.3,120.225,1290.25,6.38738059997559,0.000538556021638215,127,10.7972621917725,4.13369178771973,0.000637677265331149,9.5,"#N/A","#N/A",NA,NA,"globose_solitary/globose_caespitose","compact",0.038700078,0.299996089883679,0.208686473561764,0.438452297261723,0.203282470649456,0.790076228334874,0.0775456353140361,0.408864470622121,90.99145104
"1033","Thelocactus_rinconensis",14,37,4,0.343365222215652,18.55,23.05,13.05,474.25,94.25,10.6,68.55,236.55,47.35,189.2,52.75,11.9,0.534999990463257,421.85,28.85,6.75000000000006,22.2,22.2,14.7500000000001,785.35,122.075,1426,1.97938203811646,0.000134618348965887,28.5,2.54252898693085,1.01467046141624,0.00014184966130415,15,"#N/A","#N/A",NA,NA,"globose_solitary","compact",0.038700078,0.293827748253845,0.208835544889985,0.378483437041665,0.203345661531857,0.772280554778956,0.0803607351397166,0.117420769029018,39916.27047
"1034","Thelocactus_setispinus",14,45,6,0.363658025860786,23.55,30.15,15.65,568.5,89.75,22.5,43.5,209.3,77.35,171,82.8,11.3,0.430999994277954,561.75,36.2500000000001,10.65,25.9,28.7500000000001,16.7500000000001,915,144.06,143.5,0.463512390851974,3.32289982907241e-05,5.25,0.443455144762993,0.165667854249477,3.41450122505194e-05,30,"11","11",NA,NA,"globose_solitary","compact",0.038700078,0.294026153788798,0.209251066330321,0.387022375252084,0.203088568939726,0.772612330301292,0.0620069287648433,0.210625143924937,34676.72513
"1035","Thelocactus_tulensis",14,37,4,0.367941185832024,17.95,21.3,13.2500000000001,513.7,87.45,10.9,64.7,240.75,48.3,214.5,51.25,12,0.584999990463257,324.25,27.85,6.75000000000006,20.5,20.7500000000001,13.7500000000001,840.55,117.92,1658.5,3.75058043003082,0.00024358128575841,54.25,4.56742262840271,1.8334196805954,0.000267617986537516,25,"#N/A","#N/A",NA,NA,"globose_solitary","compact",0.038700078,0.299465551956401,0.208485759813463,0.387318334176181,0.203068521591542,0.773039109895626,0.0618229297931314,0.295693783325244,32647.66877
"1036","Tunilla_corrugata",19,59,9,0.433408156037331,4.50000000000003,9.75000000000006,-1.94999999999999,365.85,82.7,5.6,85.25,204.3,23.65,145.45,30.05,12.1,0.507999992370605,510.5,16.2,-7.89999999999998,24.9,9.20000000000005,1.65000000000003,493.1,99.365,3491.5,4.99823999404907,0.000371489935787395,108,9.37064552307129,2.85180056095123,0.000493374827783555,10,"#N/A","#N/A","bee","ancestral","shrubby","arborescent",0.160704644,0.335174928865162,0.300674763980385,0.487010101691724,0.282427659612645,0.812013708424183,0.179412940007372,0.488384700640141,159192.3389
"1037","Tunilla_erectoclada",NA,NA,NA,NA,NA,NA,NA,NA,NA,NA,NA,NA,NA,NA,NA,NA,NA,NA,NA,NA,NA,NA,NA,NA,NA,NA,NA,NA,NA,NA,NA,NA,10,"#N/A","#N/A",NA,NA,"columnar","arborescent",0.160704644,0.335174928865162,0.301946787193407,0.487010101650199,0.283694823559795,0.812012886277186,0.247962615816555,0.488384700640141,NA
"1038","Tunilla_soehrensii",18,56,9,0.586374640464783,7.75000000000006,10.45,4.15000000000003,644.95,182,2,117.1,431.25,8.15,235.75,9.85,13.7,0.661999988555908,248.55,17.35,-3.94999999999999,20.8,9.65000000000003,4.20000000000005,929.5,110.72,3872.5,3.90061271190643,0.000268341900664382,66.5,5.52585053443909,2.02085781097412,0.0003151740093017,NA,"22","22",NA,NA,"columnar","arborescent",0.160704644,0.335174928865162,0.301946774226504,0.485472069862108,0.283694757827446,0.810931374424199,0.247962615816555,0.376306341308451,311501.1791
"1039","Turbinicarpus_alonsoi",14,36,4,0.359180361032486,21.2500000000001,24.15,17.55,525.3,103.6,7.6,78,277.3,36.2,142.5,36.2,10.7,0.56100001335144,264.4,30.55,11.55,19,22.95,17.55,856.5,120.94,1142,6.64736795425415,0.000903701293282211,176.5,14.8377075195312,5.72998046875,0.000942525337450206,11,"#N/A","#N/A",NA,NA,"globose_solitary","compact",0.039468331,0.569830586248869,0.241308637398123,1.54393824305394,0.222990300726786,1.24565073684555,0.164903654808056,1.41229190069856,NA
"1040","Turbinicarpus_beguinii",14,37,4,0.291399300098419,17.95,21.7500000000001,12.85,413.85,74.1,9,64.85,192,42.5,169.2,47.6,12.7,0.569000005722046,362.65,28.2500000000001,6.25000000000006,22,21.1,14.7500000000001,698.05,121.51,1660.75,2.71569514274597,0.000177622321643867,34.25,2.76023924350739,1.3069657087326,0.000157640126417391,10,"#N/A","#N/A",NA,NA,"globose_solitary","compact",0.038700604,0.560080955780447,0.267722981705292,0.631645652448787,0.256497207630492,1.01902775504092,0.132718155303085,0.58351761075239,61225.51577
"1041","Turbinicarpus_gielsdorfianus",NA,NA,NA,NA,NA,NA,NA,NA,NA,NA,NA,NA,NA,NA,NA,NA,NA,NA,NA,NA,NA,NA,NA,NA,NA,NA,NA,NA,NA,NA,NA,NA,7,"#N/A","#N/A","bee","ancestral","globose_solitary/globose_caespitose","compact",0.03869503,0.557401438716896,0.210696333442207,0.400223468249382,0.20396964572449,0.783024316659741,0.0836496436816161,0.354194482727689,NA
"1042","Turbinicarpus_laui",NA,NA,NA,NA,NA,NA,NA,NA,NA,NA,NA,NA,NA,NA,NA,NA,NA,NA,NA,NA,NA,NA,NA,NA,NA,NA,NA,NA,NA,NA,NA,NA,1.5,"#N/A","#N/A",NA,NA,"globose_solitary","compact",0.03869503,0.557432837265407,0.209348078732546,0.406681556975855,0.203166123320614,0.789181231477182,0.0589099531358471,0.425723429686539,NA
"1043","Turbinicarpus_lophophoroides",14,40,4,0.594090342521667,18.35,21.65,13.9,745.95,155,12.7,83.8,411.95,46,313.8,47.6,9.3,0.530000019073486,309.5,26.7500000000001,9.25000000000006,17.55,20.85,15.15,1138.85,119.575,1325.5,3.96982204914093,0.000305755878798664,61.5,5.22856760025024,2.09282577037811,0.000346099986927584,3.5,"#N/A","#N/A",NA,NA,"globose_solitary","compact",0.03869847,0.557424038268994,0.211492600902215,0.434847780983207,0.205500087325609,0.808363313523602,0.107126448968173,0.608872173168636,483.0420053
"1044","Turbinicarpus_mandragora",NA,NA,NA,NA,NA,NA,NA,NA,NA,NA,NA,NA,NA,NA,NA,NA,NA,NA,NA,NA,NA,NA,NA,NA,NA,NA,NA,NA,NA,NA,NA,NA,5,"#N/A","#N/A",NA,NA,"globose_solitary","compact",0.038700604,0.560080955780447,0.220532936663764,0.458707866582129,0.207740469021577,0.797216742844188,0.0824570599541002,0.363129478369418,NA
"1045","Turbinicarpus_pseudomacrochele",NA,NA,NA,NA,NA,NA,NA,NA,NA,NA,NA,NA,NA,NA,NA,NA,NA,NA,NA,NA,NA,NA,NA,NA,NA,NA,NA,NA,NA,NA,NA,NA,4,"#N/A","#N/A",NA,NA,"globose_solitary/globose_caespitose","compact",0.038694886,0.557711059098471,1.88925107186862,3.04781316326339,NA,NA,0.106688190625626,0.508215375143168,NA
"1046","Turbinicarpus_pseudopectinatus",14,38,4,0.406006291508675,17.35,20.95,12.7,555.75,100.95,11.95,66.4,272.4,51.15,226.3,54.3,11.6,0.576000022888184,326.9,27.15,6.55000000000001,20.3,20.45,13.55,897.9,116.985,1655.5,4.1335129737854,0.000263554742559791,59.5,5.00767588615417,2.24370431900024,0.000300409126793966,3,"#N/A","#N/A",NA,NA,"globose_solitary","compact",0.03869847,0.557424038268994,0.213022148193083,0.441987271775118,0.206746862814548,0.815075483883153,0.109661731662574,0.580248107635688,36927.89738
"1047","Turbinicarpus_saueri",14,37,4,0.337516412138939,19.2500000000001,22.6,14.65,483.4,85.3,9.55,65.9,231.1,41.85,204.4,43.25,11.8,0.569999980926514,323.8,29.5,8.60000000000002,20.6,21.85,15.95,798.3,120.535,1407.75,4.329669713974,0.000247871255851351,48,4.03409361839294,2.25303816795349,0.000264995280303992,5,"#N/A","#N/A",NA,NA,"globose_solitary","compact",0.03869847,0.557424038268994,0.211581086767562,0.433986913373939,0.205571669310807,0.807885442928501,0.112808401969381,0.571452177681821,8369.117263
"1048","Turbinicarpus_schmiedickeanus",14,37,4,0.333413004875183,18.15,21.45,13.45,482.5,82,10,64.75,222.05,44.7,201.25,46.85,12.4,0.58600001335144,320.8,28.35,7.15000000000003,21.1,20.8,14.2500000000001,797,119.76,1663.25,3.72988736629486,0.000255898266914301,46.75,3.99874758720398,1.6253941655159,0.000229504759772681,3,"#N/A","#N/A",NA,NA,"globose_solitary","compact",0.03869847,0.557424038268994,0.213022167182866,0.441987271044364,0.206746861938762,0.815075833625047,0.109661731662574,0.580248107635688,22827.079
"1049","Turbinicarpus_subterraneus",NA,NA,NA,NA,NA,NA,NA,NA,NA,NA,NA,NA,NA,NA,NA,NA,NA,NA,NA,NA,NA,NA,NA,NA,NA,NA,NA,NA,NA,NA,NA,NA,15,"#N/A","#N/A",NA,NA,"globose_solitary","compact",0.038700604,0.560080955780447,0.267722991861821,0.631645651731543,0.256497207186574,1.01902745599808,0.132718155303085,0.58351761075239,NA
"1050","Turbinicarpus_swobodae",16,40,4,0.394737631082535,20.7500000000001,25.05,15.45,591.4,125.9,15.2,66.1,273.4,59,219.1,60,11.6,0.56399998664856,378.2,30.2500000000001,9.65000000000003,20.6,24.45,15.95,945.3,129.08,830.5,1.30952048301697,8.12149737612344e-05,24,2.1200704574585,0.691150903701782,7.37161899451166e-05,3,"#N/A","#N/A",NA,NA,"globose_solitary","compact",0.03869503,0.55735601066442,0.210677523922706,0.395649729272935,0.203951370470582,0.778164030694314,0.0733335782578581,0.278832512770247,NA
"1051","Turbinicarpus_valdezianus",14,36,4,0.280864462256432,16.7500000000001,20.55,11.85,400.05,67.35,9.25,59.95,178.9,44.1,162.65,49.3,12.7,0.594999980926514,346.3,26.95,5.55000000000001,21.6,20.05,13.35,677.65,117.62,1855.5,1.79189699888229,0.000121863235108322,27,2.3600766658783,0.919709026813507,0.000106905816210201,2.5,"11","11",NA,NA,"globose_solitary","compact",0.038694886,0.557711059098471,1.88925164452427,3.04781316196213,NA,NA,0.106688190625626,0.508215375143168,18905.32786
"1052","Turbinicarpus_viereckii",14,38,4,0.386051446199417,17.55,20.8,13.05,537,85.95,10.9,66.5,240.95,46.85,230.3,47.5,12,0.588499999046326,315.85,27.35,7.05000000000001,20.2,20.3,13.55,872.55,117.33,1633.75,5.66751456260681,0.000374321738490835,89.5,7.58944630622864,3.12570226192474,0.000473114327178337,7,"#N/A","#N/A","bee","ancestral","globose_solitary/globose_caespitose","compact",0.03869847,0.557424038268994,0.211581091018574,0.434847780930714,0.205571668874037,0.808363254192937,0.112808401969381,0.608872173168636,4445.54937
"1053","Uebelmannia_pectinifera",NA,NA,NA,NA,NA,NA,NA,NA,NA,NA,NA,NA,NA,NA,NA,NA,NA,NA,NA,NA,NA,NA,NA,NA,NA,NA,NA,NA,NA,NA,NA,NA,75,"#N/A","#N/A","bee","ancestral","globose_solitary","compact",0.087464568,0.336032099764829,0.240385879616077,0.37841961480381,0.232203781769777,0.772280381269818,0.180637692146826,0.0667952505680646,NA
"1054","Weberbauerocereus_weberbaueri",18,59,9,0.401112258434296,9.05000000000001,10.15,8.30000000000004,373.85,100.8,2.9,118.3,275.8,10.2,41.3,12.25,9.9,0.720499992370605,77.75,15.65,1.80000000000004,14.1,9.00000000000003,8.35000000000002,635.4,104.78,3530,5.63979578018188,0.000415941030951217,113.25,9.6602201461792,3.00393354892731,0.000540200911927968,400,"#N/A","#N/A","bee, bird, bat, moth, ento","derived","shrubby","arborescent",0.095858486,0.613918669863698,0.21306844708319,0.400283062742278,0.203912477598112,0.77513361440344,0.0846593503287883,0.339817962516178,17392.14661
"1055","Weberocereus_frohningiorum",NA,NA,NA,NA,NA,NA,NA,NA,NA,NA,NA,NA,NA,NA,NA,NA,NA,NA,NA,NA,NA,NA,NA,NA,NA,NA,NA,NA,NA,NA,NA,NA,NA,"#N/A","#N/A",NA,NA,"Epiphytic","arborescent",0.198968381,0.766115834310173,0.220540358540875,0.444200830862691,0.207007867193059,0.785350803418877,0.0920255128112535,0.37765172557527,NA
"1056","Weberocereus_glaber",13,39,4,1.59706509113312,20.7500000000001,21.7500000000001,19.55,2134,427.85,8.5,89.35,1037.1,36,456.1,83.55,9.3,0.696999979019165,85.35,27.7500000000001,14.2500000000001,13.7,21.05,19.95,1871.55,131.38,1134.5,5.51984405517578,0.000404568607336842,109.5,9.35631561279297,3.00294935703278,0.000519128312589601,300,"11","11",NA,NA,"Epiphytic","arborescent",0.200087359,0.852377837494317,0.214543473205387,0.699617909137677,0.204341812587627,0.94476918943382,0.075299974293146,0.81789792300224,18494.59682
"1057","Weberocereus_imitans",NA,NA,NA,NA,NA,NA,NA,NA,NA,NA,NA,NA,NA,NA,NA,NA,NA,NA,NA,NA,NA,NA,NA,NA,NA,NA,NA,NA,NA,NA,NA,NA,NA,"#N/A","#N/A",NA,NA,"Epiphytic","arborescent",0.198968381,0.766115834310173,0.276791367408115,0.627465221635363,0.263443809557012,0.999583238906027,0.146964239295346,0.59919360116145,NA
"1058","Weberocereus_rosei",14,41,4,1.90371954441071,22.2500000000001,23.05,21.35,2291.45,446.4,67.7,68.9,1181.55,224.7,1171.1,231.1,5.85,0.759999990463257,68.9,25.6,17.85,7.7,23.05,21.45,2304.1,80.73,602.5,4.42064094543457,0.000330870738252997,98,8.44915533065796,2.39608550071716,0.000477499590488151,NA,"#N/A","#N/A",NA,NA,"Epiphytic","arborescent",0.198968381,0.766115834310173,0.276791355238347,0.627465222331015,0.26344381377158,0.999583189498939,0.146964239295346,0.59919360116145,31.99040317
"1059","Weberocereus_tonduzii",14,35,4,3.03963947296143,20.5,21.1,19.95,3514.4,535.45,48.25,62.4,1494.7,176.65,571.65,997.6,6.8,0.703999996185303,47.25,25.95,16.6,9.6,20.2500000000001,20.45,2264.5,116.79,1060.75,5.6945333480835,0.000425409860326909,123.25,10.9172868728638,3.28482031822205,0.000608228147029877,200,"#N/A","#N/A",NA,NA,"Epiphytic","arborescent",0.289275632,0.986564323521984,0.306317356607579,0.989129443162977,0.295225849622916,1.02438892319955,0.280355637829856,0.931744113720136,3395.253584
"1060","Weberocereus_trichophorus",NA,NA,NA,NA,NA,NA,NA,NA,NA,NA,NA,NA,NA,NA,NA,NA,NA,NA,NA,NA,NA,NA,NA,NA,NA,NA,NA,NA,NA,NA,NA,NA,600,"#N/A","#N/A",NA,NA,"Epiphytic","arborescent",0.198968381,0.766249966361995,0.321072051116483,0.810115868906897,0.319379777464638,1.23552450170585,0.130162741974307,0.539179227795682,NA
"1061","Weberocereus_tunilla",15,41,4,3.11695289611816,24.6,25.2500000000001,23.7500000000001,3579,474.35,81.1,50.8,1276.6,298.45,871.4,843.15,5.7,0.723000001907349,51.25,28.15,21.05,7.6,24.5,24.35,2416.2,116.87,196.75,3.92458927631378,0.000323937914799899,63.5,5.16988301277161,2.14469707012177,0.000368346431059763,600,"#N/A","#N/A","bat","derived","Epiphytic","arborescent",0.198968381,0.766249966361995,0.321072045115636,0.810115869615823,0.319379768220985,1.2355248141198,0.130162741974307,0.539179227795682,90464.0936
"1062","Yavia_cryptocarpa",NA,NA,NA,NA,NA,NA,NA,NA,NA,NA,NA,NA,NA,NA,NA,NA,NA,NA,NA,NA,NA,NA,NA,NA,NA,NA,NA,NA,NA,NA,NA,NA,4,"#N/A","#N/A",NA,NA,"globose_solitary","compact",0.077503747,0.33637261667343,0.211622225420712,0.379054069533685,0.203617939946261,0.772283279466355,0.0646738168393202,0.128113149910333,NA
"1063","Yungasocereus_inquisivensis",15,41,4,1.01897621154785,15.55,16.85,13.55,1192.25,217,32.75,57.9,554.2,122.65,482.2,122.65,8.7,0.697499990463257,132.9,20.5,7.85000000000002,12.4,16.8,13.7,1532.35,102.18,2139.5,8.98815822601318,0.00062346228514798,266,23.2908515930176,5.72480940818787,0.00094887989689596,500,"#N/A","#N/A","bat","derived","shrubby/arborescent","arborescent",0.091537402,0.611269648529319,0.2157082516134,0.409514680234641,0.204937066662806,0.777336775495683,0.0903409316166864,0.330274816160998,812.9745795
